25.4677,LCA_APOLLO,33.288
25.4684,Send_APOLLO,,0.045
25.4768,Receive_APOLLO,,0.362
25.4774,Receive_APOLLO,,0.106
30.508,Selection_APOLLO,,,1.262
37.4834,Control_APOLLO,,,,24.499
37.4844,Changes?_APOLLO,,,,,0.229
41.261,Control_APOLLO,,,,2.426
41.2615,Changes?_APOLLO,,,,,0.059
51.397,Control_APOLLO,,,,2.664
51.3977,Changes?_APOLLO,,,,,0.075
61.4415,Control_APOLLO,,,,2.41
61.4421,Changes?_APOLLO,,,,,0.065
71.4746,Control_APOLLO,,,,2.312
71.4752,Changes?_APOLLO,,,,,0.055
81.5354,Control_APOLLO,,,,2.35
81.5359,Changes?_APOLLO,,,,,0.053
91.6054,Control_APOLLO,,,,2.387
91.606,Changes?_APOLLO,,,,,0.058
101.645,Control_APOLLO,,,,2.252
101.646,Changes?_APOLLO,,,,,0.05
111.711,Control_APOLLO,,,,2.49
111.711,Changes?_APOLLO,,,,,0.072
121.707,Control_APOLLO,,,,2.27
121.708,Changes?_APOLLO,,,,,0.053
131.757,Control_APOLLO,,,,2.446
131.758,Changes?_APOLLO,,,,,0.052
141.815,Control_APOLLO,,,,2.673
141.816,Changes?_APOLLO,,,,,0.092
151.837,Control_APOLLO,,,,2.364
151.838,Changes?_APOLLO,,,,,0.063
162.186,Control_APOLLO,,,,3.043
162.187,Changes?_APOLLO,,,,,0.072
171.961,Control_APOLLO,,,,2.414
171.961,Changes?_APOLLO,,,,,0.076
182.558,Control_APOLLO,,,,3.137
182.559,Changes?_APOLLO,,,,,0.082
192.166,Control_APOLLO,,,,2.736
192.167,Changes?_APOLLO,,,,,0.077
202.151,Control_APOLLO,,,,2.32
202.152,Changes?_APOLLO,,,,,0.066
212.418,Control_APOLLO,,,,2.622
212.418,Changes?_APOLLO,,,,,0.076
222.419,Control_APOLLO,,,,2.427
222.42,Changes?_APOLLO,,,,,0.063
232.426,Control_APOLLO,,,,2.344
232.426,Changes?_APOLLO,,,,,0.072
242.527,Control_APOLLO,,,,2.553
242.528,Changes?_APOLLO,,,,,0.093
252.655,Control_APOLLO,,,,2.47
252.656,Changes?_APOLLO,,,,,0.081
262.7,Control_APOLLO,,,,2.405
262.701,Changes?_APOLLO,,,,,0.063
272.782,Control_APOLLO,,,,2.733
272.782,Changes?_APOLLO,,,,,0.074
282.829,Control_APOLLO,,,,2.495
282.829,Changes?_APOLLO,,,,,0.08
292.949,Control_APOLLO,,,,2.631
292.95,Changes?_APOLLO,,,,,0.073
303.049,Control_APOLLO,,,,2.606
303.05,Changes?_APOLLO,,,,,0.063
313.07,Control_APOLLO,,,,2.45
313.07,Changes?_APOLLO,,,,,0.083
323.085,Control_APOLLO,,,,2.51
323.086,Changes?_APOLLO,,,,,0.074
333.09,Control_APOLLO,,,,2.337
333.09,Changes?_APOLLO,,,,,0.051
343.172,Control_APOLLO,,,,2.776
343.173,Changes?_APOLLO,,,,,0.062
353.169,Control_APOLLO,,,,2.371
353.17,Changes?_APOLLO,,,,,0.08
363.149,Control_APOLLO,,,,2.358
363.149,Changes?_APOLLO,,,,,0.082
373.415,Control_APOLLO,,,,2.574
373.416,Changes?_APOLLO,,,,,0.071
383.445,Control_APOLLO,,,,2.488
383.446,Changes?_APOLLO,,,,,0.084
393.485,Control_APOLLO,,,,2.209
393.486,Changes?_APOLLO,,,,,0.068
403.5,Control_APOLLO,,,,2.582
403.501,Changes?_APOLLO,,,,,0.077
413.534,Control_APOLLO,,,,2.516
413.535,Changes?_APOLLO,,,,,0.125
423.568,Control_APOLLO,,,,2.293
423.568,Changes?_APOLLO,,,,,0.077
433.589,Control_APOLLO,,,,2.261
433.589,Changes?_APOLLO,,,,,0.08
443.61,Control_APOLLO,,,,2.49
443.611,Changes?_APOLLO,,,,,0.066
453.656,Control_APOLLO,,,,2.361
453.657,Changes?_APOLLO,,,,,0.074
463.695,Control_APOLLO,,,,2.464
463.696,Changes?_APOLLO,,,,,0.065
473.761,Control_APOLLO,,,,2.491
473.762,Changes?_APOLLO,,,,,0.067
483.831,Control_APOLLO,,,,2.492
483.831,Changes?_APOLLO,,,,,0.057
494.117,Control_APOLLO,,,,2.637
494.117,Changes?_APOLLO,,,,,0.069
503.899,Control_APOLLO,,,,2.399
503.9,Changes?_APOLLO,,,,,0.08
513.954,Control_APOLLO,,,,2.482
513.955,Changes?_APOLLO,,,,,0.066
524.023,Control_APOLLO,,,,2.492
524.024,Changes?_APOLLO,,,,,0.09
534.245,Control_APOLLO,,,,2.603
534.246,Changes?_APOLLO,,,,,0.095
544.622,Control_APOLLO,,,,2.696
544.628,Changes?_APOLLO,,,,,0.1
554.385,Control_APOLLO,,,,2.265
554.385,Changes?_APOLLO,,,,,0.076
564.387,Control_APOLLO,,,,2.444
564.387,Changes?_APOLLO,,,,,0.073
574.372,Control_APOLLO,,,,2.305
574.372,Changes?_APOLLO,,,,,0.056
584.611,Control_APOLLO,,,,2.228
584.612,Changes?_APOLLO,,,,,0.059
594.838,Control_APOLLO,,,,2.311
594.838,Changes?_APOLLO,,,,,0.049
605.059,Control_APOLLO,,,,2.355
605.059,Changes?_APOLLO,,,,,0.073
615.27,Control_APOLLO,,,,2.262
615.271,Changes?_APOLLO,,,,,0.056
625.518,Control_APOLLO,,,,2.42
625.518,Changes?_APOLLO,,,,,0.133
635.819,Control_APOLLO,,,,2.55
635.82,Changes?_APOLLO,,,,,0.087
645.855,Control_APOLLO,,,,2.474
645.855,Changes?_APOLLO,,,,,0.061
655.898,Control_APOLLO,,,,2.481
655.899,Changes?_APOLLO,,,,,0.066
665.903,Control_APOLLO,,,,2.447
665.904,Changes?_APOLLO,,,,,0.056
676.232,Control_APOLLO,,,,2.615
676.233,Changes?_APOLLO,,,,,0.081
686.261,Control_APOLLO,,,,2.315
686.261,Changes?_APOLLO,,,,,0.077
696.372,Control_APOLLO,,,,2.679
696.374,Changes?_APOLLO,,,,,0.118
706.402,Control_APOLLO,,,,2.515
706.403,Changes?_APOLLO,,,,,0.088
716.462,Control_APOLLO,,,,2.477
716.463,Changes?_APOLLO,,,,,0.076
726.522,Control_APOLLO,,,,2.258
726.522,Changes?_APOLLO,,,,,0.064
736.608,Control_APOLLO,,,,2.616
736.608,Changes?_APOLLO,,,,,0.063
746.654,Control_APOLLO,,,,2.407
746.655,Changes?_APOLLO,,,,,0.053
756.685,Control_APOLLO,,,,2.272
756.685,Changes?_APOLLO,,,,,0.078
766.745,Control_APOLLO,,,,2.279
766.746,Changes?_APOLLO,,,,,0.069
776.789,Control_APOLLO,,,,2.52
776.79,Changes?_APOLLO,,,,,0.058
786.809,Control_APOLLO,,,,2.539
786.809,Changes?_APOLLO,,,,,0.066
796.822,Control_APOLLO,,,,2.232
796.823,Changes?_APOLLO,,,,,0.065
806.788,Control_APOLLO,,,,2.356
806.789,Changes?_APOLLO,,,,,0.054
817.051,Control_APOLLO,,,,2.635
817.052,Changes?_APOLLO,,,,,0.078
827.04,Control_APOLLO,,,,2.429
827.04,Changes?_APOLLO,,,,,0.062
837.238,Control_APOLLO,,,,2.241
837.239,Changes?_APOLLO,,,,,0.068
847.45,Control_APOLLO,,,,2.381
847.451,Changes?_APOLLO,,,,,0.052
857.673,Control_APOLLO,,,,2.264
857.674,Changes?_APOLLO,,,,,0.065
867.911,Control_APOLLO,,,,2.327
867.911,Changes?_APOLLO,,,,,0.059
878.15,Control_APOLLO,,,,2.307
878.15,Changes?_APOLLO,,,,,0.058
888.365,Control_APOLLO,,,,2.364
888.366,Changes?_APOLLO,,,,,0.085
898.576,Control_APOLLO,,,,2.21
898.577,Changes?_APOLLO,,,,,0.05
908.89,Control_APOLLO,,,,2.688
908.89,Changes?_APOLLO,,,,,0.095
918.832,Control_APOLLO,,,,2.228
918.832,Changes?_APOLLO,,,,,0.05
929.085,Control_APOLLO,,,,2.375
929.085,Changes?_APOLLO,,,,,0.056
939.322,Control_APOLLO,,,,2.538
939.323,Changes?_APOLLO,,,,,0.056
949.546,Control_APOLLO,,,,2.246
949.547,Changes?_APOLLO,,,,,0.076
959.741,Control_APOLLO,,,,2.163
959.741,Changes?_APOLLO,,,,,0.05
969.979,Control_APOLLO,,,,2.292
969.98,Changes?_APOLLO,,,,,0.083
980.207,Control_APOLLO,,,,2.248
980.208,Changes?_APOLLO,,,,,0.061
990.411,Control_APOLLO,,,,2.208
990.411,Changes?_APOLLO,,,,,0.057
1000.69,Control_APOLLO,,,,2.48
1000.69,Changes?_APOLLO,,,,,0.073
1010.65,Control_APOLLO,,,,2.261
1010.65,Changes?_APOLLO,,,,,0.086
1020.89,Control_APOLLO,,,,2.371
1020.89,Changes?_APOLLO,,,,,0.06
1031.12,Control_APOLLO,,,,2.205
1031.12,Changes?_APOLLO,,,,,0.057
1041.33,Control_APOLLO,,,,2.397
1041.33,Changes?_APOLLO,,,,,0.059
1051.56,Control_APOLLO,,,,2.23
1051.56,Changes?_APOLLO,,,,,0.057
1061.75,Control_APOLLO,,,,2.236
1061.75,Changes?_APOLLO,,,,,0.063
1072.01,Control_APOLLO,,,,2.314
1072.01,Changes?_APOLLO,,,,,0.055
1082.23,Control_APOLLO,,,,2.229
1082.23,Changes?_APOLLO,,,,,0.059
1092.44,Control_APOLLO,,,,2.181
1092.45,Changes?_APOLLO,,,,,0.053
1102.64,Control_APOLLO,,,,2.167
1102.64,Changes?_APOLLO,,,,,0.079
1112.83,Control_APOLLO,,,,2.044
1112.83,Changes?_APOLLO,,,,,0.062
1123.08,Control_APOLLO,,,,2.397
1123.08,Changes?_APOLLO,,,,,0.087
1133.33,Control_APOLLO,,,,2.473
1133.33,Changes?_APOLLO,,,,,0.05
1143.31,Control_APOLLO,,,,2.388
1143.31,Changes?_APOLLO,,,,,0.055
1153.59,Control_APOLLO,,,,2.392
1153.59,Changes?_APOLLO,,,,,0.074
1163.63,Control_APOLLO,,,,2.526
1163.63,Changes?_APOLLO,,,,,0.052
1173.64,Control_APOLLO,,,,2.359
1173.64,Changes?_APOLLO,,,,,0.092
1183.61,Control_APOLLO,,,,2.182
1183.61,Changes?_APOLLO,,,,,0.078
1193.83,Control_APOLLO,,,,2.331
1193.83,Changes?_APOLLO,,,,,0.059
1204.04,Control_APOLLO,,,,2.06
1204.04,Changes?_APOLLO,,,,,0.057
1214.29,Control_APOLLO,,,,2.304
1214.3,Changes?_APOLLO,,,,,0.084
1224.52,Control_APOLLO,,,,2.337
1224.52,Changes?_APOLLO,,,,,0.076
1234.73,Control_APOLLO,,,,2.366
1234.73,Changes?_APOLLO,,,,,0.05
1244.94,Control_APOLLO,,,,2.176
1244.95,Changes?_APOLLO,,,,,0.092
1255.15,Control_APOLLO,,,,2.127
1255.15,Changes?_APOLLO,,,,,0.068
1265.36,Control_APOLLO,,,,2.356
1265.36,Changes?_APOLLO,,,,,0.061
1275.57,Control_APOLLO,,,,2.257
1275.57,Changes?_APOLLO,,,,,0.061
1285.81,Control_APOLLO,,,,2.369
1285.81,Changes?_APOLLO,,,,,0.062
1296.01,Control_APOLLO,,,,2.139
1296.01,Changes?_APOLLO,,,,,0.077
1306.25,Control_APOLLO,,,,2.412
1306.25,Changes?_APOLLO,,,,,0.058
1316.45,Control_APOLLO,,,,2.179
1316.46,Changes?_APOLLO,,,,,0.051
1326.72,Control_APOLLO,,,,2.46
1326.72,Changes?_APOLLO,,,,,0.068
1336.71,Control_APOLLO,,,,2.328
1336.71,Changes?_APOLLO,,,,,0.059
1346.94,Control_APOLLO,,,,2.354
1346.94,Changes?_APOLLO,,,,,0.097
1357.15,Control_APOLLO,,,,2.225
1357.15,Changes?_APOLLO,,,,,0.058
1367.37,Control_APOLLO,,,,2.322
1367.38,Changes?_APOLLO,,,,,0.093
1377.63,Control_APOLLO,,,,2.391
1377.63,Changes?_APOLLO,,,,,0.075
1387.95,Control_APOLLO,,,,2.718
1387.95,Changes?_APOLLO,,,,,0.06
1397.96,Control_APOLLO,,,,2.504
1397.96,Changes?_APOLLO,,,,,0.074
1408.28,Control_APOLLO,,,,2.512
1408.28,Changes?_APOLLO,,,,,0.077
1418.36,Control_APOLLO,,,,2.439
1418.36,Changes?_APOLLO,,,,,0.077
1428.56,Control_APOLLO,,,,2.672
1428.56,Changes?_APOLLO,,,,,0.076
1438.56,Control_APOLLO,,,,2.401
1438.56,Changes?_APOLLO,,,,,0.067
1448.81,Control_APOLLO,,,,2.223
1448.81,Changes?_APOLLO,,,,,0.051
1459.09,Control_APOLLO,,,,2.28
1459.09,Changes?_APOLLO,,,,,0.084
1469.14,Control_APOLLO,,,,2.339
1469.14,Changes?_APOLLO,,,,,0.074
1479.18,Control_APOLLO,,,,2.548
1479.18,Changes?_APOLLO,,,,,0.088
1489.2,Control_APOLLO,,,,2.418
1489.2,Changes?_APOLLO,,,,,0.1
1499.22,Control_APOLLO,,,,2.364
1499.22,Changes?_APOLLO,,,,,0.071
1509.25,Control_APOLLO,,,,2.497
1509.25,Changes?_APOLLO,,,,,0.094
1519.3,Control_APOLLO,,,,2.256
1519.3,Changes?_APOLLO,,,,,0.077
1529.33,Control_APOLLO,,,,2.555
1529.33,Changes?_APOLLO,,,,,0.076
1539.35,Control_APOLLO,,,,2.261
1539.35,Changes?_APOLLO,,,,,0.064
1549.36,Control_APOLLO,,,,2.638
1549.36,Changes?_APOLLO,,,,,0.076
1559.43,Control_APOLLO,,,,2.633
1559.43,Changes?_APOLLO,,,,,0.077
1569.47,Control_APOLLO,,,,2.437
1569.47,Changes?_APOLLO,,,,,0.06
1579.64,Control_APOLLO,,,,2.913
1579.64,Changes?_APOLLO,,,,,0.069
1589.92,Control_APOLLO,,,,3.414
1589.92,Changes?_APOLLO,,,,,0.093
1599.69,Control_APOLLO,,,,2.269
1599.69,Changes?_APOLLO,,,,,0.08
1609.76,Control_APOLLO,,,,2.286
1609.76,Changes?_APOLLO,,,,,0.091
1619.89,Control_APOLLO,,,,2.572
1619.89,Changes?_APOLLO,,,,,0.085
1630.23,Control_APOLLO,,,,2.693
1630.23,Changes?_APOLLO,,,,,0.119
1640.03,Control_APOLLO,,,,2.472
1640.04,Changes?_APOLLO,,,,,0.082
1650.07,Control_APOLLO,,,,2.317
1650.07,Changes?_APOLLO,,,,,0.082
1660.41,Control_APOLLO,,,,4.638
1660.41,Changes?_APOLLO,,,,,0.078
1670.17,Control_APOLLO,,,,2.399
1670.17,Changes?_APOLLO,,,,,0.068
1680.17,Control_APOLLO,,,,2.548
1680.18,Changes?_APOLLO,,,,,0.087
1690.69,Control_APOLLO,,,,4.431
1690.69,Changes?_APOLLO,,,,,0.35
1700.43,Control_APOLLO,,,,2.6
1700.43,Changes?_APOLLO,,,,,0.088
1710.69,Control_APOLLO,,,,2.454
1710.69,Changes?_APOLLO,,,,,0.098
1720.71,Control_APOLLO,,,,2.286
1720.71,Changes?_APOLLO,,,,,0.075
1730.73,Control_APOLLO,,,,2.511
1730.73,Changes?_APOLLO,,,,,0.105
1740.79,Control_APOLLO,,,,2.987
1740.79,Changes?_APOLLO,,,,,0.079
1750.84,Control_APOLLO,,,,2.499
1750.84,Changes?_APOLLO,,,,,0.077
1760.83,Control_APOLLO,,,,2.432
1760.83,Changes?_APOLLO,,,,,0.078
1771.12,Control_APOLLO,,,,2.45
1771.13,Changes?_APOLLO,,,,,0.076
1781.13,Control_APOLLO,,,,2.223
1781.13,Changes?_APOLLO,,,,,0.071
1791.14,Control_APOLLO,,,,2.288
1791.14,Changes?_APOLLO,,,,,0.085
1801.41,Control_APOLLO,,,,2.197
1801.41,Changes?_APOLLO,,,,,0.113
1811.44,Control_APOLLO,,,,2.379
1811.44,Changes?_APOLLO,,,,,0.093
1821.49,Control_APOLLO,,,,2.371
1821.49,Changes?_APOLLO,,,,,0.073
1831.49,Control_APOLLO,,,,2.249
1831.49,Changes?_APOLLO,,,,,0.059
1841.74,Control_APOLLO,,,,2.329
1841.74,Changes?_APOLLO,,,,,0.103
1851.79,Control_APOLLO,,,,2.298
1851.79,Changes?_APOLLO,,,,,0.076
1861.79,Control_APOLLO,,,,2.198
1861.79,Changes?_APOLLO,,,,,0.119
1872.12,Control_APOLLO,,,,2.431
1872.12,Changes?_APOLLO,,,,,0.064
1882.12,Control_APOLLO,,,,2.262
1882.12,Changes?_APOLLO,,,,,0.103
1892.1,Control_APOLLO,,,,2.426
1892.1,Changes?_APOLLO,,,,,0.091
1902.34,Control_APOLLO,,,,2.336
1902.34,Changes?_APOLLO,,,,,0.087
1912.59,Control_APOLLO,,,,2.522
1912.59,Changes?_APOLLO,,,,,0.083
1922.58,Control_APOLLO,,,,2.348
1922.58,Changes?_APOLLO,,,,,0.074
1932.79,Control_APOLLO,,,,2.347
1932.79,Changes?_APOLLO,,,,,0.106
1943.05,Control_APOLLO,,,,2.438
1943.05,Changes?_APOLLO,,,,,0.085
1953.08,Control_APOLLO,,,,2.246
1953.08,Changes?_APOLLO,,,,,0.055
1963.1,Control_APOLLO,,,,2.303
1963.1,Changes?_APOLLO,,,,,0.055
1973.15,Control_APOLLO,,,,2.243
1973.15,Changes?_APOLLO,,,,,0.073
1983.16,Control_APOLLO,,,,2.508
1983.16,Changes?_APOLLO,,,,,0.143
1993.35,Control_APOLLO,,,,2.256
1993.35,Changes?_APOLLO,,,,,0.078
2003.62,Control_APOLLO,,,,2.427
2003.62,Changes?_APOLLO,,,,,0.073
2013.65,Control_APOLLO,,,,2.36
2013.65,Changes?_APOLLO,,,,,0.082
2023.67,Control_APOLLO,,,,2.18
2023.67,Changes?_APOLLO,,,,,0.073
2033.65,Control_APOLLO,,,,2.149
2033.66,Changes?_APOLLO,,,,,0.095
2043.97,Control_APOLLO,,,,2.557
2043.97,Changes?_APOLLO,,,,,0.09
2053.99,Control_APOLLO,,,,2.488
2054,Changes?_APOLLO,,,,,0.074
2064.02,Control_APOLLO,,,,2.571
2064.03,Changes?_APOLLO,,,,,0.08
2074.04,Control_APOLLO,,,,2.409
2074.04,Changes?_APOLLO,,,,,0.058
2084.18,Control_APOLLO,,,,2.684
2084.18,Changes?_APOLLO,,,,,0.093
2094.24,Control_APOLLO,,,,2.362
2094.24,Changes?_APOLLO,,,,,0.056
2104.27,Control_APOLLO,,,,2.349
2104.27,Changes?_APOLLO,,,,,0.088
2114.3,Control_APOLLO,,,,2.349
2114.31,Changes?_APOLLO,,,,,0.082
2124.32,Control_APOLLO,,,,2.183
2124.32,Changes?_APOLLO,,,,,0.063
2134.35,Control_APOLLO,,,,2.447
2134.35,Changes?_APOLLO,,,,,0.071
2144.39,Control_APOLLO,,,,2.392
2144.39,Changes?_APOLLO,,,,,0.082
2154.42,Control_APOLLO,,,,2.586
2154.42,Changes?_APOLLO,,,,,0.082
2164.42,Control_APOLLO,,,,2.419
2164.42,Changes?_APOLLO,,,,,0.09
2174.67,Control_APOLLO,,,,2.338
2174.67,Changes?_APOLLO,,,,,0.061
2184.89,Control_APOLLO,,,,2.312
2184.89,Changes?_APOLLO,,,,,0.089
2195.18,Control_APOLLO,,,,2.34
2195.18,Changes?_APOLLO,,,,,0.086
2205.18,Control_APOLLO,,,,2.262
2205.18,Changes?_APOLLO,,,,,0.06
2215.26,Control_APOLLO,,,,2.416
2215.26,Changes?_APOLLO,,,,,0.055
2225.27,Control_APOLLO,,,,2.368
2225.27,Changes?_APOLLO,,,,,0.072
2235.31,Control_APOLLO,,,,2.41
2235.31,Changes?_APOLLO,,,,,0.066
2245.35,Control_APOLLO,,,,2.252
2245.35,Changes?_APOLLO,,,,,0.066
2255.37,Control_APOLLO,,,,2.502
2255.37,Changes?_APOLLO,,,,,0.088
2265.41,Control_APOLLO,,,,2.33
2265.41,Changes?_APOLLO,,,,,0.06
2275.43,Control_APOLLO,,,,2.316
2275.43,Changes?_APOLLO,,,,,0.049
2285.49,Control_APOLLO,,,,2.267
2285.49,Changes?_APOLLO,,,,,0.101
2295.5,Control_APOLLO,,,,2.354
2295.5,Changes?_APOLLO,,,,,0.073
2305.52,Control_APOLLO,,,,2.202
2305.52,Changes?_APOLLO,,,,,0.076
2315.55,Control_APOLLO,,,,2.445
2315.55,Changes?_APOLLO,,,,,0.075
2325.64,Control_APOLLO,,,,2.607
2325.64,Changes?_APOLLO,,,,,0.091
2335.69,Control_APOLLO,,,,2.355
2335.69,Changes?_APOLLO,,,,,0.078
2345.72,Control_APOLLO,,,,2.367
2345.72,Changes?_APOLLO,,,,,0.09
2355.73,Control_APOLLO,,,,2.362
2355.73,Changes?_APOLLO,,,,,0.073
2365.97,Control_APOLLO,,,,2.303
2365.97,Changes?_APOLLO,,,,,0.079
2376.17,Control_APOLLO,,,,2.128
2376.17,Changes?_APOLLO,,,,,0.062
2386.43,Control_APOLLO,,,,2.267
2386.43,Changes?_APOLLO,,,,,0.055
2396.43,Control_APOLLO,,,,2.233
2396.43,Changes?_APOLLO,,,,,0.074
2406.62,Control_APOLLO,,,,2.303
2406.63,Changes?_APOLLO,,,,,0.08
2416.84,Control_APOLLO,,,,2.069
2416.84,Changes?_APOLLO,,,,,0.095
2427.04,Control_APOLLO,,,,2.295
2427.05,Changes?_APOLLO,,,,,0.076
2437.31,Control_APOLLO,,,,2.174
2437.31,Changes?_APOLLO,,,,,0.068
2447.55,Control_APOLLO,,,,2.299
2447.55,Changes?_APOLLO,,,,,0.059
2457.79,Control_APOLLO,,,,2.335
2457.79,Changes?_APOLLO,,,,,0.067
2467.75,Control_APOLLO,,,,2.275
2467.75,Changes?_APOLLO,,,,,0.082
2477.94,Control_APOLLO,,,,2.393
2477.94,Changes?_APOLLO,,,,,0.075
2488.15,Control_APOLLO,,,,2.165
2488.15,Changes?_APOLLO,,,,,0.08
2498.36,Control_APOLLO,,,,2.343
2498.36,Changes?_APOLLO,,,,,0.078
2508.56,Control_APOLLO,,,,2.189
2508.56,Changes?_APOLLO,,,,,0.051
2518.77,Control_APOLLO,,,,2.447
2518.77,Changes?_APOLLO,,,,,0.1
2529,Control_APOLLO,,,,2.456
2529,Changes?_APOLLO,,,,,0.066
2539.22,Control_APOLLO,,,,2.287
2539.22,Changes?_APOLLO,,,,,0.06
2549.43,Control_APOLLO,,,,2.235
2549.43,Changes?_APOLLO,,,,,0.087
2559.63,Control_APOLLO,,,,2.288
2559.63,Changes?_APOLLO,,,,,0.082
2569.87,Control_APOLLO,,,,2.479
2569.87,Changes?_APOLLO,,,,,0.074
2580.13,Control_APOLLO,,,,2.659
2580.13,Changes?_APOLLO,,,,,0.076
2590.16,Control_APOLLO,,,,2.847
2590.16,Changes?_APOLLO,,,,,0.078
2600.12,Control_APOLLO,,,,2.319
2600.12,Changes?_APOLLO,,,,,0.06
2610.4,Control_APOLLO,,,,3.061
2610.4,Changes?_APOLLO,,,,,0.05
2620.55,Control_APOLLO,,,,3.766
2620.55,Changes?_APOLLO,,,,,0.056
2630.53,Control_APOLLO,,,,2.375
2630.53,Changes?_APOLLO,,,,,0.069
2640.74,Control_APOLLO,,,,2.267
2640.74,Changes?_APOLLO,,,,,0.053
2650.96,Control_APOLLO,,,,2.48
2650.96,Changes?_APOLLO,,,,,0.049
2661.16,Control_APOLLO,,,,2.308
2661.16,Changes?_APOLLO,,,,,0.057
2671.38,Control_APOLLO,,,,2.215
2671.38,Changes?_APOLLO,,,,,0.101
2681.59,Control_APOLLO,,,,2.336
2681.59,Changes?_APOLLO,,,,,0.051
2691.82,Control_APOLLO,,,,2.431
2691.82,Changes?_APOLLO,,,,,0.087
2702.03,Control_APOLLO,,,,2.325
2702.03,Changes?_APOLLO,,,,,0.063
2712.22,Control_APOLLO,,,,2.243
2712.22,Changes?_APOLLO,,,,,0.058
2722.53,Control_APOLLO,,,,3.03
2722.53,Changes?_APOLLO,,,,,0.087
2732.52,Control_APOLLO,,,,2.426
2732.52,Changes?_APOLLO,,,,,0.057
2742.55,Control_APOLLO,,,,2.69
2742.55,Changes?_APOLLO,,,,,0.063
2752.53,Control_APOLLO,,,,2.307
2752.53,Changes?_APOLLO,,,,,0.064
2762.75,Control_APOLLO,,,,2.463
2762.75,Changes?_APOLLO,,,,,0.059
2773.11,Control_APOLLO,,,,2.865
2773.11,Changes?_APOLLO,,,,,0.075
2783.06,Control_APOLLO,,,,2.292
2783.06,Changes?_APOLLO,,,,,0.07
2793.25,Control_APOLLO,,,,2.278
2793.25,Changes?_APOLLO,,,,,0.073
2803.43,Control_APOLLO,,,,2.099
2803.43,Changes?_APOLLO,,,,,0.069
2813.63,Control_APOLLO,,,,2.3
2813.63,Changes?_APOLLO,,,,,0.058
2823.86,Control_APOLLO,,,,2.317
2823.86,Changes?_APOLLO,,,,,0.054
2834.06,Control_APOLLO,,,,2.125
2834.06,Changes?_APOLLO,,,,,0.109
2844.26,Control_APOLLO,,,,2.592
2844.26,Changes?_APOLLO,,,,,0.084
2854.46,Control_APOLLO,,,,2.179
2854.46,Changes?_APOLLO,,,,,0.054
2864.66,Control_APOLLO,,,,2.339
2864.67,Changes?_APOLLO,,,,,0.1
2874.9,Control_APOLLO,,,,2.173
2874.9,Changes?_APOLLO,,,,,0.053
2885.13,Control_APOLLO,,,,2.244
2885.13,Changes?_APOLLO,,,,,0.066
2895.31,Control_APOLLO,,,,2.221
2895.31,Changes?_APOLLO,,,,,0.062
2905.52,Control_APOLLO,,,,2.104
2905.52,Changes?_APOLLO,,,,,0.085
2915.73,Control_APOLLO,,,,2.273
2915.73,Changes?_APOLLO,,,,,0.06
2925.93,Control_APOLLO,,,,2.169
2925.93,Changes?_APOLLO,,,,,0.055
2936.13,Control_APOLLO,,,,2.262
2936.14,Changes?_APOLLO,,,,,0.068
2946.36,Control_APOLLO,,,,2.226
2946.36,Changes?_APOLLO,,,,,0.056
2956.57,Control_APOLLO,,,,2.293
2956.57,Changes?_APOLLO,,,,,0.081
2966.78,Control_APOLLO,,,,2.153
2966.78,Changes?_APOLLO,,,,,0.057
2976.98,Control_APOLLO,,,,2.148
2976.98,Changes?_APOLLO,,,,,0.071
2987.32,Control_APOLLO,,,,3.049
2987.32,Changes?_APOLLO,,,,,0.058
2997.49,Control_APOLLO,,,,3.121
2997.49,Changes?_APOLLO,,,,,0.088
3007.45,Control_APOLLO,,,,2.359
3007.45,Changes?_APOLLO,,,,,0.067
3017.66,Control_APOLLO,,,,2.369
3017.66,Changes?_APOLLO,,,,,0.055
3027.87,Control_APOLLO,,,,2.322
3027.87,Changes?_APOLLO,,,,,0.068
3038.07,Control_APOLLO,,,,2.201
3038.08,Changes?_APOLLO,,,,,0.156
3048.27,Control_APOLLO,,,,2.369
3048.27,Changes?_APOLLO,,,,,0.066
3058.46,Control_APOLLO,,,,2.426
3058.46,Changes?_APOLLO,,,,,0.058
3068.66,Control_APOLLO,,,,2.255
3068.66,Changes?_APOLLO,,,,,0.08
3078.87,Control_APOLLO,,,,2.287
3078.87,Changes?_APOLLO,,,,,0.073
3089.08,Control_APOLLO,,,,2.352
3089.08,Changes?_APOLLO,,,,,0.051
3099.29,Control_APOLLO,,,,2.324
3099.29,Changes?_APOLLO,,,,,0.083
3109.52,Control_APOLLO,,,,2.314
3109.52,Changes?_APOLLO,,,,,0.051
3119.73,Control_APOLLO,,,,2.15
3119.73,Changes?_APOLLO,,,,,0.059
3129.95,Control_APOLLO,,,,2.428
3129.96,Changes?_APOLLO,,,,,0.061
3140.16,Control_APOLLO,,,,2.196
3140.16,Changes?_APOLLO,,,,,0.06
3150.36,Control_APOLLO,,,,2.262
3150.37,Changes?_APOLLO,,,,,0.061
3160.6,Control_APOLLO,,,,2.201
3160.6,Changes?_APOLLO,,,,,0.054
3170.83,Control_APOLLO,,,,2.162
3170.83,Changes?_APOLLO,,,,,0.072
3181.07,Control_APOLLO,,,,2.404
3181.07,Changes?_APOLLO,,,,,0.089
3191.33,Control_APOLLO,,,,2.318
3191.33,Changes?_APOLLO,,,,,0.09
3201.35,Control_APOLLO,,,,2.198
3201.35,Changes?_APOLLO,,,,,0.066
3211.38,Control_APOLLO,,,,2.425
3211.39,Changes?_APOLLO,,,,,0.075
3221.44,Control_APOLLO,,,,2.639
3221.44,Changes?_APOLLO,,,,,0.074
3231.44,Control_APOLLO,,,,2.233
3231.44,Changes?_APOLLO,,,,,0.073
3241.67,Control_APOLLO,,,,2.412
3241.67,Changes?_APOLLO,,,,,0.09
3251.87,Control_APOLLO,,,,2.208
3251.87,Changes?_APOLLO,,,,,0.057
3262.09,Control_APOLLO,,,,2.417
3262.09,Changes?_APOLLO,,,,,0.055
3272.34,Control_APOLLO,,,,2.556
3272.34,Changes?_APOLLO,,,,,0.083
3282.55,Control_APOLLO,,,,2.352
3282.55,Changes?_APOLLO,,,,,0.09
3292.8,Control_APOLLO,,,,2.518
3292.8,Changes?_APOLLO,,,,,0.056
3303.05,Control_APOLLO,,,,2.455
3303.05,Changes?_APOLLO,,,,,0.059
3313.31,Control_APOLLO,,,,2.706
3313.31,Changes?_APOLLO,,,,,0.071
3323.35,Control_APOLLO,,,,2.293
3323.35,Changes?_APOLLO,,,,,0.089
3333.4,Control_APOLLO,,,,2.377
3333.4,Changes?_APOLLO,,,,,0.107
3343.59,Control_APOLLO,,,,2.73
3343.59,Changes?_APOLLO,,,,,0.057
3353.57,Control_APOLLO,,,,2.202
3353.57,Changes?_APOLLO,,,,,0.073
3363.81,Control_APOLLO,,,,2.175
3363.81,Changes?_APOLLO,,,,,0.075
3374.09,Control_APOLLO,,,,2.259
3374.09,Changes?_APOLLO,,,,,0.08
3384.1,Control_APOLLO,,,,2.29
3384.1,Changes?_APOLLO,,,,,0.055
3394.11,Control_APOLLO,,,,2.334
3394.11,Changes?_APOLLO,,,,,0.079
3404.25,Control_APOLLO,,,,2.615
3404.25,Changes?_APOLLO,,,,,0.119
3414.27,Control_APOLLO,,,,2.392
3414.27,Changes?_APOLLO,,,,,0.085
3424.29,Control_APOLLO,,,,2.42
3424.29,Changes?_APOLLO,,,,,0.106
3434.31,Control_APOLLO,,,,2.486
3434.31,Changes?_APOLLO,,,,,0.088
3444.38,Control_APOLLO,,,,2.434
3444.38,Changes?_APOLLO,,,,,0.08
3454.42,Control_APOLLO,,,,2.322
3454.42,Changes?_APOLLO,,,,,0.056
3464.45,Control_APOLLO,,,,2.659
3464.46,Changes?_APOLLO,,,,,0.09
3474.51,Control_APOLLO,,,,2.594
3474.51,Changes?_APOLLO,,,,,0.064
3484.51,Control_APOLLO,,,,2.338
3484.51,Changes?_APOLLO,,,,,0.084
3494.57,Control_APOLLO,,,,2.246
3494.57,Changes?_APOLLO,,,,,0.065
3504.59,Control_APOLLO,,,,2.366
3504.59,Changes?_APOLLO,,,,,0.064
3514.63,Control_APOLLO,,,,2.587
3514.63,Changes?_APOLLO,,,,,0.067
3524.69,Control_APOLLO,,,,2.598
3524.69,Changes?_APOLLO,,,,,0.086
3534.68,Control_APOLLO,,,,2.595
3534.68,Changes?_APOLLO,,,,,0.052
3544.68,Control_APOLLO,,,,2.436
3544.68,Changes?_APOLLO,,,,,0.082
3554.89,Control_APOLLO,,,,2.307
3554.89,Changes?_APOLLO,,,,,0.086
3565.14,Control_APOLLO,,,,2.545
3565.14,Changes?_APOLLO,,,,,0.075
3575.37,Control_APOLLO,,,,2.372
3575.37,Changes?_APOLLO,,,,,0.072
3585.62,Control_APOLLO,,,,2.387
3585.62,Changes?_APOLLO,,,,,0.073
3595.95,Control_APOLLO,,,,2.772
3595.95,Changes?_APOLLO,,,,,0.09
3605.94,Control_APOLLO,,,,2.326
3605.94,Changes?_APOLLO,,,,,0.077
3616.18,Control_APOLLO,,,,2.517
3616.18,Changes?_APOLLO,,,,,0.072
3626.18,Control_APOLLO,,,,2.502
3626.18,Changes?_APOLLO,,,,,0.08
3636.24,Control_APOLLO,,,,2.535
3636.24,Changes?_APOLLO,,,,,0.076
3646.27,Control_APOLLO,,,,2.402
3646.27,Changes?_APOLLO,,,,,0.051
3656.33,Control_APOLLO,,,,2.791
3656.33,Changes?_APOLLO,,,,,0.097
3666.35,Control_APOLLO,,,,2.545
3666.35,Changes?_APOLLO,,,,,0.066
3676.43,Control_APOLLO,,,,2.247
3676.43,Changes?_APOLLO,,,,,0.047
3686.46,Control_APOLLO,,,,2.5
3686.46,Changes?_APOLLO,,,,,0.067
3696.47,Control_APOLLO,,,,2.568
3696.47,Changes?_APOLLO,,,,,0.074
3706.51,Control_APOLLO,,,,2.609
3706.51,Changes?_APOLLO,,,,,0.076
3716.57,Control_APOLLO,,,,2.412
3716.57,Changes?_APOLLO,,,,,0.075
3726.55,Control_APOLLO,,,,2.252
3726.55,Changes?_APOLLO,,,,,0.104
3736.82,Control_APOLLO,,,,2.4
3736.82,Changes?_APOLLO,,,,,0.097
3747.1,Control_APOLLO,,,,2.494
3747.1,Changes?_APOLLO,,,,,0.07
3757.1,Control_APOLLO,,,,2.465
3757.1,Changes?_APOLLO,,,,,0.074
3767.12,Control_APOLLO,,,,2.423
3767.12,Changes?_APOLLO,,,,,0.084
3777.23,Control_APOLLO,,,,2.961
3777.23,Changes?_APOLLO,,,,,0.058
3787.23,Control_APOLLO,,,,2.484
3787.24,Changes?_APOLLO,,,,,0.08
3797.28,Control_APOLLO,,,,2.52
3797.28,Changes?_APOLLO,,,,,0.092
3807.31,Control_APOLLO,,,,2.394
3807.31,Changes?_APOLLO,,,,,0.103
3817.36,Control_APOLLO,,,,2.624
3817.36,Changes?_APOLLO,,,,,0.103
3827.4,Control_APOLLO,,,,2.713
3827.4,Changes?_APOLLO,,,,,0.092
3837.42,Control_APOLLO,,,,2.429
3837.42,Changes?_APOLLO,,,,,0.079
3847.5,Control_APOLLO,,,,2.486
3847.5,Changes?_APOLLO,,,,,0.079
3857.5,Control_APOLLO,,,,2.393
3857.5,Changes?_APOLLO,,,,,0.085
3867.53,Control_APOLLO,,,,2.364
3867.53,Changes?_APOLLO,,,,,0.067
3877.53,Control_APOLLO,,,,2.427
3877.54,Changes?_APOLLO,,,,,0.089
3887.51,Control_APOLLO,,,,2.291
3887.51,Changes?_APOLLO,,,,,0.073
3897.8,Control_APOLLO,,,,2.72
3897.8,Changes?_APOLLO,,,,,0.061
3907.8,Control_APOLLO,,,,2.451
3907.8,Changes?_APOLLO,,,,,0.074
3917.75,Control_APOLLO,,,,2.223
3917.75,Changes?_APOLLO,,,,,0.065
3927.95,Control_APOLLO,,,,2.259
3927.95,Changes?_APOLLO,,,,,0.059
3938.17,Control_APOLLO,,,,2.382
3938.17,Changes?_APOLLO,,,,,0.124
3948.38,Control_APOLLO,,,,2.283
3948.38,Changes?_APOLLO,,,,,0.054
3958.57,Control_APOLLO,,,,2.258
3958.57,Changes?_APOLLO,,,,,0.055
3968.77,Control_APOLLO,,,,2.295
3968.77,Changes?_APOLLO,,,,,0.057
3978.99,Control_APOLLO,,,,2.473
3978.99,Changes?_APOLLO,,,,,0.061
3989.21,Control_APOLLO,,,,2.255
3989.21,Changes?_APOLLO,,,,,0.058
3999.42,Control_APOLLO,,,,2.202
3999.42,Changes?_APOLLO,,,,,0.08
4009.61,Control_APOLLO,,,,2.273
4009.61,Changes?_APOLLO,,,,,0.066
4019.82,Control_APOLLO,,,,2.433
4019.82,Changes?_APOLLO,,,,,0.07
4030.03,Control_APOLLO,,,,2.175
4030.03,Changes?_APOLLO,,,,,0.07
4040.22,Control_APOLLO,,,,2.256
4040.22,Changes?_APOLLO,,,,,0.078
4050.45,Control_APOLLO,,,,2.337
4050.45,Changes?_APOLLO,,,,,0.075
4060.43,Control_APOLLO,,,,2.204
4060.43,Changes?_APOLLO,,,,,0.075
4070.63,Control_APOLLO,,,,2.388
4070.63,Changes?_APOLLO,,,,,0.06
4080.83,Control_APOLLO,,,,2.253
4080.83,Changes?_APOLLO,,,,,0.069
4091.03,Control_APOLLO,,,,2.205
4091.03,Changes?_APOLLO,,,,,0.062
4101.26,Control_APOLLO,,,,2.347
4101.26,Changes?_APOLLO,,,,,0.052
4111.47,Control_APOLLO,,,,2.386
4111.47,Changes?_APOLLO,,,,,0.071
4121.67,Control_APOLLO,,,,2.434
4121.67,Changes?_APOLLO,,,,,0.058
4131.87,Control_APOLLO,,,,2.289
4131.87,Changes?_APOLLO,,,,,0.064
4142.09,Control_APOLLO,,,,2.275
4142.09,Changes?_APOLLO,,,,,0.062
4152.31,Control_APOLLO,,,,2.267
4152.31,Changes?_APOLLO,,,,,0.059
4162.52,Control_APOLLO,,,,2.318
4162.52,Changes?_APOLLO,,,,,0.059
4172.72,Control_APOLLO,,,,2.191
4172.72,Changes?_APOLLO,,,,,0.056
4182.93,Control_APOLLO,,,,2.285
4182.93,Changes?_APOLLO,,,,,0.061
4193.14,Control_APOLLO,,,,2.423
4193.14,Changes?_APOLLO,,,,,0.072
4203.37,Control_APOLLO,,,,2.284
4203.37,Changes?_APOLLO,,,,,0.089
4213.42,Control_APOLLO,,,,2.553
4213.42,Changes?_APOLLO,,,,,0.056
4223.39,Control_APOLLO,,,,2.388
4223.39,Changes?_APOLLO,,,,,0.08
4233.6,Control_APOLLO,,,,2.289
4233.6,Changes?_APOLLO,,,,,0.066
4243.83,Control_APOLLO,,,,2.454
4243.83,Changes?_APOLLO,,,,,0.056
4254.04,Control_APOLLO,,,,2.335
4254.04,Changes?_APOLLO,,,,,0.071
4264.21,Control_APOLLO,,,,2.095
4264.21,Changes?_APOLLO,,,,,0.062
4274.41,Control_APOLLO,,,,2.254
4274.41,Changes?_APOLLO,,,,,0.059
4284.64,Control_APOLLO,,,,2.382
4284.64,Changes?_APOLLO,,,,,0.084
4294.84,Control_APOLLO,,,,2.187
4294.84,Changes?_APOLLO,,,,,0.084
4305.06,Control_APOLLO,,,,2.434
4305.06,Changes?_APOLLO,,,,,0.06
4315.24,Control_APOLLO,,,,2.134
4315.24,Changes?_APOLLO,,,,,0.061
4325.46,Control_APOLLO,,,,2.451
4325.46,Changes?_APOLLO,,,,,0.066
4335.68,Control_APOLLO,,,,2.139
4335.68,Changes?_APOLLO,,,,,0.059
4345.89,Control_APOLLO,,,,2.12
4345.89,Changes?_APOLLO,,,,,0.07
4356.1,Control_APOLLO,,,,2.218
4356.1,Changes?_APOLLO,,,,,0.062
4366.29,Control_APOLLO,,,,2.061
4366.29,Changes?_APOLLO,,,,,0.058
4376.51,Control_APOLLO,,,,2.165
4376.51,Changes?_APOLLO,,,,,0.059
4386.76,Control_APOLLO,,,,2.46
4386.76,Changes?_APOLLO,,,,,0.052
4396.98,Control_APOLLO,,,,2.021
4396.98,Changes?_APOLLO,,,,,0.072
4407.24,Control_APOLLO,,,,2.337
4407.24,Changes?_APOLLO,,,,,0.059
4417.19,Control_APOLLO,,,,2.353
4417.19,Changes?_APOLLO,,,,,0.065
4427.42,Control_APOLLO,,,,2.286
4427.42,Changes?_APOLLO,,,,,0.074
4437.64,Control_APOLLO,,,,2.154
4437.64,Changes?_APOLLO,,,,,0.079
4447.94,Control_APOLLO,,,,2.253
4447.94,Changes?_APOLLO,,,,,0.077
4457.93,Control_APOLLO,,,,2.194
4457.93,Changes?_APOLLO,,,,,0.073
4468.28,Control_APOLLO,,,,2.617
4468.28,Changes?_APOLLO,,,,,0.074
4478.34,Control_APOLLO,,,,2.659
4478.34,Changes?_APOLLO,,,,,0.077
4488.35,Control_APOLLO,,,,2.343
4488.35,Changes?_APOLLO,,,,,0.07
4498.39,Control_APOLLO,,,,2.35
4498.39,Changes?_APOLLO,,,,,0.081
4508.41,Control_APOLLO,,,,2.267
4508.41,Changes?_APOLLO,,,,,0.079
4518.41,Control_APOLLO,,,,2.27
4518.41,Changes?_APOLLO,,,,,0.084
4528.71,Control_APOLLO,,,,2.491
4528.72,Changes?_APOLLO,,,,,0.093
4538.75,Control_APOLLO,,,,2.392
4538.75,Changes?_APOLLO,,,,,0.085
4548.77,Control_APOLLO,,,,2.292
4548.77,Changes?_APOLLO,,,,,0.083
4558.79,Control_APOLLO,,,,2.381
4558.79,Changes?_APOLLO,,,,,0.087
4568.82,Control_APOLLO,,,,2.41
4568.82,Changes?_APOLLO,,,,,0.088
4578.81,Control_APOLLO,,,,2.447
4578.81,Changes?_APOLLO,,,,,0.078
4589.1,Control_APOLLO,,,,2.508
4589.1,Changes?_APOLLO,,,,,0.085
4599.11,Control_APOLLO,,,,2.279
4599.11,Changes?_APOLLO,,,,,0.062
4609.15,Control_APOLLO,,,,2.382
4609.15,Changes?_APOLLO,,,,,0.076
4619.17,Control_APOLLO,,,,2.45
4619.17,Changes?_APOLLO,,,,,0.052
4629.22,Control_APOLLO,,,,2.526
4629.22,Changes?_APOLLO,,,,,0.052
4639.24,Control_APOLLO,,,,2.457
4639.24,Changes?_APOLLO,,,,,0.073
4649.26,Control_APOLLO,,,,2.322
4649.26,Changes?_APOLLO,,,,,0.068
4659.27,Control_APOLLO,,,,2.515
4659.27,Changes?_APOLLO,,,,,0.078
4669.32,Control_APOLLO,,,,2.478
4669.32,Changes?_APOLLO,,,,,0.087
4679.34,Control_APOLLO,,,,2.517
4679.34,Changes?_APOLLO,,,,,0.054
4689.38,Control_APOLLO,,,,2.402
4689.38,Changes?_APOLLO,,,,,0.092
4699.38,Control_APOLLO,,,,2.31
4699.38,Changes?_APOLLO,,,,,0.052
4709.64,Control_APOLLO,,,,2.508
4709.64,Changes?_APOLLO,,,,,0.056
4719.68,Control_APOLLO,,,,2.4
4719.68,Changes?_APOLLO,,,,,0.087
4729.73,Control_APOLLO,,,,2.476
4729.73,Changes?_APOLLO,,,,,0.083
4739.78,Control_APOLLO,,,,2.249
4739.78,Changes?_APOLLO,,,,,0.058
4749.83,Control_APOLLO,,,,2.29
4749.83,Changes?_APOLLO,,,,,0.062
4759.87,Control_APOLLO,,,,2.308
4759.87,Changes?_APOLLO,,,,,0.06
4769.86,Control_APOLLO,,,,2.379
4769.86,Changes?_APOLLO,,,,,0.08
4779.9,Control_APOLLO,,,,2.334
4779.9,Changes?_APOLLO,,,,,0.084
4789.91,Control_APOLLO,,,,2.35
4789.91,Changes?_APOLLO,,,,,0.068
4799.93,Control_APOLLO,,,,2.292
4799.93,Changes?_APOLLO,,,,,0.075
4809.97,Control_APOLLO,,,,2.625
4809.98,Changes?_APOLLO,,,,,0.09
4819.99,Control_APOLLO,,,,2.382
4819.99,Changes?_APOLLO,,,,,0.055
4829.98,Control_APOLLO,,,,2.2
4829.98,Changes?_APOLLO,,,,,0.093
4840.19,Control_APOLLO,,,,2.048
4840.19,Changes?_APOLLO,,,,,0.074
4850.44,Control_APOLLO,,,,2.225
4850.44,Changes?_APOLLO,,,,,0.09
4860.7,Control_APOLLO,,,,2.338
4860.7,Changes?_APOLLO,,,,,0.054
4870.7,Control_APOLLO,,,,2.368
4870.7,Changes?_APOLLO,,,,,0.071
4880.98,Control_APOLLO,,,,2.408
4880.98,Changes?_APOLLO,,,,,0.092
4891.03,Control_APOLLO,,,,2.657
4891.03,Changes?_APOLLO,,,,,0.085
4901.07,Control_APOLLO,,,,2.532
4901.07,Changes?_APOLLO,,,,,0.104
4911.1,Control_APOLLO,,,,2.435
4911.1,Changes?_APOLLO,,,,,0.069
4921.12,Control_APOLLO,,,,2.264
4921.12,Changes?_APOLLO,,,,,0.083
4931.13,Control_APOLLO,,,,2.418
4931.13,Changes?_APOLLO,,,,,0.103
4941.18,Control_APOLLO,,,,2.451
4941.18,Changes?_APOLLO,,,,,0.111
4951.2,Control_APOLLO,,,,2.484
4951.2,Changes?_APOLLO,,,,,0.076
4961.18,Control_APOLLO,,,,2.249
4961.18,Changes?_APOLLO,,,,,0.085
4971.42,Control_APOLLO,,,,2.256
4971.43,Changes?_APOLLO,,,,,0.061
4981.41,Control_APOLLO,,,,2.381
4981.41,Changes?_APOLLO,,,,,0.055
4991.65,Control_APOLLO,,,,2.087
4991.65,Changes?_APOLLO,,,,,0.11
5001.9,Control_APOLLO,,,,2.305
5001.9,Changes?_APOLLO,,,,,0.083
5011.93,Control_APOLLO,,,,2.363
5011.93,Changes?_APOLLO,,,,,0.093
5022.02,Control_APOLLO,,,,2.909
5022.02,Changes?_APOLLO,,,,,0.078
5032.07,Control_APOLLO,,,,2.465
5032.07,Changes?_APOLLO,,,,,0.105
5042.06,Control_APOLLO,,,,2.391
5042.06,Changes?_APOLLO,,,,,0.066
5052.09,Control_APOLLO,,,,2.616
5052.09,Changes?_APOLLO,,,,,0.074
5062.08,Control_APOLLO,,,,2.438
5062.08,Changes?_APOLLO,,,,,0.077
5072.34,Control_APOLLO,,,,2.309
5072.34,Changes?_APOLLO,,,,,0.075
5082.34,Control_APOLLO,,,,2.36
5082.34,Changes?_APOLLO,,,,,0.082
5092.59,Control_APOLLO,,,,2.311
5092.59,Changes?_APOLLO,,,,,0.076
5102.59,Control_APOLLO,,,,2.233
5102.59,Changes?_APOLLO,,,,,0.07
5112.93,Control_APOLLO,,,,2.511
5112.93,Changes?_APOLLO,,,,,0.093
5122.95,Control_APOLLO,,,,2.253
5122.95,Changes?_APOLLO,,,,,0.071
5133.2,Control_APOLLO,,,,2.228
5133.2,Changes?_APOLLO,,,,,0.074
5143.21,Control_APOLLO,,,,2.259
5143.21,Changes?_APOLLO,,,,,0.083
5153.23,Control_APOLLO,,,,2.215
5153.23,Changes?_APOLLO,,,,,0.084
5163.25,Control_APOLLO,,,,2.447
5163.25,Changes?_APOLLO,,,,,0.107
5173.26,Control_APOLLO,,,,2.322
5173.26,Changes?_APOLLO,,,,,0.07
5183.28,Control_APOLLO,,,,2.485
5183.28,Changes?_APOLLO,,,,,0.076
5193.29,Control_APOLLO,,,,2.471
5193.3,Changes?_APOLLO,,,,,0.073
5203.3,Control_APOLLO,,,,2.268
5203.3,Changes?_APOLLO,,,,,0.054
5213.34,Control_APOLLO,,,,2.312
5213.34,Changes?_APOLLO,,,,,0.078
5223.34,Control_APOLLO,,,,2.493
5223.34,Changes?_APOLLO,,,,,0.09
5233.6,Control_APOLLO,,,,2.338
5233.6,Changes?_APOLLO,,,,,0.086
5243.81,Control_APOLLO,,,,2.659
5243.81,Changes?_APOLLO,,,,,0.092
5253.78,Control_APOLLO,,,,2.23
5253.78,Changes?_APOLLO,,,,,0.1
5264.04,Control_APOLLO,,,,2.479
5264.04,Changes?_APOLLO,,,,,0.088
5274.04,Control_APOLLO,,,,2.437
5274.04,Changes?_APOLLO,,,,,0.073
5284.07,Control_APOLLO,,,,2.384
5284.07,Changes?_APOLLO,,,,,0.116
5294.07,Control_APOLLO,,,,2.346
5294.07,Changes?_APOLLO,,,,,0.078
5304.08,Control_APOLLO,,,,2.32
5304.08,Changes?_APOLLO,,,,,0.053
5314.05,Control_APOLLO,,,,2.298
5314.05,Changes?_APOLLO,,,,,0.093
5324.24,Control_APOLLO,,,,2.104
5324.24,Changes?_APOLLO,,,,,0.1
5334.45,Control_APOLLO,,,,2.329
5334.45,Changes?_APOLLO,,,,,0.061
5344.66,Control_APOLLO,,,,2.429
5344.66,Changes?_APOLLO,,,,,0.082
5354.96,Control_APOLLO,,,,3.037
5354.96,Changes?_APOLLO,,,,,0.07
5364.93,Control_APOLLO,,,,2.311
5364.93,Changes?_APOLLO,,,,,0.061
5375.13,Control_APOLLO,,,,2.288
5375.13,Changes?_APOLLO,,,,,0.073
5385.33,Control_APOLLO,,,,2.088
5385.34,Changes?_APOLLO,,,,,0.098
5395.56,Control_APOLLO,,,,2.197
5395.56,Changes?_APOLLO,,,,,0.057
5405.78,Control_APOLLO,,,,2.27
5405.78,Changes?_APOLLO,,,,,0.056
5415.99,Control_APOLLO,,,,2.312
5416,Changes?_APOLLO,,,,,0.064
5426.2,Control_APOLLO,,,,2.334
5426.2,Changes?_APOLLO,,,,,0.057
5436.41,Control_APOLLO,,,,2.098
5436.41,Changes?_APOLLO,,,,,0.075
5446.59,Control_APOLLO,,,,2.141
5446.59,Changes?_APOLLO,,,,,0.066
5457.07,Control_APOLLO,,,,3.526
5457.07,Changes?_APOLLO,,,,,0.048
5467.02,Control_APOLLO,,,,2.125
5467.02,Changes?_APOLLO,,,,,0.058
5477.25,Control_APOLLO,,,,2.338
5477.25,Changes?_APOLLO,,,,,0.069
5487.49,Control_APOLLO,,,,2.32
5487.49,Changes?_APOLLO,,,,,0.114
5497.72,Control_APOLLO,,,,2.423
5497.72,Changes?_APOLLO,,,,,0.089
5507.9,Control_APOLLO,,,,2.234
5507.9,Changes?_APOLLO,,,,,0.059
5518.11,Control_APOLLO,,,,2.242
5518.11,Changes?_APOLLO,,,,,0.061
5528.33,Control_APOLLO,,,,2.183
5528.33,Changes?_APOLLO,,,,,0.074
5538.81,Control_APOLLO,,,,3.467
5538.81,Changes?_APOLLO,,,,,0.095
5549.02,Control_APOLLO,,,,3.991
5549.02,Changes?_APOLLO,,,,,0.082
5559.17,Control_APOLLO,,,,3.743
5559.17,Changes?_APOLLO,,,,,0.075
5569.11,Control_APOLLO,,,,2.284
5569.12,Changes?_APOLLO,,,,,0.073
5579.37,Control_APOLLO,,,,2.261
5579.37,Changes?_APOLLO,,,,,0.055
5589.37,Control_APOLLO,,,,2.329
5589.37,Changes?_APOLLO,,,,,0.056
5599.34,Control_APOLLO,,,,2.28
5599.34,Changes?_APOLLO,,,,,0.057
5609.71,Control_APOLLO,,,,3.279
5609.71,Changes?_APOLLO,,,,,0.064
5619.76,Control_APOLLO,,,,3.388
5619.76,Changes?_APOLLO,,,,,0.062
5629.76,Control_APOLLO,,,,2.406
5629.76,Changes?_APOLLO,,,,,0.075
5639.96,Control_APOLLO,,,,2.286
5639.96,Changes?_APOLLO,,,,,0.085
5650.16,Control_APOLLO,,,,2.53
5650.16,Changes?_APOLLO,,,,,0.057
5660.38,Control_APOLLO,,,,2.297
5660.38,Changes?_APOLLO,,,,,0.062
5670.65,Control_APOLLO,,,,2.509
5670.65,Changes?_APOLLO,,,,,0.052
5680.71,Control_APOLLO,,,,2.469
5680.71,Changes?_APOLLO,,,,,0.08
5690.71,Control_APOLLO,,,,2.598
5690.72,Changes?_APOLLO,,,,,0.082
5700.78,Control_APOLLO,,,,2.747
5700.78,Changes?_APOLLO,,,,,0.092
5710.75,Control_APOLLO,,,,2.351
5710.75,Changes?_APOLLO,,,,,0.081
5721.36,Control_APOLLO,,,,3.633
5721.36,Changes?_APOLLO,,,,,0.082
5731.37,Control_APOLLO,,,,3.498
5731.37,Changes?_APOLLO,,,,,0.061
5741.52,Control_APOLLO,,,,3.177
5741.52,Changes?_APOLLO,,,,,0.092
5751.83,Control_APOLLO,,,,3.682
5751.83,Changes?_APOLLO,,,,,0.053
5761.52,Control_APOLLO,,,,2.282
5761.52,Changes?_APOLLO,,,,,0.052
5771.84,Control_APOLLO,,,,3.054
5771.84,Changes?_APOLLO,,,,,0.088
5781.81,Control_APOLLO,,,,2.444
5781.81,Changes?_APOLLO,,,,,0.086
5792.2,Control_APOLLO,,,,3.655
5792.2,Changes?_APOLLO,,,,,0.239
5802.35,Control_APOLLO,,,,3.613
5802.35,Changes?_APOLLO,,,,,0.155
5812.34,Control_APOLLO,,,,2.409
5812.34,Changes?_APOLLO,,,,,0.088
5822.52,Control_APOLLO,,,,2.242
5822.52,Changes?_APOLLO,,,,,0.06
5832.76,Control_APOLLO,,,,2.524
5832.76,Changes?_APOLLO,,,,,0.093
5843.09,Control_APOLLO,,,,3.041
5843.09,Changes?_APOLLO,,,,,0.058
5853.04,Control_APOLLO,,,,2.241
5853.04,Changes?_APOLLO,,,,,0.055
5863.24,Control_APOLLO,,,,2.286
5863.24,Changes?_APOLLO,,,,,0.058
5873.47,Control_APOLLO,,,,2.56
5873.48,Changes?_APOLLO,,,,,0.165
5883.68,Control_APOLLO,,,,2.132
5883.69,Changes?_APOLLO,,,,,0.06
5893.93,Control_APOLLO,,,,2.383
5893.93,Changes?_APOLLO,,,,,0.06
5904.16,Control_APOLLO,,,,2.463
5904.16,Changes?_APOLLO,,,,,0.058
5914.35,Control_APOLLO,,,,2.229
5914.35,Changes?_APOLLO,,,,,0.077
5924.56,Control_APOLLO,,,,2.346
5924.56,Changes?_APOLLO,,,,,0.064
5934.69,Control_APOLLO,,,,2.269
5934.69,Changes?_APOLLO,,,,,0.083
5944.93,Control_APOLLO,,,,2.323
5944.93,Changes?_APOLLO,,,,,0.135
5955.15,Control_APOLLO,,,,2.23
5955.15,Changes?_APOLLO,,,,,0.096
5966.15,Control_APOLLO,,,,3.32
5966.15,Changes?_APOLLO,,,,,0.111
5975.61,Control_APOLLO,,,,2.235
5975.61,Changes?_APOLLO,,,,,0.086
5985.96,Control_APOLLO,,,,3.15
5985.96,Changes?_APOLLO,,,,,0.062
5996.12,Control_APOLLO,,,,2.869
5996.12,Changes?_APOLLO,,,,,0.073
6006.09,Control_APOLLO,,,,2.358
6006.1,Changes?_APOLLO,,,,,0.054
6016.36,Control_APOLLO,,,,2.377
6016.36,Changes?_APOLLO,,,,,0.067
6026.36,Control_APOLLO,,,,2.24
6026.36,Changes?_APOLLO,,,,,0.083
6036.38,Control_APOLLO,,,,2.443
6036.39,Changes?_APOLLO,,,,,0.096
6046.4,Control_APOLLO,,,,2.315
6046.4,Changes?_APOLLO,,,,,0.076
6056.44,Control_APOLLO,,,,2.402
6056.44,Changes?_APOLLO,,,,,0.097
6066.43,Control_APOLLO,,,,2.461
6066.43,Changes?_APOLLO,,,,,0.081
6076.44,Control_APOLLO,,,,2.12
6076.44,Changes?_APOLLO,,,,,0.056
6086.45,Control_APOLLO,,,,2.175
6086.45,Changes?_APOLLO,,,,,0.072
6096.5,Control_APOLLO,,,,2.378
6096.5,Changes?_APOLLO,,,,,0.056
6106.51,Control_APOLLO,,,,2.504
6106.51,Changes?_APOLLO,,,,,0.06
6116.57,Control_APOLLO,,,,2.358
6116.57,Changes?_APOLLO,,,,,0.095
6126.61,Control_APOLLO,,,,2.266
6126.61,Changes?_APOLLO,,,,,0.072
6136.65,Control_APOLLO,,,,2.406
6136.65,Changes?_APOLLO,,,,,0.053
6146.69,Control_APOLLO,,,,2.302
6146.69,Changes?_APOLLO,,,,,0.076
6156.71,Control_APOLLO,,,,2.419
6156.71,Changes?_APOLLO,,,,,0.074
6166.73,Control_APOLLO,,,,2.354
6166.74,Changes?_APOLLO,,,,,0.075
6176.87,Control_APOLLO,,,,2.653
6176.87,Changes?_APOLLO,,,,,0.089
6186.92,Control_APOLLO,,,,2.471
6186.92,Changes?_APOLLO,,,,,0.053
6196.96,Control_APOLLO,,,,2.551
6196.96,Changes?_APOLLO,,,,,0.056
6206.99,Control_APOLLO,,,,2.457
6206.99,Changes?_APOLLO,,,,,0.064
6217.01,Control_APOLLO,,,,2.362
6217.01,Changes?_APOLLO,,,,,0.079
6227.05,Control_APOLLO,,,,2.228
6227.05,Changes?_APOLLO,,,,,0.067
6237.09,Control_APOLLO,,,,2.123
6237.09,Changes?_APOLLO,,,,,0.077
6247.13,Control_APOLLO,,,,2.712
6247.13,Changes?_APOLLO,,,,,0.054
6257.16,Control_APOLLO,,,,2.707
6257.16,Changes?_APOLLO,,,,,0.095
6267.25,Control_APOLLO,,,,2.616
6267.25,Changes?_APOLLO,,,,,0.085
6277.56,Control_APOLLO,,,,3.122
6277.56,Changes?_APOLLO,,,,,0.087
6287.39,Control_APOLLO,,,,2.593
6287.39,Changes?_APOLLO,,,,,0.063
6297.37,Control_APOLLO,,,,2.535
6297.37,Changes?_APOLLO,,,,,0.078
6307.64,Control_APOLLO,,,,2.363
6307.64,Changes?_APOLLO,,,,,0.105
6317.68,Control_APOLLO,,,,2.502
6317.68,Changes?_APOLLO,,,,,0.103
6328.48,Control_APOLLO,,,,3.097
6328.48,Changes?_APOLLO,,,,,0.086
6337.82,Control_APOLLO,,,,2.692
6337.82,Changes?_APOLLO,,,,,0.063
6347.83,Control_APOLLO,,,,2.404
6347.83,Changes?_APOLLO,,,,,0.058
6357.88,Control_APOLLO,,,,2.375
6357.88,Changes?_APOLLO,,,,,0.073
6367.87,Control_APOLLO,,,,2.528
6367.87,Changes?_APOLLO,,,,,0.075
6377.88,Control_APOLLO,,,,2.393
6377.88,Changes?_APOLLO,,,,,0.084
6388.11,Control_APOLLO,,,,2.307
6388.11,Changes?_APOLLO,,,,,0.061
6398.35,Control_APOLLO,,,,2.507
6398.35,Changes?_APOLLO,,,,,0.091
6408.8,Control_APOLLO,,,,2.914
6408.8,Changes?_APOLLO,,,,,0.096
6418.81,Control_APOLLO,,,,2.394
6418.81,Changes?_APOLLO,,,,,0.086
6429.18,Control_APOLLO,,,,2.924
6429.18,Changes?_APOLLO,,,,,0.089
6438.99,Control_APOLLO,,,,2.407
6438.99,Changes?_APOLLO,,,,,0.058
6449.04,Control_APOLLO,,,,2.581
6449.04,Changes?_APOLLO,,,,,0.079
6459.07,Control_APOLLO,,,,2.58
6459.07,Changes?_APOLLO,,,,,0.086
6469.18,Control_APOLLO,,,,2.5
6469.18,Changes?_APOLLO,,,,,0.076
6479.22,Control_APOLLO,,,,2.422
6479.22,Changes?_APOLLO,,,,,0.094
6489.27,Control_APOLLO,,,,2.762
6489.27,Changes?_APOLLO,,,,,0.091
6499.28,Control_APOLLO,,,,2.558
6499.28,Changes?_APOLLO,,,,,0.077
6509.51,Control_APOLLO,,,,2.469
6509.51,Changes?_APOLLO,,,,,0.083
6519.69,Control_APOLLO,,,,2.296
6519.69,Changes?_APOLLO,,,,,0.084
6529.92,Control_APOLLO,,,,2.534
6529.92,Changes?_APOLLO,,,,,0.073
6540.12,Control_APOLLO,,,,2.324
6540.12,Changes?_APOLLO,,,,,0.061
6550.32,Control_APOLLO,,,,2.297
6550.32,Changes?_APOLLO,,,,,0.054
6560.57,Control_APOLLO,,,,2.526
6560.57,Changes?_APOLLO,,,,,0.106
6570.8,Control_APOLLO,,,,2.872
6570.8,Changes?_APOLLO,,,,,0.079
6580.9,Control_APOLLO,,,,2.521
6580.9,Changes?_APOLLO,,,,,0.107
6590.93,Control_APOLLO,,,,2.371
6590.93,Changes?_APOLLO,,,,,0.066
6600.92,Control_APOLLO,,,,2.196
6600.92,Changes?_APOLLO,,,,,0.085
6611.14,Control_APOLLO,,,,2.375
6611.14,Changes?_APOLLO,,,,,0.079
6621.38,Control_APOLLO,,,,2.716
6621.39,Changes?_APOLLO,,,,,0.068
6631.65,Control_APOLLO,,,,2.307
6631.65,Changes?_APOLLO,,,,,0.077
6641.62,Control_APOLLO,,,,2.445
6641.62,Changes?_APOLLO,,,,,0.08
6651.87,Control_APOLLO,,,,2.633
6651.87,Changes?_APOLLO,,,,,0.117
6662.13,Control_APOLLO,,,,2.532
6662.13,Changes?_APOLLO,,,,,0.077
6672.13,Control_APOLLO,,,,2.21
6672.13,Changes?_APOLLO,,,,,0.083
6682.56,Control_APOLLO,,,,2.74
6682.56,Changes?_APOLLO,,,,,0.071
6692.7,Control_APOLLO,,,,2.696
6692.7,Changes?_APOLLO,,,,,0.086
6702.76,Control_APOLLO,,,,2.42
6702.76,Changes?_APOLLO,,,,,0.091
6712.86,Control_APOLLO,,,,2.499
6712.86,Changes?_APOLLO,,,,,0.079
6723.21,Control_APOLLO,,,,3.242
6723.21,Changes?_APOLLO,,,,,0.099
6733.1,Control_APOLLO,,,,2.578
6733.1,Changes?_APOLLO,,,,,0.107
6743.1,Control_APOLLO,,,,2.257
6743.1,Changes?_APOLLO,,,,,0.067
6753.37,Control_APOLLO,,,,2.622
6753.37,Changes?_APOLLO,,,,,0.067
6763.4,Control_APOLLO,,,,2.327
6763.4,Changes?_APOLLO,,,,,0.084
6773.42,Control_APOLLO,,,,2.608
6773.43,Changes?_APOLLO,,,,,0.075
6783.43,Control_APOLLO,,,,2.282
6783.43,Changes?_APOLLO,,,,,0.09
6793.47,Control_APOLLO,,,,2.462
6793.47,Changes?_APOLLO,,,,,0.081
6803.48,Control_APOLLO,,,,2.647
6803.48,Changes?_APOLLO,,,,,0.085
6813.49,Control_APOLLO,,,,2.349
6813.5,Changes?_APOLLO,,,,,0.058
6823.51,Control_APOLLO,,,,2.386
6823.51,Changes?_APOLLO,,,,,0.07
6833.58,Control_APOLLO,,,,2.846
6833.58,Changes?_APOLLO,,,,,0.073
6843.58,Control_APOLLO,,,,2.299
6843.58,Changes?_APOLLO,,,,,0.077
6853.6,Control_APOLLO,,,,2.341
6853.6,Changes?_APOLLO,,,,,0.064
6863.6,Control_APOLLO,,,,2.219
6863.6,Changes?_APOLLO,,,,,0.085
6873.61,Control_APOLLO,,,,2.36
6873.61,Changes?_APOLLO,,,,,0.077
6883.89,Control_APOLLO,,,,2.561
6883.89,Changes?_APOLLO,,,,,0.077
6893.9,Control_APOLLO,,,,2.345
6893.9,Changes?_APOLLO,,,,,0.063
6903.91,Control_APOLLO,,,,2.538
6903.92,Changes?_APOLLO,,,,,0.075
6913.96,Control_APOLLO,,,,2.899
6913.96,Changes?_APOLLO,,,,,0.055
6924.02,Control_APOLLO,,,,2.401
6924.02,Changes?_APOLLO,,,,,0.059
6934.05,Control_APOLLO,,,,2.284
6934.05,Changes?_APOLLO,,,,,0.061
6944.07,Control_APOLLO,,,,2.485
6944.07,Changes?_APOLLO,,,,,0.08
6954.08,Control_APOLLO,,,,2.351
6954.08,Changes?_APOLLO,,,,,0.065
6964.12,Control_APOLLO,,,,2.402
6964.12,Changes?_APOLLO,,,,,0.09
6974.11,Control_APOLLO,,,,2.286
6974.11,Changes?_APOLLO,,,,,0.054
6984.13,Control_APOLLO,,,,2.281
6984.13,Changes?_APOLLO,,,,,0.054
6994.14,Control_APOLLO,,,,2.247
6994.14,Changes?_APOLLO,,,,,0.058
7004.4,Control_APOLLO,,,,2.432
7004.4,Changes?_APOLLO,,,,,0.056
7014.45,Control_APOLLO,,,,2.351
7014.45,Changes?_APOLLO,,,,,0.081
7024.44,Control_APOLLO,,,,2.208
7024.44,Changes?_APOLLO,,,,,0.092
7034.74,Control_APOLLO,,,,3.054
7034.74,Changes?_APOLLO,,,,,0.085
7044.77,Control_APOLLO,,,,2.216
7044.77,Changes?_APOLLO,,,,,0.073
7054.77,Control_APOLLO,,,,2.318
7054.77,Changes?_APOLLO,,,,,0.071
7065.02,Control_APOLLO,,,,2.394
7065.02,Changes?_APOLLO,,,,,0.075
7075.23,Control_APOLLO,,,,2.292
7075.23,Changes?_APOLLO,,,,,0.072
7085.48,Control_APOLLO,,,,2.322
7085.48,Changes?_APOLLO,,,,,0.086
7095.71,Control_APOLLO,,,,2.315
7095.71,Changes?_APOLLO,,,,,0.124
7105.98,Control_APOLLO,,,,2.605
7105.99,Changes?_APOLLO,,,,,0.065
7115.98,Control_APOLLO,,,,2.388
7115.98,Changes?_APOLLO,,,,,0.069
7126.27,Control_APOLLO,,,,2.951
7126.27,Changes?_APOLLO,,,,,0.087
7136.06,Control_APOLLO,,,,2.558
7136.06,Changes?_APOLLO,,,,,0.089
7146.12,Control_APOLLO,,,,2.425
7146.12,Changes?_APOLLO,,,,,0.085
7156.24,Control_APOLLO,,,,2.792
7156.24,Changes?_APOLLO,,,,,0.077
7166.41,Control_APOLLO,,,,2.674
7166.41,Changes?_APOLLO,,,,,0.055
7176.4,Control_APOLLO,,,,2.611
7176.4,Changes?_APOLLO,,,,,0.076
7186.42,Control_APOLLO,,,,2.447
7186.42,Changes?_APOLLO,,,,,0.061
7196.45,Control_APOLLO,,,,2.62
7196.45,Changes?_APOLLO,,,,,0.086
7206.47,Control_APOLLO,,,,2.337
7206.47,Changes?_APOLLO,,,,,0.105
7216.52,Control_APOLLO,,,,2.331
7216.52,Changes?_APOLLO,,,,,0.093
7226.52,Control_APOLLO,,,,2.602
7226.52,Changes?_APOLLO,,,,,0.068
7236.77,Control_APOLLO,,,,2.401
7236.77,Changes?_APOLLO,,,,,0.075
7246.84,Control_APOLLO,,,,2.515
7246.84,Changes?_APOLLO,,,,,0.083
7256.96,Control_APOLLO,,,,2.6
7256.96,Changes?_APOLLO,,,,,0.075
7267.04,Control_APOLLO,,,,2.909
7267.04,Changes?_APOLLO,,,,,0.127
7277.08,Control_APOLLO,,,,2.499
7277.08,Changes?_APOLLO,,,,,0.059
7287.16,Control_APOLLO,,,,2.78
7287.16,Changes?_APOLLO,,,,,0.068
7297.2,Control_APOLLO,,,,2.805
7297.2,Changes?_APOLLO,,,,,0.139
7307.23,Control_APOLLO,,,,2.618
7307.24,Changes?_APOLLO,,,,,0.119
7317.26,Control_APOLLO,,,,2.406
7317.26,Changes?_APOLLO,,,,,0.325
7327.29,Control_APOLLO,,,,2.499
7327.29,Changes?_APOLLO,,,,,0.083
7337.26,Control_APOLLO,,,,2.314
7337.26,Changes?_APOLLO,,,,,0.158
7347.53,Control_APOLLO,,,,2.431
7347.54,Changes?_APOLLO,,,,,0.086
7357.56,Control_APOLLO,,,,2.498
7357.56,Changes?_APOLLO,,,,,0.09
7367.75,Control_APOLLO,,,,2.818
7367.75,Changes?_APOLLO,,,,,0.106
7377.81,Control_APOLLO,,,,2.86
7377.81,Changes?_APOLLO,,,,,0.156
7387.84,Control_APOLLO,,,,2.638
7387.84,Changes?_APOLLO,,,,,0.079
7397.87,Control_APOLLO,,,,2.572
7397.87,Changes?_APOLLO,,,,,0.079
7408.15,Control_APOLLO,,,,2.54
7408.15,Changes?_APOLLO,,,,,0.096
7418.18,Control_APOLLO,,,,2.656
7418.18,Changes?_APOLLO,,,,,0.091
7428.18,Control_APOLLO,,,,2.485
7428.19,Changes?_APOLLO,,,,,0.073
7438.4,Control_APOLLO,,,,3.798
7438.4,Changes?_APOLLO,,,,,0.054
7448.44,Control_APOLLO,,,,2.531
7448.44,Changes?_APOLLO,,,,,0.1
7458.52,Control_APOLLO,,,,2.636
7458.52,Changes?_APOLLO,,,,,0.109
7468.71,Control_APOLLO,,,,2.986
7468.71,Changes?_APOLLO,,,,,0.052
7478.74,Control_APOLLO,,,,2.564
7478.74,Changes?_APOLLO,,,,,0.056
7489.14,Control_APOLLO,,,,3.368
7489.14,Changes?_APOLLO,,,,,0.151
7499.03,Control_APOLLO,,,,2.762
7499.03,Changes?_APOLLO,,,,,0.057
7509.65,Control_APOLLO,,,,3.807
7509.65,Changes?_APOLLO,,,,,0.141
7519.24,Control_APOLLO,,,,2.883
7519.24,Changes?_APOLLO,,,,,0.111
7529.24,Control_APOLLO,,,,2.538
7529.24,Changes?_APOLLO,,,,,0.084
7539.62,Control_APOLLO,,,,3.557
7539.62,Changes?_APOLLO,,,,,0.08
7549.6,Control_APOLLO,,,,3.36
7549.61,Changes?_APOLLO,,,,,0.053
7559.68,Control_APOLLO,,,,2.299
7559.68,Changes?_APOLLO,,,,,0.061
7570,Control_APOLLO,,,,2.856
7570,Changes?_APOLLO,,,,,0.073
7580.08,Control_APOLLO,,,,2.446
7580.09,Changes?_APOLLO,,,,,0.108
7590.06,Control_APOLLO,,,,2.282
7590.07,Changes?_APOLLO,,,,,0.053
7600.43,Control_APOLLO,,,,3.188
7600.43,Changes?_APOLLO,,,,,0.109
7610.19,Control_APOLLO,,,,2.36
7610.19,Changes?_APOLLO,,,,,0.078
7620.21,Control_APOLLO,,,,2.582
7620.21,Changes?_APOLLO,,,,,0.077
7630.29,Control_APOLLO,,,,2.652
7630.29,Changes?_APOLLO,,,,,0.066
7640.34,Control_APOLLO,,,,2.671
7640.34,Changes?_APOLLO,,,,,0.071
7650.4,Control_APOLLO,,,,2.381
7650.4,Changes?_APOLLO,,,,,0.052
7660.44,Control_APOLLO,,,,2.751
7660.44,Changes?_APOLLO,,,,,0.057
7670.5,Control_APOLLO,,,,2.326
7670.5,Changes?_APOLLO,,,,,0.055
7680.52,Control_APOLLO,,,,2.489
7680.52,Changes?_APOLLO,,,,,0.09
7690.58,Control_APOLLO,,,,2.586
7690.58,Changes?_APOLLO,,,,,0.05
7700.63,Control_APOLLO,,,,2.528
7700.63,Changes?_APOLLO,,,,,0.079
7710.69,Control_APOLLO,,,,2.764
7710.69,Changes?_APOLLO,,,,,0.076
7720.76,Control_APOLLO,,,,2.877
7720.76,Changes?_APOLLO,,,,,0.078
7730.82,Control_APOLLO,,,,2.821
7730.82,Changes?_APOLLO,,,,,0.092
7740.93,Control_APOLLO,,,,2.627
7740.93,Changes?_APOLLO,,,,,0.084
7750.95,Control_APOLLO,,,,2.307
7750.95,Changes?_APOLLO,,,,,0.081
7761.02,Control_APOLLO,,,,2.561
7761.02,Changes?_APOLLO,,,,,0.082
7771.14,Control_APOLLO,,,,2.379
7771.14,Changes?_APOLLO,,,,,0.113
7781.14,Control_APOLLO,,,,2.66
7781.14,Changes?_APOLLO,,,,,0.063
7791.23,Control_APOLLO,,,,2.622
7791.23,Changes?_APOLLO,,,,,0.072
7801.24,Control_APOLLO,,,,2.336
7801.24,Changes?_APOLLO,,,,,0.09
7811.25,Control_APOLLO,,,,2.306
7811.25,Changes?_APOLLO,,,,,0.119
7821.27,Control_APOLLO,,,,2.257
7821.27,Changes?_APOLLO,,,,,0.067
7831.31,Control_APOLLO,,,,2.455
7831.31,Changes?_APOLLO,,,,,0.069
7841.37,Control_APOLLO,,,,2.463
7841.37,Changes?_APOLLO,,,,,0.086
7851.42,Control_APOLLO,,,,2.318
7851.42,Changes?_APOLLO,,,,,0.094
7861.43,Control_APOLLO,,,,2.43
7861.43,Changes?_APOLLO,,,,,0.171
7871.44,Control_APOLLO,,,,2.22
7871.44,Changes?_APOLLO,,,,,0.061
7881.7,Control_APOLLO,,,,2.457
7881.7,Changes?_APOLLO,,,,,0.079
7891.98,Control_APOLLO,,,,2.39
7891.98,Changes?_APOLLO,,,,,0.1
7902.01,Control_APOLLO,,,,2.483
7902.01,Changes?_APOLLO,,,,,0.087
7912.05,Control_APOLLO,,,,2.479
7912.05,Changes?_APOLLO,,,,,0.06
7922.05,Control_APOLLO,,,,2.298
7922.06,Changes?_APOLLO,,,,,0.054
7932.2,Control_APOLLO,,,,2.327
7932.2,Changes?_APOLLO,,,,,0.07
7942.22,Control_APOLLO,,,,2.406
7942.22,Changes?_APOLLO,,,,,0.085
7952.27,Control_APOLLO,,,,2.445
7952.27,Changes?_APOLLO,,,,,0.112
7962.32,Control_APOLLO,,,,2.418
7962.32,Changes?_APOLLO,,,,,0.061
7972.38,Control_APOLLO,,,,2.316
7972.38,Changes?_APOLLO,,,,,0.106
7982.47,Control_APOLLO,,,,2.379
7982.47,Changes?_APOLLO,,,,,0.068
7992.71,Control_APOLLO,,,,2.547
7992.72,Changes?_APOLLO,,,,,0.082
8002.77,Control_APOLLO,,,,2.76
8002.77,Changes?_APOLLO,,,,,0.079
8012.81,Control_APOLLO,,,,2.377
8012.81,Changes?_APOLLO,,,,,0.064
8022.8,Control_APOLLO,,,,2.161
8022.8,Changes?_APOLLO,,,,,0.055
8033.06,Control_APOLLO,,,,2.255
8033.06,Changes?_APOLLO,,,,,0.078
8043.07,Control_APOLLO,,,,2.386
8043.07,Changes?_APOLLO,,,,,0.074
8053.08,Control_APOLLO,,,,2.335
8053.08,Changes?_APOLLO,,,,,0.106
8063.08,Control_APOLLO,,,,2.45
8063.08,Changes?_APOLLO,,,,,0.055
8073.01,Control_APOLLO,,,,2.225
8073.01,Changes?_APOLLO,,,,,0.061
8083.22,Control_APOLLO,,,,2.084
8083.22,Changes?_APOLLO,,,,,0.065
8093.46,Control_APOLLO,,,,2.225
8093.46,Changes?_APOLLO,,,,,0.054
8103.45,Control_APOLLO,,,,2.314
8103.45,Changes?_APOLLO,,,,,0.092
8113.65,Control_APOLLO,,,,2.519
8113.65,Changes?_APOLLO,,,,,0.061
8123.88,Control_APOLLO,,,,2.512
8123.88,Changes?_APOLLO,,,,,0.073
8134.16,Control_APOLLO,,,,2.59
8134.16,Changes?_APOLLO,,,,,0.076
8145.51,Control_APOLLO,,,,9.969
8145.51,Changes?_APOLLO,,,,,0.167
8154.25,Control_APOLLO,,,,2.609
8154.25,Changes?_APOLLO,,,,,0.055
8164.49,Control_APOLLO,,,,2.516
8164.49,Changes?_APOLLO,,,,,0.065
8174.73,Control_APOLLO,,,,2.375
8174.73,Changes?_APOLLO,,,,,0.052
8184.73,Control_APOLLO,,,,2.434
8184.73,Changes?_APOLLO,,,,,0.051
8194.96,Control_APOLLO,,,,2.69
8194.96,Changes?_APOLLO,,,,,0.073
8205.18,Control_APOLLO,,,,2.499
8205.18,Changes?_APOLLO,,,,,0.065
8215.44,Control_APOLLO,,,,2.347
8215.45,Changes?_APOLLO,,,,,0.079
8225.68,Control_APOLLO,,,,2.569
8225.68,Changes?_APOLLO,,,,,0.095
8235.67,Control_APOLLO,,,,2.515
8235.68,Changes?_APOLLO,,,,,0.068
8245.67,Control_APOLLO,,,,2.415
8245.67,Changes?_APOLLO,,,,,0.064
8255.89,Control_APOLLO,,,,2.553
8255.89,Changes?_APOLLO,,,,,0.073
8266.08,Control_APOLLO,,,,2.322
8266.08,Changes?_APOLLO,,,,,0.091
8276.35,Control_APOLLO,,,,2.31
8276.35,Changes?_APOLLO,,,,,0.062
8286.36,Control_APOLLO,,,,2.602
8286.36,Changes?_APOLLO,,,,,0.066
8296.31,Control_APOLLO,,,,2.248
8296.31,Changes?_APOLLO,,,,,0.087
8306.5,Control_APOLLO,,,,2.396
8306.5,Changes?_APOLLO,,,,,0.082
8316.73,Control_APOLLO,,,,2.271
8316.73,Changes?_APOLLO,,,,,0.059
8326.95,Control_APOLLO,,,,2.103
8326.95,Changes?_APOLLO,,,,,0.066
8337.15,Control_APOLLO,,,,2.225
8337.15,Changes?_APOLLO,,,,,0.069
8347.4,Control_APOLLO,,,,2.266
8347.4,Changes?_APOLLO,,,,,0.078
8357.62,Control_APOLLO,,,,2.404
8357.62,Changes?_APOLLO,,,,,0.054
8367.88,Control_APOLLO,,,,2.266
8367.88,Changes?_APOLLO,,,,,0.097
8377.93,Control_APOLLO,,,,2.457
8377.93,Changes?_APOLLO,,,,,0.116
8388.01,Control_APOLLO,,,,2.556
8388.01,Changes?_APOLLO,,,,,0.067
8398.06,Control_APOLLO,,,,2.397
8398.06,Changes?_APOLLO,,,,,0.083
8408.28,Control_APOLLO,,,,2.53
8408.28,Changes?_APOLLO,,,,,0.091
8418.32,Control_APOLLO,,,,2.218
8418.32,Changes?_APOLLO,,,,,0.078
8428.37,Control_APOLLO,,,,2.561
8428.37,Changes?_APOLLO,,,,,0.064
8438.4,Control_APOLLO,,,,2.5
8438.4,Changes?_APOLLO,,,,,0.067
8448.43,Control_APOLLO,,,,2.322
8448.43,Changes?_APOLLO,,,,,0.088
8458.47,Control_APOLLO,,,,2.425
8458.47,Changes?_APOLLO,,,,,0.073
8468.49,Control_APOLLO,,,,2.285
8468.49,Changes?_APOLLO,,,,,0.072
8478.54,Control_APOLLO,,,,2.43
8478.54,Changes?_APOLLO,,,,,0.077
8488.56,Control_APOLLO,,,,2.312
8488.56,Changes?_APOLLO,,,,,0.079
8498.59,Control_APOLLO,,,,2.441
8498.6,Changes?_APOLLO,,,,,0.075
8508.68,Control_APOLLO,,,,2.628
8508.68,Changes?_APOLLO,,,,,0.069
8518.81,Control_APOLLO,,,,2.732
8518.81,Changes?_APOLLO,,,,,0.094
8528.85,Control_APOLLO,,,,2.622
8528.85,Changes?_APOLLO,,,,,0.065
8538.9,Control_APOLLO,,,,2.717
8538.9,Changes?_APOLLO,,,,,0.112
8548.92,Control_APOLLO,,,,2.424
8548.92,Changes?_APOLLO,,,,,0.076
8558.94,Control_APOLLO,,,,2.423
8558.94,Changes?_APOLLO,,,,,0.094
8568.99,Control_APOLLO,,,,2.686
8568.99,Changes?_APOLLO,,,,,0.067
8579.09,Control_APOLLO,,,,2.688
8579.09,Changes?_APOLLO,,,,,0.1
8589.23,Control_APOLLO,,,,2.606
8589.23,Changes?_APOLLO,,,,,0.08
8599.25,Control_APOLLO,,,,2.419
8599.26,Changes?_APOLLO,,,,,0.096
8609.29,Control_APOLLO,,,,2.472
8609.29,Changes?_APOLLO,,,,,0.073
8619.37,Control_APOLLO,,,,2.932
8619.37,Changes?_APOLLO,,,,,0.067
8629.44,Control_APOLLO,,,,2.445
8629.44,Changes?_APOLLO,,,,,0.093
8639.49,Control_APOLLO,,,,2.697
8639.49,Changes?_APOLLO,,,,,0.078
8649.51,Control_APOLLO,,,,2.121
8649.51,Changes?_APOLLO,,,,,0.086
8659.56,Control_APOLLO,,,,2.279
8659.56,Changes?_APOLLO,,,,,0.049
8669.58,Control_APOLLO,,,,2.238
8669.58,Changes?_APOLLO,,,,,0.085
8679.6,Control_APOLLO,,,,2.454
8679.6,Changes?_APOLLO,,,,,0.059
8689.61,Control_APOLLO,,,,2.287
8689.61,Changes?_APOLLO,,,,,0.062
8699.65,Control_APOLLO,,,,2.482
8699.65,Changes?_APOLLO,,,,,0.073
8709.66,Control_APOLLO,,,,2.373
8709.66,Changes?_APOLLO,,,,,0.071
8719.69,Control_APOLLO,,,,2.336
8719.69,Changes?_APOLLO,,,,,0.084
8729.73,Control_APOLLO,,,,2.593
8729.73,Changes?_APOLLO,,,,,0.067
8739.75,Control_APOLLO,,,,2.41
8739.75,Changes?_APOLLO,,,,,0.071
8749.82,Control_APOLLO,,,,2.57
8749.83,Changes?_APOLLO,,,,,0.287
8759.87,Control_APOLLO,,,,2.239
8759.87,Changes?_APOLLO,,,,,0.076
8769.98,Control_APOLLO,,,,2.518
8769.98,Changes?_APOLLO,,,,,0.076
8779.99,Control_APOLLO,,,,2.49
8779.99,Changes?_APOLLO,,,,,0.066
8790.01,Control_APOLLO,,,,2.31
8790.02,Changes?_APOLLO,,,,,0.086
8800.07,Control_APOLLO,,,,2.347
8800.07,Changes?_APOLLO,,,,,0.118
8810.08,Control_APOLLO,,,,2.378
8810.08,Changes?_APOLLO,,,,,0.108
8820.05,Control_APOLLO,,,,2.255
8820.06,Changes?_APOLLO,,,,,0.109
8830.28,Control_APOLLO,,,,2.149
8830.29,Changes?_APOLLO,,,,,0.076
8840.5,Control_APOLLO,,,,2.229
8840.5,Changes?_APOLLO,,,,,0.121
8850.75,Control_APOLLO,,,,2.377
8850.75,Changes?_APOLLO,,,,,0.076
8860.99,Control_APOLLO,,,,2.205
8860.99,Changes?_APOLLO,,,,,0.105
8871.21,Control_APOLLO,,,,2.45
8871.22,Changes?_APOLLO,,,,,0.083
8881.17,Control_APOLLO,,,,2.242
8881.17,Changes?_APOLLO,,,,,0.116
8891.39,Control_APOLLO,,,,2.309
8891.39,Changes?_APOLLO,,,,,0.102
8901.65,Control_APOLLO,,,,2.22
8901.65,Changes?_APOLLO,,,,,0.108
8911.86,Control_APOLLO,,,,2.274
8911.86,Changes?_APOLLO,,,,,0.091
8922.08,Control_APOLLO,,,,2.191
8922.09,Changes?_APOLLO,,,,,0.166
8932.33,Control_APOLLO,,,,2.552
8932.33,Changes?_APOLLO,,,,,0.082
8942.27,Control_APOLLO,,,,2.219
8942.27,Changes?_APOLLO,,,,,0.056
8952.46,Control_APOLLO,,,,2.12
8952.46,Changes?_APOLLO,,,,,0.111
8962.7,Control_APOLLO,,,,2.29
8962.7,Changes?_APOLLO,,,,,0.086
8972.89,Control_APOLLO,,,,2.362
8972.89,Changes?_APOLLO,,,,,0.069
8983.23,Control_APOLLO,,,,2.586
8983.23,Changes?_APOLLO,,,,,0.117
8993.22,Control_APOLLO,,,,2.557
8993.22,Changes?_APOLLO,,,,,0.09
9003.18,Control_APOLLO,,,,2.266
9003.19,Changes?_APOLLO,,,,,0.158
9013.39,Control_APOLLO,,,,2.227
9013.39,Changes?_APOLLO,,,,,0.051
9023.57,Control_APOLLO,,,,2.13
9023.57,Changes?_APOLLO,,,,,0.065
9033.88,Control_APOLLO,,,,2.82
9033.88,Changes?_APOLLO,,,,,0.079
9043.84,Control_APOLLO,,,,2.31
9043.84,Changes?_APOLLO,,,,,0.185
9054.29,Control_APOLLO,,,,4.104
9054.29,Changes?_APOLLO,,,,,0.067
9064.31,Control_APOLLO,,,,2.509
9064.31,Changes?_APOLLO,,,,,0.125
9074.32,Control_APOLLO,,,,2.675
9074.32,Changes?_APOLLO,,,,,0.074
9084.27,Control_APOLLO,,,,2.326
9084.27,Changes?_APOLLO,,,,,0.06
9094.51,Control_APOLLO,,,,2.619
9094.51,Changes?_APOLLO,,,,,0.06
9104.73,Control_APOLLO,,,,2.44
9104.73,Changes?_APOLLO,,,,,0.057
9114.92,Control_APOLLO,,,,2.366
9114.92,Changes?_APOLLO,,,,,0.072
9125.12,Control_APOLLO,,,,2.34
9125.12,Changes?_APOLLO,,,,,0.061
9135.31,Control_APOLLO,,,,2.505
9135.31,Changes?_APOLLO,,,,,0.061
9145.54,Control_APOLLO,,,,2.569
9145.54,Changes?_APOLLO,,,,,0.06
9155.77,Control_APOLLO,,,,2.52
9155.77,Changes?_APOLLO,,,,,0.061
9165.97,Control_APOLLO,,,,2.093
9165.97,Changes?_APOLLO,,,,,0.06
