29.7699,LCA_APOLLO,41.821
29.7706,Send_APOLLO,,0.027
31.5388,Receive_APOLLO,,0.413
31.5395,Receive_APOLLO,,0.097
34.805,Selection_APOLLO,,,0.983
44.6416,Control_APOLLO,,,,25.684
44.6429,Changes?_APOLLO,,,,,0.273
46.0266,Control_APOLLO,,,,3.848
46.0274,Changes?_APOLLO,,,,,0.082
50.615,Control_APOLLO,,,,2.526
50.6155,Changes?_APOLLO,,,,,0.057
55.4498,Control_APOLLO,,,,2.339
55.4504,Changes?_APOLLO,,,,,0.058
60.5655,Control_APOLLO,,,,2.26
60.5661,Changes?_APOLLO,,,,,0.072
65.8302,Control_APOLLO,,,,2.547
65.8308,Changes?_APOLLO,,,,,0.074
70.7012,Control_APOLLO,,,,2.495
70.7026,Changes?_APOLLO,,,,,0.096
76.2946,Control_APOLLO,,,,4.738
76.2959,Changes?_APOLLO,,,,,0.088
80.8465,Control_APOLLO,,,,2.404
80.8471,Changes?_APOLLO,,,,,0.058
85.812,Control_APOLLO,,,,2.19
85.8125,Changes?_APOLLO,,,,,0.052
91.2502,Control_APOLLO,,,,2.495
91.2508,Changes?_APOLLO,,,,,0.072
96.2886,Control_APOLLO,,,,2.44
96.2892,Changes?_APOLLO,,,,,0.063
101.287,Control_APOLLO,,,,2.217
101.288,Changes?_APOLLO,,,,,0.077
106.954,Control_APOLLO,,,,2.781
106.955,Changes?_APOLLO,,,,,0.074
112.706,Control_APOLLO,,,,3.68
112.707,Changes?_APOLLO,,,,,0.081
116.665,Control_APOLLO,,,,2.172
116.666,Changes?_APOLLO,,,,,0.05
121.924,Control_APOLLO,,,,2.305
121.925,Changes?_APOLLO,,,,,0.071
126.906,Control_APOLLO,,,,2.282
126.907,Changes?_APOLLO,,,,,0.049
132.16,Control_APOLLO,,,,2.404
132.161,Changes?_APOLLO,,,,,0.097
137.18,Control_APOLLO,,,,2.356
137.181,Changes?_APOLLO,,,,,0.076
142.178,Control_APOLLO,,,,2.408
142.178,Changes?_APOLLO,,,,,0.06
147.667,Control_APOLLO,,,,2.554
147.668,Changes?_APOLLO,,,,,0.077
153.53,Control_APOLLO,,,,3.101
153.53,Changes?_APOLLO,,,,,0.075
157.793,Control_APOLLO,,,,2.457
157.794,Changes?_APOLLO,,,,,0.081
162.811,Control_APOLLO,,,,2.713
162.812,Changes?_APOLLO,,,,,0.1
167.839,Control_APOLLO,,,,2.49
167.84,Changes?_APOLLO,,,,,0.08
172.895,Control_APOLLO,,,,2.398
172.896,Changes?_APOLLO,,,,,0.065
177.929,Control_APOLLO,,,,2.361
177.93,Changes?_APOLLO,,,,,0.11
182.949,Control_APOLLO,,,,2.289
182.949,Changes?_APOLLO,,,,,0.083
187.946,Control_APOLLO,,,,2.281
187.946,Changes?_APOLLO,,,,,0.05
192.963,Control_APOLLO,,,,2.212
192.964,Changes?_APOLLO,,,,,0.073
198.031,Control_APOLLO,,,,2.52
198.031,Changes?_APOLLO,,,,,0.054
203.045,Control_APOLLO,,,,2.313
203.046,Changes?_APOLLO,,,,,0.082
208.05,Control_APOLLO,,,,2.431
208.05,Changes?_APOLLO,,,,,0.07
213.08,Control_APOLLO,,,,2.383
213.081,Changes?_APOLLO,,,,,0.06
218.038,Control_APOLLO,,,,2.071
218.038,Changes?_APOLLO,,,,,0.068
223.272,Control_APOLLO,,,,2.268
223.272,Changes?_APOLLO,,,,,0.063
228.56,Control_APOLLO,,,,2.274
228.561,Changes?_APOLLO,,,,,0.094
233.558,Control_APOLLO,,,,2.345
233.559,Changes?_APOLLO,,,,,0.08
238.849,Control_APOLLO,,,,2.381
238.85,Changes?_APOLLO,,,,,0.071
243.899,Control_APOLLO,,,,2.662
243.9,Changes?_APOLLO,,,,,0.092
248.925,Control_APOLLO,,,,2.442
248.926,Changes?_APOLLO,,,,,0.051
253.939,Control_APOLLO,,,,2.345
253.94,Changes?_APOLLO,,,,,0.104
258.96,Control_APOLLO,,,,2.459
258.96,Changes?_APOLLO,,,,,0.071
263.98,Control_APOLLO,,,,2.398
263.981,Changes?_APOLLO,,,,,0.082
268.986,Control_APOLLO,,,,2.159
268.987,Changes?_APOLLO,,,,,0.079
274.182,Control_APOLLO,,,,2.624
274.182,Changes?_APOLLO,,,,,0.056
279.188,Control_APOLLO,,,,2.32
279.189,Changes?_APOLLO,,,,,0.092
284.206,Control_APOLLO,,,,2.535
284.207,Changes?_APOLLO,,,,,0.071
289.204,Control_APOLLO,,,,2.371
289.204,Changes?_APOLLO,,,,,0.069
294.467,Control_APOLLO,,,,2.316
294.468,Changes?_APOLLO,,,,,0.079
299.49,Control_APOLLO,,,,2.6
299.49,Changes?_APOLLO,,,,,0.069
304.522,Control_APOLLO,,,,2.451
304.523,Changes?_APOLLO,,,,,0.069
309.516,Control_APOLLO,,,,2.497
309.517,Changes?_APOLLO,,,,,0.088
314.757,Control_APOLLO,,,,2.288
314.758,Changes?_APOLLO,,,,,0.057
319.766,Control_APOLLO,,,,2.466
319.767,Changes?_APOLLO,,,,,0.07
324.867,Control_APOLLO,,,,2.46
324.867,Changes?_APOLLO,,,,,0.079
329.893,Control_APOLLO,,,,2.463
329.894,Changes?_APOLLO,,,,,0.05
334.877,Control_APOLLO,,,,2.325
334.878,Changes?_APOLLO,,,,,0.066
340.139,Control_APOLLO,,,,2.439
340.139,Changes?_APOLLO,,,,,0.073
345.165,Control_APOLLO,,,,2.362
345.165,Changes?_APOLLO,,,,,0.071
350.171,Control_APOLLO,,,,2.448
350.171,Changes?_APOLLO,,,,,0.082
355.174,Control_APOLLO,,,,2.265
355.174,Changes?_APOLLO,,,,,0.053
360.157,Control_APOLLO,,,,2.427
360.158,Changes?_APOLLO,,,,,0.052
365.392,Control_APOLLO,,,,2.411
365.392,Changes?_APOLLO,,,,,0.089
370.374,Control_APOLLO,,,,2.22
370.374,Changes?_APOLLO,,,,,0.052
375.598,Control_APOLLO,,,,2.427
375.598,Changes?_APOLLO,,,,,0.053
380.762,Control_APOLLO,,,,2.191
380.763,Changes?_APOLLO,,,,,0.057
385.937,Control_APOLLO,,,,2.178
385.938,Changes?_APOLLO,,,,,0.051
391.156,Control_APOLLO,,,,2.306
391.156,Changes?_APOLLO,,,,,0.076
396.347,Control_APOLLO,,,,2.144
396.348,Changes?_APOLLO,,,,,0.058
401.518,Control_APOLLO,,,,2.107
401.519,Changes?_APOLLO,,,,,0.048
406.713,Control_APOLLO,,,,2.185
406.714,Changes?_APOLLO,,,,,0.051
411.944,Control_APOLLO,,,,2.438
411.945,Changes?_APOLLO,,,,,0.071
417.146,Control_APOLLO,,,,2.181
417.146,Changes?_APOLLO,,,,,0.074
422.332,Control_APOLLO,,,,2.264
422.333,Changes?_APOLLO,,,,,0.05
427.5,Control_APOLLO,,,,2.199
427.501,Changes?_APOLLO,,,,,0.084
432.69,Control_APOLLO,,,,2.219
432.69,Changes?_APOLLO,,,,,0.05
437.874,Control_APOLLO,,,,2.295
437.875,Changes?_APOLLO,,,,,0.048
443.071,Control_APOLLO,,,,2.236
443.072,Changes?_APOLLO,,,,,0.076
448.267,Control_APOLLO,,,,2.317
448.268,Changes?_APOLLO,,,,,0.051
453.453,Control_APOLLO,,,,2.195
453.453,Changes?_APOLLO,,,,,0.072
458.666,Control_APOLLO,,,,2.289
458.667,Changes?_APOLLO,,,,,0.059
463.876,Control_APOLLO,,,,2.343
463.877,Changes?_APOLLO,,,,,0.053
469.065,Control_APOLLO,,,,2.166
469.066,Changes?_APOLLO,,,,,0.086
474.31,Control_APOLLO,,,,2.388
474.311,Changes?_APOLLO,,,,,0.053
479.5,Control_APOLLO,,,,2.32
479.501,Changes?_APOLLO,,,,,0.06
484.713,Control_APOLLO,,,,2.349
484.714,Changes?_APOLLO,,,,,0.072
489.91,Control_APOLLO,,,,2.198
489.911,Changes?_APOLLO,,,,,0.052
495.1,Control_APOLLO,,,,2.163
495.101,Changes?_APOLLO,,,,,0.048
500.3,Control_APOLLO,,,,2.089
500.3,Changes?_APOLLO,,,,,0.053
505.498,Control_APOLLO,,,,2.27
505.498,Changes?_APOLLO,,,,,0.052
510.712,Control_APOLLO,,,,2.38
510.713,Changes?_APOLLO,,,,,0.052
515.908,Control_APOLLO,,,,2.178
515.908,Changes?_APOLLO,,,,,0.052
521.097,Control_APOLLO,,,,2.148
521.098,Changes?_APOLLO,,,,,0.051
526.289,Control_APOLLO,,,,2.357
526.29,Changes?_APOLLO,,,,,0.054
531.476,Control_APOLLO,,,,2.317
531.477,Changes?_APOLLO,,,,,0.049
536.658,Control_APOLLO,,,,2.231
536.659,Changes?_APOLLO,,,,,0.05
541.852,Control_APOLLO,,,,2.118
541.853,Changes?_APOLLO,,,,,0.052
547.038,Control_APOLLO,,,,2.283
547.039,Changes?_APOLLO,,,,,0.052
552.239,Control_APOLLO,,,,2.186
552.239,Changes?_APOLLO,,,,,0.052
557.508,Control_APOLLO,,,,2.538
557.508,Changes?_APOLLO,,,,,0.053
562.473,Control_APOLLO,,,,2.464
562.474,Changes?_APOLLO,,,,,0.051
567.695,Control_APOLLO,,,,2.243
567.695,Changes?_APOLLO,,,,,0.05
572.878,Control_APOLLO,,,,2.229
572.879,Changes?_APOLLO,,,,,0.066
578.061,Control_APOLLO,,,,2.18
578.061,Changes?_APOLLO,,,,,0.056
583.256,Control_APOLLO,,,,2.283
583.257,Changes?_APOLLO,,,,,0.075
588.472,Control_APOLLO,,,,2.474
588.473,Changes?_APOLLO,,,,,0.078
593.662,Control_APOLLO,,,,2.059
593.662,Changes?_APOLLO,,,,,0.053
598.861,Control_APOLLO,,,,2.261
598.861,Changes?_APOLLO,,,,,0.051
604.073,Control_APOLLO,,,,2.198
604.074,Changes?_APOLLO,,,,,0.05
609.275,Control_APOLLO,,,,2.245
609.276,Changes?_APOLLO,,,,,0.076
614.463,Control_APOLLO,,,,2.262
614.463,Changes?_APOLLO,,,,,0.053
619.687,Control_APOLLO,,,,2.408
619.688,Changes?_APOLLO,,,,,0.049
624.903,Control_APOLLO,,,,2.332
624.904,Changes?_APOLLO,,,,,0.055
630.106,Control_APOLLO,,,,2.286
630.106,Changes?_APOLLO,,,,,0.059
635.293,Control_APOLLO,,,,2.206
635.294,Changes?_APOLLO,,,,,0.073
640.512,Control_APOLLO,,,,2.234
640.513,Changes?_APOLLO,,,,,0.069
645.735,Control_APOLLO,,,,2.382
645.735,Changes?_APOLLO,,,,,0.063
650.975,Control_APOLLO,,,,2.456
650.975,Changes?_APOLLO,,,,,0.067
655.961,Control_APOLLO,,,,2.401
655.961,Changes?_APOLLO,,,,,0.068
661.243,Control_APOLLO,,,,2.506
661.244,Changes?_APOLLO,,,,,0.066
666.246,Control_APOLLO,,,,2.437
666.247,Changes?_APOLLO,,,,,0.073
671.51,Control_APOLLO,,,,2.407
671.51,Changes?_APOLLO,,,,,0.076
676.51,Control_APOLLO,,,,2.343
676.511,Changes?_APOLLO,,,,,0.073
681.803,Control_APOLLO,,,,2.355
681.804,Changes?_APOLLO,,,,,0.08
686.834,Control_APOLLO,,,,2.448
686.834,Changes?_APOLLO,,,,,0.084
691.819,Control_APOLLO,,,,2.213
691.82,Changes?_APOLLO,,,,,0.079
697.051,Control_APOLLO,,,,2.412
697.051,Changes?_APOLLO,,,,,0.056
702.313,Control_APOLLO,,,,2.366
702.314,Changes?_APOLLO,,,,,0.066
707.578,Control_APOLLO,,,,2.444
707.579,Changes?_APOLLO,,,,,0.075
712.592,Control_APOLLO,,,,2.329
712.593,Changes?_APOLLO,,,,,0.073
717.6,Control_APOLLO,,,,2.315
717.601,Changes?_APOLLO,,,,,0.055
722.581,Control_APOLLO,,,,2.351
722.581,Changes?_APOLLO,,,,,0.085
727.818,Control_APOLLO,,,,2.328
727.818,Changes?_APOLLO,,,,,0.049
733.088,Control_APOLLO,,,,2.471
733.088,Changes?_APOLLO,,,,,0.085
738.055,Control_APOLLO,,,,2.239
738.056,Changes?_APOLLO,,,,,0.07
743.317,Control_APOLLO,,,,2.364
743.318,Changes?_APOLLO,,,,,0.053
748.594,Control_APOLLO,,,,2.315
748.594,Changes?_APOLLO,,,,,0.077
753.612,Control_APOLLO,,,,2.26
753.613,Changes?_APOLLO,,,,,0.111
758.609,Control_APOLLO,,,,2.317
758.609,Changes?_APOLLO,,,,,0.073
764.036,Control_APOLLO,,,,2.44
764.037,Changes?_APOLLO,,,,,0.071
769.081,Control_APOLLO,,,,2.443
769.082,Changes?_APOLLO,,,,,0.06
774.1,Control_APOLLO,,,,2.345
774.101,Changes?_APOLLO,,,,,0.072
779.097,Control_APOLLO,,,,2.374
779.098,Changes?_APOLLO,,,,,0.059
784.327,Control_APOLLO,,,,2.346
784.327,Changes?_APOLLO,,,,,0.067
789.649,Control_APOLLO,,,,2.394
789.65,Changes?_APOLLO,,,,,0.085
794.665,Control_APOLLO,,,,2.456
794.666,Changes?_APOLLO,,,,,0.074
799.668,Control_APOLLO,,,,2.398
799.668,Changes?_APOLLO,,,,,0.063
804.891,Control_APOLLO,,,,2.164
804.891,Changes?_APOLLO,,,,,0.056
810.129,Control_APOLLO,,,,2.287
810.13,Changes?_APOLLO,,,,,0.079
815.434,Control_APOLLO,,,,2.386
815.435,Changes?_APOLLO,,,,,0.055
820.441,Control_APOLLO,,,,2.352
820.441,Changes?_APOLLO,,,,,0.065
825.457,Control_APOLLO,,,,2.359
825.457,Changes?_APOLLO,,,,,0.077
830.469,Control_APOLLO,,,,2.462
830.47,Changes?_APOLLO,,,,,0.097
835.444,Control_APOLLO,,,,2.24
835.445,Changes?_APOLLO,,,,,0.056
840.719,Control_APOLLO,,,,2.34
840.72,Changes?_APOLLO,,,,,0.102
845.73,Control_APOLLO,,,,2.456
845.731,Changes?_APOLLO,,,,,0.066
850.746,Control_APOLLO,,,,2.411
850.747,Changes?_APOLLO,,,,,0.055
855.746,Control_APOLLO,,,,2.372
855.747,Changes?_APOLLO,,,,,0.073
860.721,Control_APOLLO,,,,2.477
860.722,Changes?_APOLLO,,,,,0.065
865.945,Control_APOLLO,,,,2.358
865.946,Changes?_APOLLO,,,,,0.064
871.16,Control_APOLLO,,,,2.145
871.16,Changes?_APOLLO,,,,,0.051
877.195,Control_APOLLO,,,,3.506
877.196,Changes?_APOLLO,,,,,0.09
881.411,Control_APOLLO,,,,2.58
881.412,Changes?_APOLLO,,,,,0.067
886.628,Control_APOLLO,,,,2.405
886.628,Changes?_APOLLO,,,,,0.071
891.856,Control_APOLLO,,,,2.333
891.857,Changes?_APOLLO,,,,,0.07
897.076,Control_APOLLO,,,,2.458
897.077,Changes?_APOLLO,,,,,0.105
902.353,Control_APOLLO,,,,2.711
902.353,Changes?_APOLLO,,,,,0.083
907.331,Control_APOLLO,,,,2.385
907.331,Changes?_APOLLO,,,,,0.067
912.551,Control_APOLLO,,,,2.176
912.551,Changes?_APOLLO,,,,,0.074
917.969,Control_APOLLO,,,,2.55
917.97,Changes?_APOLLO,,,,,0.077
922.962,Control_APOLLO,,,,2.563
922.963,Changes?_APOLLO,,,,,0.069
927.968,Control_APOLLO,,,,2.345
927.969,Changes?_APOLLO,,,,,0.062
933.225,Control_APOLLO,,,,2.296
933.225,Changes?_APOLLO,,,,,0.071
938.244,Control_APOLLO,,,,2.436
938.244,Changes?_APOLLO,,,,,0.08
943.225,Control_APOLLO,,,,2.439
943.225,Changes?_APOLLO,,,,,0.057
948.513,Control_APOLLO,,,,2.349
948.513,Changes?_APOLLO,,,,,0.071
953.511,Control_APOLLO,,,,2.345
953.512,Changes?_APOLLO,,,,,0.101
958.509,Control_APOLLO,,,,2.199
958.509,Changes?_APOLLO,,,,,0.09
963.744,Control_APOLLO,,,,2.227
963.744,Changes?_APOLLO,,,,,0.077
969.012,Control_APOLLO,,,,2.344
969.013,Changes?_APOLLO,,,,,0.078
974.005,Control_APOLLO,,,,2.404
974.005,Changes?_APOLLO,,,,,0.074
979.048,Control_APOLLO,,,,2.495
979.049,Changes?_APOLLO,,,,,0.08
984.091,Control_APOLLO,,,,2.234
984.091,Changes?_APOLLO,,,,,0.083
989.137,Control_APOLLO,,,,2.303
989.138,Changes?_APOLLO,,,,,0.063
994.179,Control_APOLLO,,,,2.343
994.179,Changes?_APOLLO,,,,,0.095
999.173,Control_APOLLO,,,,2.321
999.174,Changes?_APOLLO,,,,,0.062
1004.27,Control_APOLLO,,,,2.64
1004.27,Changes?_APOLLO,,,,,0.074
1009.29,Control_APOLLO,,,,2.521
1009.29,Changes?_APOLLO,,,,,0.078
1014.28,Control_APOLLO,,,,2.168
1014.28,Changes?_APOLLO,,,,,0.075
1019.55,Control_APOLLO,,,,2.272
1019.55,Changes?_APOLLO,,,,,0.065
1024.56,Control_APOLLO,,,,2.418
1024.56,Changes?_APOLLO,,,,,0.089
1029.56,Control_APOLLO,,,,2.33
1029.56,Changes?_APOLLO,,,,,0.065
1034.61,Control_APOLLO,,,,2.381
1034.61,Changes?_APOLLO,,,,,0.065
1039.66,Control_APOLLO,,,,2.585
1039.66,Changes?_APOLLO,,,,,0.073
1044.7,Control_APOLLO,,,,2.505
1044.7,Changes?_APOLLO,,,,,0.082
1049.75,Control_APOLLO,,,,2.337
1049.75,Changes?_APOLLO,,,,,0.093
1054.79,Control_APOLLO,,,,2.361
1054.79,Changes?_APOLLO,,,,,0.088
1059.82,Control_APOLLO,,,,2.322
1059.82,Changes?_APOLLO,,,,,0.09
1064.84,Control_APOLLO,,,,2.431
1064.84,Changes?_APOLLO,,,,,0.048
1069.83,Control_APOLLO,,,,2.323
1069.83,Changes?_APOLLO,,,,,0.051
1074.86,Control_APOLLO,,,,2.454
1074.87,Changes?_APOLLO,,,,,0.064
1079.9,Control_APOLLO,,,,2.193
1079.9,Changes?_APOLLO,,,,,0.068
1085.01,Control_APOLLO,,,,2.355
1085.01,Changes?_APOLLO,,,,,0.076
1090.04,Control_APOLLO,,,,2.46
1090.04,Changes?_APOLLO,,,,,0.078
1095.04,Control_APOLLO,,,,2.204
1095.04,Changes?_APOLLO,,,,,0.073
1100.29,Control_APOLLO,,,,2.516
1100.29,Changes?_APOLLO,,,,,0.079
1105.28,Control_APOLLO,,,,2.201
1105.28,Changes?_APOLLO,,,,,0.052
1110.56,Control_APOLLO,,,,2.322
1110.56,Changes?_APOLLO,,,,,0.069
1115.55,Control_APOLLO,,,,2.31
1115.55,Changes?_APOLLO,,,,,0.065
1120.78,Control_APOLLO,,,,2.274
1120.78,Changes?_APOLLO,,,,,0.08
1126.02,Control_APOLLO,,,,2.439
1126.02,Changes?_APOLLO,,,,,0.053
1131.28,Control_APOLLO,,,,2.463
1131.28,Changes?_APOLLO,,,,,0.074
1136.28,Control_APOLLO,,,,2.408
1136.28,Changes?_APOLLO,,,,,0.069
1141.46,Control_APOLLO,,,,2.32
1141.46,Changes?_APOLLO,,,,,0.075
1146.66,Control_APOLLO,,,,2.305
1146.66,Changes?_APOLLO,,,,,0.049
1151.89,Control_APOLLO,,,,2.304
1151.89,Changes?_APOLLO,,,,,0.05
1157.12,Control_APOLLO,,,,2.289
1157.12,Changes?_APOLLO,,,,,0.055
1162.37,Control_APOLLO,,,,2.438
1162.37,Changes?_APOLLO,,,,,0.049
1167.3,Control_APOLLO,,,,2.179
1167.3,Changes?_APOLLO,,,,,0.049
1172.53,Control_APOLLO,,,,2.287
1172.53,Changes?_APOLLO,,,,,0.051
1177.75,Control_APOLLO,,,,2.259
1177.75,Changes?_APOLLO,,,,,0.049
1182.99,Control_APOLLO,,,,2.23
1182.99,Changes?_APOLLO,,,,,0.074
1188.2,Control_APOLLO,,,,2.149
1188.2,Changes?_APOLLO,,,,,0.107
1193.38,Control_APOLLO,,,,2.217
1193.38,Changes?_APOLLO,,,,,0.049
1198.6,Control_APOLLO,,,,2.378
1198.6,Changes?_APOLLO,,,,,0.049
1203.84,Control_APOLLO,,,,2.307
1203.84,Changes?_APOLLO,,,,,0.051
1209.09,Control_APOLLO,,,,2.21
1209.09,Changes?_APOLLO,,,,,0.053
1214.33,Control_APOLLO,,,,2.319
1214.33,Changes?_APOLLO,,,,,0.091
1219.52,Control_APOLLO,,,,2.12
1219.52,Changes?_APOLLO,,,,,0.049
1224.75,Control_APOLLO,,,,2.328
1224.75,Changes?_APOLLO,,,,,0.05
1229.96,Control_APOLLO,,,,2.177
1229.96,Changes?_APOLLO,,,,,0.048
1235.25,Control_APOLLO,,,,2.667
1235.25,Changes?_APOLLO,,,,,0.049
1240.28,Control_APOLLO,,,,2.411
1240.28,Changes?_APOLLO,,,,,0.049
1245.26,Control_APOLLO,,,,2.424
1245.26,Changes?_APOLLO,,,,,0.074
1250.52,Control_APOLLO,,,,2.433
1250.52,Changes?_APOLLO,,,,,0.067
1255.5,Control_APOLLO,,,,2.342
1255.5,Changes?_APOLLO,,,,,0.051
1260.69,Control_APOLLO,,,,2.178
1260.69,Changes?_APOLLO,,,,,0.062
1265.92,Control_APOLLO,,,,2.437
1265.92,Changes?_APOLLO,,,,,0.054
1271.18,Control_APOLLO,,,,2.434
1271.18,Changes?_APOLLO,,,,,0.069
1276.14,Control_APOLLO,,,,2.184
1276.14,Changes?_APOLLO,,,,,0.066
1281.41,Control_APOLLO,,,,2.428
1281.41,Changes?_APOLLO,,,,,0.075
1286.41,Control_APOLLO,,,,2.296
1286.41,Changes?_APOLLO,,,,,0.053
1291.62,Control_APOLLO,,,,2.23
1291.62,Changes?_APOLLO,,,,,0.05
1296.82,Control_APOLLO,,,,2.303
1296.82,Changes?_APOLLO,,,,,0.073
1302.08,Control_APOLLO,,,,2.636
1302.08,Changes?_APOLLO,,,,,0.071
1307.07,Control_APOLLO,,,,2.426
1307.07,Changes?_APOLLO,,,,,0.061
1312.34,Control_APOLLO,,,,2.355
1312.35,Changes?_APOLLO,,,,,0.098
1317.32,Control_APOLLO,,,,2.366
1317.32,Changes?_APOLLO,,,,,0.076
1322.54,Control_APOLLO,,,,2.282
1322.54,Changes?_APOLLO,,,,,0.086
1327.79,Control_APOLLO,,,,2.262
1327.79,Changes?_APOLLO,,,,,0.058
1333.06,Control_APOLLO,,,,2.41
1333.06,Changes?_APOLLO,,,,,0.071
1338.28,Control_APOLLO,,,,2.417
1338.28,Changes?_APOLLO,,,,,0.059
1343.47,Control_APOLLO,,,,2.173
1343.47,Changes?_APOLLO,,,,,0.049
1348.68,Control_APOLLO,,,,2.34
1348.68,Changes?_APOLLO,,,,,0.054
1353.89,Control_APOLLO,,,,2.632
1353.89,Changes?_APOLLO,,,,,0.066
1359.1,Control_APOLLO,,,,2.51
1359.1,Changes?_APOLLO,,,,,0.075
1364.37,Control_APOLLO,,,,2.766
1364.37,Changes?_APOLLO,,,,,0.058
1369.72,Control_APOLLO,,,,2.941
1369.72,Changes?_APOLLO,,,,,0.072
1374.64,Control_APOLLO,,,,2.324
1374.64,Changes?_APOLLO,,,,,0.053
1379.82,Control_APOLLO,,,,2.224
1379.82,Changes?_APOLLO,,,,,0.069
1385.01,Control_APOLLO,,,,2.204
1385.01,Changes?_APOLLO,,,,,0.05
1390.2,Control_APOLLO,,,,2.15
1390.2,Changes?_APOLLO,,,,,0.054
1395.4,Control_APOLLO,,,,2.345
1395.4,Changes?_APOLLO,,,,,0.059
1400.59,Control_APOLLO,,,,2.201
1400.59,Changes?_APOLLO,,,,,0.051
1405.81,Control_APOLLO,,,,2.47
1405.81,Changes?_APOLLO,,,,,0.07
1411.06,Control_APOLLO,,,,2.453
1411.06,Changes?_APOLLO,,,,,0.082
1416.28,Control_APOLLO,,,,2.497
1416.28,Changes?_APOLLO,,,,,0.068
1421.53,Control_APOLLO,,,,2.297
1421.53,Changes?_APOLLO,,,,,0.073
1426.75,Control_APOLLO,,,,2.498
1426.75,Changes?_APOLLO,,,,,0.067
1431.97,Control_APOLLO,,,,2.304
1431.97,Changes?_APOLLO,,,,,0.076
1437.19,Control_APOLLO,,,,2.242
1437.19,Changes?_APOLLO,,,,,0.053
1442.38,Control_APOLLO,,,,2.451
1442.38,Changes?_APOLLO,,,,,0.057
1447.56,Control_APOLLO,,,,2.234
1447.56,Changes?_APOLLO,,,,,0.159
1452.76,Control_APOLLO,,,,2.369
1452.76,Changes?_APOLLO,,,,,0.072
1458.03,Control_APOLLO,,,,2.514
1458.03,Changes?_APOLLO,,,,,0.054
1462.99,Control_APOLLO,,,,2.26
1462.99,Changes?_APOLLO,,,,,0.051
1468.18,Control_APOLLO,,,,2.362
1468.18,Changes?_APOLLO,,,,,0.071
1473.36,Control_APOLLO,,,,2.401
1473.36,Changes?_APOLLO,,,,,0.077
1478.54,Control_APOLLO,,,,2.299
1478.54,Changes?_APOLLO,,,,,0.05
1483.75,Control_APOLLO,,,,2.271
1483.75,Changes?_APOLLO,,,,,0.054
1488.94,Control_APOLLO,,,,2.4
1488.94,Changes?_APOLLO,,,,,0.051
1494.1,Control_APOLLO,,,,2.234
1494.1,Changes?_APOLLO,,,,,0.052
1499.28,Control_APOLLO,,,,2.335
1499.28,Changes?_APOLLO,,,,,0.052
1504.47,Control_APOLLO,,,,2.194
1504.47,Changes?_APOLLO,,,,,0.075
1509.67,Control_APOLLO,,,,2.326
1509.67,Changes?_APOLLO,,,,,0.106
1514.87,Control_APOLLO,,,,2.415
1514.87,Changes?_APOLLO,,,,,0.054
1520.04,Control_APOLLO,,,,2.28
1520.05,Changes?_APOLLO,,,,,0.05
1525.23,Control_APOLLO,,,,2.232
1525.23,Changes?_APOLLO,,,,,0.074
1530.42,Control_APOLLO,,,,2.355
1530.42,Changes?_APOLLO,,,,,0.065
1535.61,Control_APOLLO,,,,2.244
1535.61,Changes?_APOLLO,,,,,0.089
1540.8,Control_APOLLO,,,,2.309
1540.8,Changes?_APOLLO,,,,,0.05
1545.99,Control_APOLLO,,,,2.266
1545.99,Changes?_APOLLO,,,,,0.051
1551.16,Control_APOLLO,,,,2.19
1551.16,Changes?_APOLLO,,,,,0.053
1556.34,Control_APOLLO,,,,2.505
1556.34,Changes?_APOLLO,,,,,0.085
1561.55,Control_APOLLO,,,,2.342
1561.55,Changes?_APOLLO,,,,,0.077
1566.69,Control_APOLLO,,,,2.125
1566.69,Changes?_APOLLO,,,,,0.075
1571.89,Control_APOLLO,,,,2.184
1571.89,Changes?_APOLLO,,,,,0.072
1577.09,Control_APOLLO,,,,2.269
1577.09,Changes?_APOLLO,,,,,0.05
1582.3,Control_APOLLO,,,,2.286
1582.3,Changes?_APOLLO,,,,,0.054
1587.5,Control_APOLLO,,,,2.344
1587.5,Changes?_APOLLO,,,,,0.074
1592.68,Control_APOLLO,,,,2.258
1592.68,Changes?_APOLLO,,,,,0.057
1598.03,Control_APOLLO,,,,2.604
1598.03,Changes?_APOLLO,,,,,0.087
1602.97,Control_APOLLO,,,,2.221
1602.97,Changes?_APOLLO,,,,,0.052
1608.16,Control_APOLLO,,,,2.172
1608.16,Changes?_APOLLO,,,,,0.057
1613.36,Control_APOLLO,,,,2.406
1613.36,Changes?_APOLLO,,,,,0.053
1618.57,Control_APOLLO,,,,2.342
1618.57,Changes?_APOLLO,,,,,0.048
1623.75,Control_APOLLO,,,,2.136
1623.75,Changes?_APOLLO,,,,,0.056
1628.93,Control_APOLLO,,,,2.265
1628.93,Changes?_APOLLO,,,,,0.098
1634.13,Control_APOLLO,,,,2.132
1634.13,Changes?_APOLLO,,,,,0.052
1639.33,Control_APOLLO,,,,2.427
1639.33,Changes?_APOLLO,,,,,0.051
1644.5,Control_APOLLO,,,,2.102
1644.5,Changes?_APOLLO,,,,,0.048
1649.69,Control_APOLLO,,,,2.135
1649.69,Changes?_APOLLO,,,,,0.052
1654.89,Control_APOLLO,,,,2.317
1654.89,Changes?_APOLLO,,,,,0.075
1660.09,Control_APOLLO,,,,2.399
1660.09,Changes?_APOLLO,,,,,0.085
1665.27,Control_APOLLO,,,,2.116
1665.27,Changes?_APOLLO,,,,,0.049
1670.47,Control_APOLLO,,,,2.278
1670.47,Changes?_APOLLO,,,,,0.052
1675.67,Control_APOLLO,,,,2.228
1675.67,Changes?_APOLLO,,,,,0.07
1680.88,Control_APOLLO,,,,2.338
1680.88,Changes?_APOLLO,,,,,0.05
1686.06,Control_APOLLO,,,,2.338
1686.06,Changes?_APOLLO,,,,,0.05
1691.24,Control_APOLLO,,,,2.21
1691.24,Changes?_APOLLO,,,,,0.055
1696.4,Control_APOLLO,,,,2.357
1696.41,Changes?_APOLLO,,,,,0.078
1701.58,Control_APOLLO,,,,2.265
1701.59,Changes?_APOLLO,,,,,0.049
1706.77,Control_APOLLO,,,,2.104
1706.77,Changes?_APOLLO,,,,,0.106
1711.98,Control_APOLLO,,,,2.327
1711.98,Changes?_APOLLO,,,,,0.05
1717.15,Control_APOLLO,,,,2.173
1717.15,Changes?_APOLLO,,,,,0.059
1722.34,Control_APOLLO,,,,2.28
1722.34,Changes?_APOLLO,,,,,0.05
1727.55,Control_APOLLO,,,,2.409
1727.55,Changes?_APOLLO,,,,,0.071
1732.78,Control_APOLLO,,,,2.386
1732.78,Changes?_APOLLO,,,,,0.052
1737.99,Control_APOLLO,,,,2.256
1737.99,Changes?_APOLLO,,,,,0.049
1743.16,Control_APOLLO,,,,2.275
1743.16,Changes?_APOLLO,,,,,0.048
1748.32,Control_APOLLO,,,,2.074
1748.32,Changes?_APOLLO,,,,,0.049
1753.55,Control_APOLLO,,,,2.376
1753.55,Changes?_APOLLO,,,,,0.057
1758.75,Control_APOLLO,,,,2.278
1758.75,Changes?_APOLLO,,,,,0.073
1763.99,Control_APOLLO,,,,2.464
1764,Changes?_APOLLO,,,,,0.067
1769.15,Control_APOLLO,,,,2.273
1769.15,Changes?_APOLLO,,,,,0.05
1774.34,Control_APOLLO,,,,2.282
1774.34,Changes?_APOLLO,,,,,0.062
1779.55,Control_APOLLO,,,,2.524
1779.55,Changes?_APOLLO,,,,,0.072
1784.77,Control_APOLLO,,,,2.427
1784.77,Changes?_APOLLO,,,,,0.07
1789.98,Control_APOLLO,,,,2.18
1789.98,Changes?_APOLLO,,,,,0.056
1795.19,Control_APOLLO,,,,2.449
1795.19,Changes?_APOLLO,,,,,0.06
1800.41,Control_APOLLO,,,,2.348
1800.41,Changes?_APOLLO,,,,,0.07
1805.65,Control_APOLLO,,,,2.381
1805.65,Changes?_APOLLO,,,,,0.102
1810.89,Control_APOLLO,,,,2.283
1810.89,Changes?_APOLLO,,,,,0.051
1816.08,Control_APOLLO,,,,2.259
1816.08,Changes?_APOLLO,,,,,0.087
1821.28,Control_APOLLO,,,,2.166
1821.28,Changes?_APOLLO,,,,,0.049
1826.44,Control_APOLLO,,,,2.204
1826.44,Changes?_APOLLO,,,,,0.052
1831.62,Control_APOLLO,,,,2.18
1831.62,Changes?_APOLLO,,,,,0.05
1836.81,Control_APOLLO,,,,2.134
1836.81,Changes?_APOLLO,,,,,0.076
1841.99,Control_APOLLO,,,,2.178
1841.99,Changes?_APOLLO,,,,,0.058
1847.16,Control_APOLLO,,,,2.11
1847.16,Changes?_APOLLO,,,,,0.075
1852.33,Control_APOLLO,,,,2.128
1852.33,Changes?_APOLLO,,,,,0.083
1857.52,Control_APOLLO,,,,2.29
1857.52,Changes?_APOLLO,,,,,0.073
1862.73,Control_APOLLO,,,,2.256
1862.73,Changes?_APOLLO,,,,,0.049
1867.92,Control_APOLLO,,,,2.216
1867.92,Changes?_APOLLO,,,,,0.053
1873.11,Control_APOLLO,,,,2.249
1873.12,Changes?_APOLLO,,,,,0.05
1878.32,Control_APOLLO,,,,2.378
1878.32,Changes?_APOLLO,,,,,0.048
1883.51,Control_APOLLO,,,,2.019
1883.51,Changes?_APOLLO,,,,,0.049
1888.71,Control_APOLLO,,,,2.188
1888.71,Changes?_APOLLO,,,,,0.052
1893.92,Control_APOLLO,,,,2.339
1893.92,Changes?_APOLLO,,,,,0.052
1899.08,Control_APOLLO,,,,2.223
1899.08,Changes?_APOLLO,,,,,0.078
1904.26,Control_APOLLO,,,,2.305
1904.26,Changes?_APOLLO,,,,,0.051
1909.47,Control_APOLLO,,,,2.208
1909.47,Changes?_APOLLO,,,,,0.051
1914.66,Control_APOLLO,,,,2.242
1914.66,Changes?_APOLLO,,,,,0.055
1919.85,Control_APOLLO,,,,2.322
1919.85,Changes?_APOLLO,,,,,0.05
1925.04,Control_APOLLO,,,,2.102
1925.04,Changes?_APOLLO,,,,,0.054
1930.23,Control_APOLLO,,,,2.279
1930.23,Changes?_APOLLO,,,,,0.059
1935.42,Control_APOLLO,,,,2.27
1935.42,Changes?_APOLLO,,,,,0.054
1940.6,Control_APOLLO,,,,2.405
1940.6,Changes?_APOLLO,,,,,0.072
1945.79,Control_APOLLO,,,,2.573
1945.79,Changes?_APOLLO,,,,,0.052
1950.99,Control_APOLLO,,,,2.437
1950.99,Changes?_APOLLO,,,,,0.069
1956.17,Control_APOLLO,,,,2.21
1956.17,Changes?_APOLLO,,,,,0.075
1961.47,Control_APOLLO,,,,2.822
1961.47,Changes?_APOLLO,,,,,0.1
1966.42,Control_APOLLO,,,,2.403
1966.42,Changes?_APOLLO,,,,,0.059
1971.62,Control_APOLLO,,,,2.324
1971.62,Changes?_APOLLO,,,,,0.05
1976.81,Control_APOLLO,,,,2.212
1976.81,Changes?_APOLLO,,,,,0.05
1982.04,Control_APOLLO,,,,2.655
1982.04,Changes?_APOLLO,,,,,0.049
1987.22,Control_APOLLO,,,,2.048
1987.22,Changes?_APOLLO,,,,,0.052
1992.41,Control_APOLLO,,,,2.292
1992.41,Changes?_APOLLO,,,,,0.05
1997.73,Control_APOLLO,,,,2.654
1997.73,Changes?_APOLLO,,,,,0.048
2002.68,Control_APOLLO,,,,2.313
2002.68,Changes?_APOLLO,,,,,0.056
2007.89,Control_APOLLO,,,,2.219
2007.89,Changes?_APOLLO,,,,,0.053
2013.06,Control_APOLLO,,,,2.207
2013.06,Changes?_APOLLO,,,,,0.053
2018.33,Control_APOLLO,,,,2.708
2018.33,Changes?_APOLLO,,,,,0.049
2023.28,Control_APOLLO,,,,2.502
2023.28,Changes?_APOLLO,,,,,0.052
2028.48,Control_APOLLO,,,,2.264
2028.48,Changes?_APOLLO,,,,,0.053
2033.7,Control_APOLLO,,,,2.376
2033.7,Changes?_APOLLO,,,,,0.053
2038.91,Control_APOLLO,,,,2.223
2038.92,Changes?_APOLLO,,,,,0.051
2044.14,Control_APOLLO,,,,2.243
2044.14,Changes?_APOLLO,,,,,0.065
2049.32,Control_APOLLO,,,,2.128
2049.32,Changes?_APOLLO,,,,,0.073
2054.51,Control_APOLLO,,,,2.303
2054.51,Changes?_APOLLO,,,,,0.049
2059.73,Control_APOLLO,,,,2.237
2059.73,Changes?_APOLLO,,,,,0.075
2064.93,Control_APOLLO,,,,2.345
2064.93,Changes?_APOLLO,,,,,0.06
2070.26,Control_APOLLO,,,,2.801
2070.26,Changes?_APOLLO,,,,,0.054
2075.37,Control_APOLLO,,,,3.341
2075.37,Changes?_APOLLO,,,,,0.076
2080.31,Control_APOLLO,,,,2.18
2080.31,Changes?_APOLLO,,,,,0.052
2085.49,Control_APOLLO,,,,2.284
2085.49,Changes?_APOLLO,,,,,0.069
2090.68,Control_APOLLO,,,,2.348
2090.68,Changes?_APOLLO,,,,,0.051
2095.87,Control_APOLLO,,,,2.309
2095.87,Changes?_APOLLO,,,,,0.054
2101.05,Control_APOLLO,,,,2.285
2101.05,Changes?_APOLLO,,,,,0.073
2106.22,Control_APOLLO,,,,2.361
2106.22,Changes?_APOLLO,,,,,0.054
2111.43,Control_APOLLO,,,,2.11
2111.43,Changes?_APOLLO,,,,,0.071
2116.62,Control_APOLLO,,,,2.205
2116.62,Changes?_APOLLO,,,,,0.052
2121.8,Control_APOLLO,,,,2.145
2121.8,Changes?_APOLLO,,,,,0.048
2126.99,Control_APOLLO,,,,2.167
2126.99,Changes?_APOLLO,,,,,0.068
2132.19,Control_APOLLO,,,,2.279
2132.19,Changes?_APOLLO,,,,,0.05
2137.36,Control_APOLLO,,,,2.241
2137.36,Changes?_APOLLO,,,,,0.065
2142.55,Control_APOLLO,,,,2.283
2142.55,Changes?_APOLLO,,,,,0.06
2147.74,Control_APOLLO,,,,2.221
2147.74,Changes?_APOLLO,,,,,0.051
2152.89,Control_APOLLO,,,,2.176
2152.89,Changes?_APOLLO,,,,,0.054
2158.08,Control_APOLLO,,,,2.296
2158.08,Changes?_APOLLO,,,,,0.056
2163.26,Control_APOLLO,,,,2.21
2163.26,Changes?_APOLLO,,,,,0.065
2168.42,Control_APOLLO,,,,2.109
2168.42,Changes?_APOLLO,,,,,0.07
2173.62,Control_APOLLO,,,,2.255
2173.62,Changes?_APOLLO,,,,,0.05
2178.79,Control_APOLLO,,,,2.124
2178.79,Changes?_APOLLO,,,,,0.051
2184,Control_APOLLO,,,,2.266
2184,Changes?_APOLLO,,,,,0.069
2189.2,Control_APOLLO,,,,2.363
2189.2,Changes?_APOLLO,,,,,0.07
2194.42,Control_APOLLO,,,,2.325
2194.42,Changes?_APOLLO,,,,,0.053
2199.68,Control_APOLLO,,,,2.508
2199.68,Changes?_APOLLO,,,,,0.061
2204.63,Control_APOLLO,,,,2.193
2204.63,Changes?_APOLLO,,,,,0.078
2209.91,Control_APOLLO,,,,2.529
2209.91,Changes?_APOLLO,,,,,0.076
2214.86,Control_APOLLO,,,,2.246
2214.86,Changes?_APOLLO,,,,,0.062
2220.1,Control_APOLLO,,,,2.315
2220.1,Changes?_APOLLO,,,,,0.082
2225.33,Control_APOLLO,,,,2.296
2225.33,Changes?_APOLLO,,,,,0.067
2230.58,Control_APOLLO,,,,2.429
2230.59,Changes?_APOLLO,,,,,0.074
2235.6,Control_APOLLO,,,,2.391
2235.6,Changes?_APOLLO,,,,,0.053
2240.62,Control_APOLLO,,,,2.401
2240.62,Changes?_APOLLO,,,,,0.069
2245.64,Control_APOLLO,,,,2.332
2245.64,Changes?_APOLLO,,,,,0.053
2250.65,Control_APOLLO,,,,2.431
2250.65,Changes?_APOLLO,,,,,0.056
2255.63,Control_APOLLO,,,,2.382
2255.63,Changes?_APOLLO,,,,,0.073
2260.86,Control_APOLLO,,,,2.448
2260.86,Changes?_APOLLO,,,,,0.053
2266.15,Control_APOLLO,,,,2.628
2266.15,Changes?_APOLLO,,,,,0.072
2271.2,Control_APOLLO,,,,2.209
2271.2,Changes?_APOLLO,,,,,0.086
2276.21,Control_APOLLO,,,,2.428
2276.21,Changes?_APOLLO,,,,,0.055
2281.49,Control_APOLLO,,,,2.469
2281.49,Changes?_APOLLO,,,,,0.069
2286.5,Control_APOLLO,,,,2.458
2286.5,Changes?_APOLLO,,,,,0.092
2291.5,Control_APOLLO,,,,2.411
2291.5,Changes?_APOLLO,,,,,0.099
2296.75,Control_APOLLO,,,,2.411
2296.75,Changes?_APOLLO,,,,,0.077
2301.98,Control_APOLLO,,,,2.373
2301.98,Changes?_APOLLO,,,,,0.085
2307.23,Control_APOLLO,,,,2.465
2307.23,Changes?_APOLLO,,,,,0.08
2312.24,Control_APOLLO,,,,2.307
2312.24,Changes?_APOLLO,,,,,0.069
2317.24,Control_APOLLO,,,,2.405
2317.24,Changes?_APOLLO,,,,,0.049
2322.21,Control_APOLLO,,,,2.271
2322.21,Changes?_APOLLO,,,,,0.076
2327.4,Control_APOLLO,,,,2.296
2327.4,Changes?_APOLLO,,,,,0.058
2332.58,Control_APOLLO,,,,2.051
2332.58,Changes?_APOLLO,,,,,0.05
2337.78,Control_APOLLO,,,,2.16
2337.78,Changes?_APOLLO,,,,,0.057
2343.01,Control_APOLLO,,,,2.15
2343.01,Changes?_APOLLO,,,,,0.054
2348.28,Control_APOLLO,,,,2.484
2348.28,Changes?_APOLLO,,,,,0.076
2353.3,Control_APOLLO,,,,2.39
2353.3,Changes?_APOLLO,,,,,0.074
2358.32,Control_APOLLO,,,,2.451
2358.32,Changes?_APOLLO,,,,,0.067
2363.34,Control_APOLLO,,,,2.335
2363.34,Changes?_APOLLO,,,,,0.081
2368.34,Control_APOLLO,,,,2.26
2368.34,Changes?_APOLLO,,,,,0.066
2373.35,Control_APOLLO,,,,2.297
2373.35,Changes?_APOLLO,,,,,0.064
2378.38,Control_APOLLO,,,,2.393
2378.39,Changes?_APOLLO,,,,,0.068
2383.4,Control_APOLLO,,,,2.545
2383.41,Changes?_APOLLO,,,,,0.06
2388.4,Control_APOLLO,,,,2.266
2388.4,Changes?_APOLLO,,,,,0.076
2393.67,Control_APOLLO,,,,2.271
2393.67,Changes?_APOLLO,,,,,0.05
2398.68,Control_APOLLO,,,,2.23
2398.68,Changes?_APOLLO,,,,,0.068
2403.67,Control_APOLLO,,,,2.3
2403.67,Changes?_APOLLO,,,,,0.05
2408.99,Control_APOLLO,,,,2.501
2408.99,Changes?_APOLLO,,,,,0.065
2413.98,Control_APOLLO,,,,2.214
2413.98,Changes?_APOLLO,,,,,0.085
2419.2,Control_APOLLO,,,,2.436
2419.2,Changes?_APOLLO,,,,,0.074
2424.42,Control_APOLLO,,,,2.237
2424.42,Changes?_APOLLO,,,,,0.077
2429.66,Control_APOLLO,,,,2.604
2429.66,Changes?_APOLLO,,,,,0.072
2434.89,Control_APOLLO,,,,2.438
2434.89,Changes?_APOLLO,,,,,0.066
2440.09,Control_APOLLO,,,,2.368
2440.09,Changes?_APOLLO,,,,,0.066
2445.33,Control_APOLLO,,,,2.274
2445.33,Changes?_APOLLO,,,,,0.075
2450.34,Control_APOLLO,,,,2.423
2450.34,Changes?_APOLLO,,,,,0.076
2455.38,Control_APOLLO,,,,2.503
2455.38,Changes?_APOLLO,,,,,0.061
2460.39,Control_APOLLO,,,,2.238
2460.39,Changes?_APOLLO,,,,,0.089
2465.38,Control_APOLLO,,,,2.241
2465.38,Changes?_APOLLO,,,,,0.073
2470.62,Control_APOLLO,,,,2.444
2470.62,Changes?_APOLLO,,,,,0.052
2475.86,Control_APOLLO,,,,2.415
2475.86,Changes?_APOLLO,,,,,0.063
2481.16,Control_APOLLO,,,,2.325
2481.16,Changes?_APOLLO,,,,,0.07
2486.2,Control_APOLLO,,,,2.388
2486.2,Changes?_APOLLO,,,,,0.086
2491.21,Control_APOLLO,,,,2.325
2491.21,Changes?_APOLLO,,,,,0.065
2496.22,Control_APOLLO,,,,2.4
2496.22,Changes?_APOLLO,,,,,0.053
2501.24,Control_APOLLO,,,,2.449
2501.25,Changes?_APOLLO,,,,,0.109
2506.24,Control_APOLLO,,,,2.332
2506.24,Changes?_APOLLO,,,,,0.073
2511.26,Control_APOLLO,,,,2.366
2511.26,Changes?_APOLLO,,,,,0.071
2516.26,Control_APOLLO,,,,2.301
2516.26,Changes?_APOLLO,,,,,0.075
2521.25,Control_APOLLO,,,,2.335
2521.25,Changes?_APOLLO,,,,,0.074
2526.49,Control_APOLLO,,,,2.27
2526.49,Changes?_APOLLO,,,,,0.049
2531.72,Control_APOLLO,,,,2.266
2531.72,Changes?_APOLLO,,,,,0.068
2536.97,Control_APOLLO,,,,2.346
2536.97,Changes?_APOLLO,,,,,0.067
2541.94,Control_APOLLO,,,,2.269
2541.94,Changes?_APOLLO,,,,,0.07
2547.2,Control_APOLLO,,,,2.356
2547.2,Changes?_APOLLO,,,,,0.055
2552.43,Control_APOLLO,,,,2.21
2552.43,Changes?_APOLLO,,,,,0.071
2557.63,Control_APOLLO,,,,2.324
2557.63,Changes?_APOLLO,,,,,0.078
2562.9,Control_APOLLO,,,,2.406
2562.9,Changes?_APOLLO,,,,,0.079
2567.85,Control_APOLLO,,,,2.286
2567.85,Changes?_APOLLO,,,,,0.071
2573.1,Control_APOLLO,,,,2.403
2573.1,Changes?_APOLLO,,,,,0.052
2578.38,Control_APOLLO,,,,2.31
2578.38,Changes?_APOLLO,,,,,0.079
2583.35,Control_APOLLO,,,,2.5
2583.35,Changes?_APOLLO,,,,,0.097
2588.6,Control_APOLLO,,,,2.574
2588.6,Changes?_APOLLO,,,,,0.061
2593.59,Control_APOLLO,,,,2.331
2593.59,Changes?_APOLLO,,,,,0.071
2598.87,Control_APOLLO,,,,2.287
2598.87,Changes?_APOLLO,,,,,0.076
2603.93,Control_APOLLO,,,,2.617
2603.93,Changes?_APOLLO,,,,,0.098
2608.93,Control_APOLLO,,,,2.478
2608.93,Changes?_APOLLO,,,,,0.075
2614.14,Control_APOLLO,,,,2.286
2614.14,Changes?_APOLLO,,,,,0.08
2619.36,Control_APOLLO,,,,2.194
2619.36,Changes?_APOLLO,,,,,0.051
2624.61,Control_APOLLO,,,,2.325
2624.61,Changes?_APOLLO,,,,,0.07
2629.9,Control_APOLLO,,,,2.57
2629.9,Changes?_APOLLO,,,,,0.074
2634.89,Control_APOLLO,,,,2.303
2634.89,Changes?_APOLLO,,,,,0.074
2640.15,Control_APOLLO,,,,2.253
2640.15,Changes?_APOLLO,,,,,0.05
2645.18,Control_APOLLO,,,,2.203
2645.18,Changes?_APOLLO,,,,,0.064
2650.2,Control_APOLLO,,,,2.421
2650.2,Changes?_APOLLO,,,,,0.085
2655.18,Control_APOLLO,,,,2.249
2655.18,Changes?_APOLLO,,,,,0.05
2660.42,Control_APOLLO,,,,2.428
2660.42,Changes?_APOLLO,,,,,0.073
2665.64,Control_APOLLO,,,,2.408
2665.64,Changes?_APOLLO,,,,,0.061
2670.93,Control_APOLLO,,,,2.389
2670.93,Changes?_APOLLO,,,,,0.073
2675.97,Control_APOLLO,,,,2.492
2675.97,Changes?_APOLLO,,,,,0.071
2680.96,Control_APOLLO,,,,2.269
2680.96,Changes?_APOLLO,,,,,0.09
2686.22,Control_APOLLO,,,,2.432
2686.22,Changes?_APOLLO,,,,,0.051
2691.17,Control_APOLLO,,,,2.358
2691.17,Changes?_APOLLO,,,,,0.071
2696.44,Control_APOLLO,,,,2.556
2696.44,Changes?_APOLLO,,,,,0.071
2701.47,Control_APOLLO,,,,2.464
2701.47,Changes?_APOLLO,,,,,0.084
2706.47,Control_APOLLO,,,,2.359
2706.47,Changes?_APOLLO,,,,,0.063
2711.67,Control_APOLLO,,,,2.531
2711.67,Changes?_APOLLO,,,,,0.08
2716.91,Control_APOLLO,,,,2.257
2716.91,Changes?_APOLLO,,,,,0.072
2722.18,Control_APOLLO,,,,2.391
2722.18,Changes?_APOLLO,,,,,0.067
2727.22,Control_APOLLO,,,,2.393
2727.22,Changes?_APOLLO,,,,,0.049
2732.25,Control_APOLLO,,,,2.369
2732.25,Changes?_APOLLO,,,,,0.083
2737.25,Control_APOLLO,,,,2.406
2737.25,Changes?_APOLLO,,,,,0.072
2742.23,Control_APOLLO,,,,2.292
2742.23,Changes?_APOLLO,,,,,0.072
2747.47,Control_APOLLO,,,,2.3
2747.47,Changes?_APOLLO,,,,,0.072
2752.8,Control_APOLLO,,,,2.482
2752.8,Changes?_APOLLO,,,,,0.101
2757.81,Control_APOLLO,,,,2.654
2757.81,Changes?_APOLLO,,,,,0.061
2762.8,Control_APOLLO,,,,2.387
2762.8,Changes?_APOLLO,,,,,0.087
2768.01,Control_APOLLO,,,,2.327
2768.01,Changes?_APOLLO,,,,,0.071
2773.27,Control_APOLLO,,,,2.233
2773.27,Changes?_APOLLO,,,,,0.069
2778.32,Control_APOLLO,,,,2.28
2778.32,Changes?_APOLLO,,,,,0.077
2783.34,Control_APOLLO,,,,2.286
2783.34,Changes?_APOLLO,,,,,0.11
2788.33,Control_APOLLO,,,,2.405
2788.34,Changes?_APOLLO,,,,,0.158
2793.52,Control_APOLLO,,,,2.118
2793.52,Changes?_APOLLO,,,,,0.056
2798.78,Control_APOLLO,,,,2.468
2798.78,Changes?_APOLLO,,,,,0.059
2803.79,Control_APOLLO,,,,2.258
2803.79,Changes?_APOLLO,,,,,0.074
2808.8,Control_APOLLO,,,,2.281
2808.8,Changes?_APOLLO,,,,,0.074
2813.8,Control_APOLLO,,,,2.548
2813.8,Changes?_APOLLO,,,,,0.075
2818.78,Control_APOLLO,,,,2.357
2818.78,Changes?_APOLLO,,,,,0.088
2824.06,Control_APOLLO,,,,2.371
2824.06,Changes?_APOLLO,,,,,0.065
2829.06,Control_APOLLO,,,,2.247
2829.06,Changes?_APOLLO,,,,,0.099
2834.27,Control_APOLLO,,,,2.397
2834.27,Changes?_APOLLO,,,,,0.095
2839.49,Control_APOLLO,,,,2.397
2839.49,Changes?_APOLLO,,,,,0.081
2844.67,Control_APOLLO,,,,2.202
2844.67,Changes?_APOLLO,,,,,0.069
2849.98,Control_APOLLO,,,,2.513
2849.98,Changes?_APOLLO,,,,,0.053
2854.96,Control_APOLLO,,,,2.249
2854.96,Changes?_APOLLO,,,,,0.069
2860.17,Control_APOLLO,,,,2.275
2860.17,Changes?_APOLLO,,,,,0.074
2865.42,Control_APOLLO,,,,2.249
2865.42,Changes?_APOLLO,,,,,0.066
2870.65,Control_APOLLO,,,,2.238
2870.65,Changes?_APOLLO,,,,,0.09
2875.92,Control_APOLLO,,,,2.369
2875.92,Changes?_APOLLO,,,,,0.066
2880.92,Control_APOLLO,,,,2.554
2880.92,Changes?_APOLLO,,,,,0.056
2886.16,Control_APOLLO,,,,2.257
2886.16,Changes?_APOLLO,,,,,0.074
2891.16,Control_APOLLO,,,,2.335
2891.16,Changes?_APOLLO,,,,,0.071
2896.48,Control_APOLLO,,,,2.394
2896.48,Changes?_APOLLO,,,,,0.086
2901.55,Control_APOLLO,,,,2.482
2901.55,Changes?_APOLLO,,,,,0.08
2906.54,Control_APOLLO,,,,2.336
2906.55,Changes?_APOLLO,,,,,0.058
2911.55,Control_APOLLO,,,,2.39
2911.55,Changes?_APOLLO,,,,,0.074
2916.49,Control_APOLLO,,,,2.308
2916.49,Changes?_APOLLO,,,,,0.056
2921.65,Control_APOLLO,,,,2.05
2921.66,Changes?_APOLLO,,,,,0.058
2926.91,Control_APOLLO,,,,2.222
2926.91,Changes?_APOLLO,,,,,0.077
2932.15,Control_APOLLO,,,,2.421
2932.15,Changes?_APOLLO,,,,,0.05
2937.92,Control_APOLLO,,,,3.199
2937.92,Changes?_APOLLO,,,,,0.085
2942.48,Control_APOLLO,,,,2.338
2942.48,Changes?_APOLLO,,,,,0.074
2947.47,Control_APOLLO,,,,2.302
2947.47,Changes?_APOLLO,,,,,0.069
2952.75,Control_APOLLO,,,,2.426
2952.75,Changes?_APOLLO,,,,,0.121
2957.73,Control_APOLLO,,,,2.417
2957.73,Changes?_APOLLO,,,,,0.083
2962.99,Control_APOLLO,,,,2.402
2962.99,Changes?_APOLLO,,,,,0.093
2967.97,Control_APOLLO,,,,2.366
2967.97,Changes?_APOLLO,,,,,0.048
2973.23,Control_APOLLO,,,,2.561
2973.23,Changes?_APOLLO,,,,,0.057
2978.23,Control_APOLLO,,,,2.632
2978.23,Changes?_APOLLO,,,,,0.069
2983.3,Control_APOLLO,,,,3.131
2983.3,Changes?_APOLLO,,,,,0.18
2988.28,Control_APOLLO,,,,2.445
2988.28,Changes?_APOLLO,,,,,0.082
2993.53,Control_APOLLO,,,,2.332
2993.53,Changes?_APOLLO,,,,,0.076
2998.53,Control_APOLLO,,,,2.396
2998.53,Changes?_APOLLO,,,,,0.083
3003.77,Control_APOLLO,,,,2.329
3003.77,Changes?_APOLLO,,,,,0.072
3009.05,Control_APOLLO,,,,2.49
3009.05,Changes?_APOLLO,,,,,0.097
3013.99,Control_APOLLO,,,,2.222
3013.99,Changes?_APOLLO,,,,,0.094
3019.26,Control_APOLLO,,,,2.508
3019.26,Changes?_APOLLO,,,,,0.074
3024.24,Control_APOLLO,,,,2.439
3024.24,Changes?_APOLLO,,,,,0.077
3029.44,Control_APOLLO,,,,2.278
3029.44,Changes?_APOLLO,,,,,0.071
3034.64,Control_APOLLO,,,,2.153
3034.64,Changes?_APOLLO,,,,,0.075
3039.83,Control_APOLLO,,,,2.202
3039.83,Changes?_APOLLO,,,,,0.105
3045.11,Control_APOLLO,,,,2.407
3045.11,Changes?_APOLLO,,,,,0.056
3050.13,Control_APOLLO,,,,2.35
3050.13,Changes?_APOLLO,,,,,0.074
3055.14,Control_APOLLO,,,,2.287
3055.14,Changes?_APOLLO,,,,,0.079
3060.12,Control_APOLLO,,,,2.286
3060.12,Changes?_APOLLO,,,,,0.081
3065.34,Control_APOLLO,,,,2.413
3065.34,Changes?_APOLLO,,,,,0.045
3070.66,Control_APOLLO,,,,2.444
3070.66,Changes?_APOLLO,,,,,0.079
3075.64,Control_APOLLO,,,,2.684
3075.64,Changes?_APOLLO,,,,,0.065
3080.85,Control_APOLLO,,,,2.302
3080.85,Changes?_APOLLO,,,,,0.069
3086.15,Control_APOLLO,,,,2.393
3086.15,Changes?_APOLLO,,,,,0.09
3091.13,Control_APOLLO,,,,2.417
3091.13,Changes?_APOLLO,,,,,0.087
3096.39,Control_APOLLO,,,,2.466
3096.39,Changes?_APOLLO,,,,,0.088
3101.41,Control_APOLLO,,,,2.409
3101.41,Changes?_APOLLO,,,,,0.07
3106.38,Control_APOLLO,,,,2.406
3106.38,Changes?_APOLLO,,,,,0.072
3111.68,Control_APOLLO,,,,2.475
3111.68,Changes?_APOLLO,,,,,0.045
3116.7,Control_APOLLO,,,,2.568
3116.7,Changes?_APOLLO,,,,,0.082
3121.71,Control_APOLLO,,,,2.463
3121.71,Changes?_APOLLO,,,,,0.052
3126.71,Control_APOLLO,,,,2.574
3126.71,Changes?_APOLLO,,,,,0.06
3131.96,Control_APOLLO,,,,2.287
3131.96,Changes?_APOLLO,,,,,0.059
3137.2,Control_APOLLO,,,,2.423
3137.2,Changes?_APOLLO,,,,,0.071
3142.52,Control_APOLLO,,,,2.526
3142.52,Changes?_APOLLO,,,,,0.08
3147.56,Control_APOLLO,,,,2.516
3147.56,Changes?_APOLLO,,,,,0.062
3152.57,Control_APOLLO,,,,2.271
3152.57,Changes?_APOLLO,,,,,0.079
3157.6,Control_APOLLO,,,,2.356
3157.6,Changes?_APOLLO,,,,,0.078
3162.66,Control_APOLLO,,,,2.608
3162.66,Changes?_APOLLO,,,,,0.07
3167.73,Control_APOLLO,,,,2.47
3167.73,Changes?_APOLLO,,,,,0.063
3172.77,Control_APOLLO,,,,2.373
3172.77,Changes?_APOLLO,,,,,0.101
3177.77,Control_APOLLO,,,,2.527
3177.77,Changes?_APOLLO,,,,,0.094
3182.74,Control_APOLLO,,,,2.528
3182.74,Changes?_APOLLO,,,,,0.065
3188.05,Control_APOLLO,,,,2.856
3188.05,Changes?_APOLLO,,,,,0.086
3193.25,Control_APOLLO,,,,2.902
3193.25,Changes?_APOLLO,,,,,0.07
3198.42,Control_APOLLO,,,,2.954
3198.42,Changes?_APOLLO,,,,,0.07
3203.44,Control_APOLLO,,,,2.436
3203.44,Changes?_APOLLO,,,,,0.092
3208.68,Control_APOLLO,,,,3.103
3208.68,Changes?_APOLLO,,,,,0.111
3213.85,Control_APOLLO,,,,3.274
3213.85,Changes?_APOLLO,,,,,0.079
3218.84,Control_APOLLO,,,,2.265
3218.84,Changes?_APOLLO,,,,,0.051
3224.09,Control_APOLLO,,,,2.31
3224.09,Changes?_APOLLO,,,,,0.05
3229.09,Control_APOLLO,,,,2.34
3229.09,Changes?_APOLLO,,,,,0.065
3234.32,Control_APOLLO,,,,2.366
3234.32,Changes?_APOLLO,,,,,0.089
3239.56,Control_APOLLO,,,,2.282
3239.56,Changes?_APOLLO,,,,,0.069
3244.78,Control_APOLLO,,,,2.404
3244.78,Changes?_APOLLO,,,,,0.08
3250.03,Control_APOLLO,,,,2.336
3250.03,Changes?_APOLLO,,,,,0.067
3255.34,Control_APOLLO,,,,2.509
3255.34,Changes?_APOLLO,,,,,0.081
3260.32,Control_APOLLO,,,,2.274
3260.32,Changes?_APOLLO,,,,,0.05
3265.59,Control_APOLLO,,,,2.278
3265.59,Changes?_APOLLO,,,,,0.068
3270.61,Control_APOLLO,,,,2.397
3270.61,Changes?_APOLLO,,,,,0.071
3275.61,Control_APOLLO,,,,2.366
3275.61,Changes?_APOLLO,,,,,0.05
3280.83,Control_APOLLO,,,,2.38
3280.83,Changes?_APOLLO,,,,,0.084
3286.09,Control_APOLLO,,,,2.528
3286.09,Changes?_APOLLO,,,,,0.074
3291.41,Control_APOLLO,,,,2.883
3291.41,Changes?_APOLLO,,,,,0.083
3296.52,Control_APOLLO,,,,2.96
3296.52,Changes?_APOLLO,,,,,0.077
3301.38,Control_APOLLO,,,,2.538
3301.38,Changes?_APOLLO,,,,,0.105
3306.41,Control_APOLLO,,,,2.452
3306.41,Changes?_APOLLO,,,,,0.073
3311.36,Control_APOLLO,,,,2.189
3311.36,Changes?_APOLLO,,,,,0.05
3316.55,Control_APOLLO,,,,2.311
3316.55,Changes?_APOLLO,,,,,0.066
3321.92,Control_APOLLO,,,,2.503
3321.92,Changes?_APOLLO,,,,,0.349
3327.28,Control_APOLLO,,,,2.752
3327.28,Changes?_APOLLO,,,,,0.085
3332.4,Control_APOLLO,,,,2.853
3332.4,Changes?_APOLLO,,,,,0.088
3337.33,Control_APOLLO,,,,2.616
3337.33,Changes?_APOLLO,,,,,0.085
3342.9,Control_APOLLO,,,,4.799
3342.9,Changes?_APOLLO,,,,,0.172
3347.47,Control_APOLLO,,,,2.287
3347.47,Changes?_APOLLO,,,,,0.07
3352.46,Control_APOLLO,,,,2.439
3352.46,Changes?_APOLLO,,,,,0.073
3357.79,Control_APOLLO,,,,2.633
3357.79,Changes?_APOLLO,,,,,0.073
3362.82,Control_APOLLO,,,,2.574
3362.82,Changes?_APOLLO,,,,,0.096
3368.26,Control_APOLLO,,,,3.302
3368.26,Changes?_APOLLO,,,,,0.076
3373.53,Control_APOLLO,,,,3.595
3373.54,Changes?_APOLLO,,,,,0.239
3378.03,Control_APOLLO,,,,2.341
3378.03,Changes?_APOLLO,,,,,0.095
3383.26,Control_APOLLO,,,,2.382
3383.26,Changes?_APOLLO,,,,,0.07
3388.49,Control_APOLLO,,,,2.369
3388.49,Changes?_APOLLO,,,,,0.074
3394.15,Control_APOLLO,,,,4.698
3394.15,Changes?_APOLLO,,,,,0.074
3398.89,Control_APOLLO,,,,2.446
3398.89,Changes?_APOLLO,,,,,0.052
3404,Control_APOLLO,,,,2.324
3404.01,Changes?_APOLLO,,,,,0.084
3408.96,Control_APOLLO,,,,2.407
3408.96,Changes?_APOLLO,,,,,0.078
3414.22,Control_APOLLO,,,,2.348
3414.23,Changes?_APOLLO,,,,,0.064
3419.23,Control_APOLLO,,,,2.362
3419.23,Changes?_APOLLO,,,,,0.077
3425.09,Control_APOLLO,,,,4.647
3425.09,Changes?_APOLLO,,,,,0.27
3429.62,Control_APOLLO,,,,2.5
3429.62,Changes?_APOLLO,,,,,0.092
3435.03,Control_APOLLO,,,,3.492
3435.03,Changes?_APOLLO,,,,,0.163
3439.76,Control_APOLLO,,,,2.281
3439.76,Changes?_APOLLO,,,,,0.08
3445.64,Control_APOLLO,,,,5.294
3445.64,Changes?_APOLLO,,,,,0.069
3450.15,Control_APOLLO,,,,2.307
3450.15,Changes?_APOLLO,,,,,0.071
3455.15,Control_APOLLO,,,,2.293
3455.15,Changes?_APOLLO,,,,,0.076
3460.58,Control_APOLLO,,,,3.538
3460.58,Changes?_APOLLO,,,,,0.084
3465.85,Control_APOLLO,,,,3.847
3465.85,Changes?_APOLLO,,,,,0.064
3470.88,Control_APOLLO,,,,3.076
3470.88,Changes?_APOLLO,,,,,0.07
3476.18,Control_APOLLO,,,,3.702
3476.18,Changes?_APOLLO,,,,,0.215
3481.09,Control_APOLLO,,,,4.644
3481.09,Changes?_APOLLO,,,,,0.077
3486.43,Control_APOLLO,,,,3.44
3486.43,Changes?_APOLLO,,,,,0.086
3490.9,Control_APOLLO,,,,2.51
3490.9,Changes?_APOLLO,,,,,0.071
3496.28,Control_APOLLO,,,,2.757
3496.28,Changes?_APOLLO,,,,,0.075
3501.29,Control_APOLLO,,,,2.337
3501.29,Changes?_APOLLO,,,,,0.073
3506.52,Control_APOLLO,,,,2.421
3506.52,Changes?_APOLLO,,,,,0.067
3511.98,Control_APOLLO,,,,3.66
3511.98,Changes?_APOLLO,,,,,0.078
3517.07,Control_APOLLO,,,,2.446
3517.07,Changes?_APOLLO,,,,,0.079
3522.07,Control_APOLLO,,,,2.485
3522.07,Changes?_APOLLO,,,,,0.05
3527.28,Control_APOLLO,,,,2.313
3527.28,Changes?_APOLLO,,,,,0.059
3532.53,Control_APOLLO,,,,2.436
3532.53,Changes?_APOLLO,,,,,0.063
3537.93,Control_APOLLO,,,,3.538
3537.93,Changes?_APOLLO,,,,,0.08
3543.62,Control_APOLLO,,,,6.046
3543.62,Changes?_APOLLO,,,,,0.083
3548.51,Control_APOLLO,,,,5.795
3548.52,Changes?_APOLLO,,,,,0.196
3553.2,Control_APOLLO,,,,2.183
3553.2,Changes?_APOLLO,,,,,0.052
3558.56,Control_APOLLO,,,,3.462
3558.56,Changes?_APOLLO,,,,,0.053
3564.06,Control_APOLLO,,,,4.985
3564.06,Changes?_APOLLO,,,,,0.241
3568.77,Control_APOLLO,,,,2.341
3568.77,Changes?_APOLLO,,,,,0.055
3573.95,Control_APOLLO,,,,2.135
3573.96,Changes?_APOLLO,,,,,0.086
3579.45,Control_APOLLO,,,,4.529
3579.46,Changes?_APOLLO,,,,,0.209
3584.38,Control_APOLLO,,,,2.229
3584.39,Changes?_APOLLO,,,,,0.05
3589.56,Control_APOLLO,,,,2.214
3589.56,Changes?_APOLLO,,,,,0.071
3594.74,Control_APOLLO,,,,2.164
3594.75,Changes?_APOLLO,,,,,0.052
3599.92,Control_APOLLO,,,,2.4
3599.92,Changes?_APOLLO,,,,,0.056
3605.66,Control_APOLLO,,,,5.592
3605.67,Changes?_APOLLO,,,,,0.191
3610.34,Control_APOLLO,,,,2.245
3610.34,Changes?_APOLLO,,,,,0.055
3615.53,Control_APOLLO,,,,2.322
3615.53,Changes?_APOLLO,,,,,0.084
3620.72,Control_APOLLO,,,,2.297
3620.72,Changes?_APOLLO,,,,,0.049
3626.26,Control_APOLLO,,,,5.057
3626.27,Changes?_APOLLO,,,,,0.185
3631.17,Control_APOLLO,,,,3.553
3631.17,Changes?_APOLLO,,,,,0.056
3636.1,Control_APOLLO,,,,2.208
3636.1,Changes?_APOLLO,,,,,0.053
3641.3,Control_APOLLO,,,,2.13
3641.3,Changes?_APOLLO,,,,,0.052
3646.52,Control_APOLLO,,,,2.159
3646.52,Changes?_APOLLO,,,,,0.056
3651.72,Control_APOLLO,,,,2.365
3651.72,Changes?_APOLLO,,,,,0.05
3656.93,Control_APOLLO,,,,2.376
3656.93,Changes?_APOLLO,,,,,0.053
3662.1,Control_APOLLO,,,,2.185
3662.1,Changes?_APOLLO,,,,,0.069
3667.29,Control_APOLLO,,,,2.197
3667.29,Changes?_APOLLO,,,,,0.052
3672.47,Control_APOLLO,,,,2.317
3672.48,Changes?_APOLLO,,,,,0.052
3677.65,Control_APOLLO,,,,2.269
3677.65,Changes?_APOLLO,,,,,0.07
3682.85,Control_APOLLO,,,,2.162
3682.85,Changes?_APOLLO,,,,,0.058
3688.04,Control_APOLLO,,,,2.325
3688.04,Changes?_APOLLO,,,,,0.059
3693.26,Control_APOLLO,,,,2.181
3693.26,Changes?_APOLLO,,,,,0.055
3698.46,Control_APOLLO,,,,2.244
3698.46,Changes?_APOLLO,,,,,0.076
3703.64,Control_APOLLO,,,,2.242
3703.64,Changes?_APOLLO,,,,,0.057
3708.85,Control_APOLLO,,,,2.308
3708.85,Changes?_APOLLO,,,,,0.054
3714.04,Control_APOLLO,,,,2.241
3714.04,Changes?_APOLLO,,,,,0.049
3719.25,Control_APOLLO,,,,2.346
3719.25,Changes?_APOLLO,,,,,0.056
3724.43,Control_APOLLO,,,,2.227
3724.43,Changes?_APOLLO,,,,,0.06
3729.63,Control_APOLLO,,,,2.238
3729.63,Changes?_APOLLO,,,,,0.053
3734.84,Control_APOLLO,,,,2.348
3734.84,Changes?_APOLLO,,,,,0.062
3740.05,Control_APOLLO,,,,2.23
3740.05,Changes?_APOLLO,,,,,0.052
3745.23,Control_APOLLO,,,,2.094
3745.23,Changes?_APOLLO,,,,,0.049
3750.42,Control_APOLLO,,,,2.329
3750.42,Changes?_APOLLO,,,,,0.063
3755.6,Control_APOLLO,,,,2.394
3755.6,Changes?_APOLLO,,,,,0.052
3760.76,Control_APOLLO,,,,2.063
3760.76,Changes?_APOLLO,,,,,0.094
3765.97,Control_APOLLO,,,,2.275
3765.97,Changes?_APOLLO,,,,,0.054
3771.18,Control_APOLLO,,,,2.441
3771.18,Changes?_APOLLO,,,,,0.073
3776.36,Control_APOLLO,,,,2.198
3776.36,Changes?_APOLLO,,,,,0.059
3781.54,Control_APOLLO,,,,2.245
3781.54,Changes?_APOLLO,,,,,0.052
3786.72,Control_APOLLO,,,,2.344
3786.72,Changes?_APOLLO,,,,,0.077
3791.91,Control_APOLLO,,,,2.274
3791.91,Changes?_APOLLO,,,,,0.05
3797.08,Control_APOLLO,,,,2.359
3797.08,Changes?_APOLLO,,,,,0.066
3802.24,Control_APOLLO,,,,2.077
3802.24,Changes?_APOLLO,,,,,0.052
3807.45,Control_APOLLO,,,,2.272
3807.45,Changes?_APOLLO,,,,,0.073
3812.63,Control_APOLLO,,,,2.125
3812.63,Changes?_APOLLO,,,,,0.051
3817.79,Control_APOLLO,,,,2.254
3817.8,Changes?_APOLLO,,,,,0.053
3823,Control_APOLLO,,,,2.208
3823,Changes?_APOLLO,,,,,0.051
3828.23,Control_APOLLO,,,,2.49
3828.23,Changes?_APOLLO,,,,,0.051
3833.42,Control_APOLLO,,,,2.201
3833.42,Changes?_APOLLO,,,,,0.052
3838.63,Control_APOLLO,,,,2.362
3838.63,Changes?_APOLLO,,,,,0.089
3843.82,Control_APOLLO,,,,2.329
3843.82,Changes?_APOLLO,,,,,0.05
3849.02,Control_APOLLO,,,,2.315
3849.02,Changes?_APOLLO,,,,,0.079
3854.21,Control_APOLLO,,,,2.451
3854.21,Changes?_APOLLO,,,,,0.06
3859.38,Control_APOLLO,,,,2.057
3859.38,Changes?_APOLLO,,,,,0.049
3864.59,Control_APOLLO,,,,2.295
3864.59,Changes?_APOLLO,,,,,0.049
3869.81,Control_APOLLO,,,,2.321
3869.81,Changes?_APOLLO,,,,,0.057
3875.02,Control_APOLLO,,,,2.178
3875.02,Changes?_APOLLO,,,,,0.054
3880.21,Control_APOLLO,,,,2.168
3880.21,Changes?_APOLLO,,,,,0.05
3885.37,Control_APOLLO,,,,2.075
3885.37,Changes?_APOLLO,,,,,0.073
3890.6,Control_APOLLO,,,,2.272
3890.6,Changes?_APOLLO,,,,,0.051
3895.81,Control_APOLLO,,,,2.155
3895.81,Changes?_APOLLO,,,,,0.079
3901.07,Control_APOLLO,,,,2.375
3901.07,Changes?_APOLLO,,,,,0.074
3906.06,Control_APOLLO,,,,2.357
3906.06,Changes?_APOLLO,,,,,0.062
3911.25,Control_APOLLO,,,,2.205
3911.25,Changes?_APOLLO,,,,,0.066
3916.47,Control_APOLLO,,,,2.204
3916.48,Changes?_APOLLO,,,,,0.055
3921.74,Control_APOLLO,,,,2.439
3921.74,Changes?_APOLLO,,,,,0.055
3926.7,Control_APOLLO,,,,2.554
3926.7,Changes?_APOLLO,,,,,0.069
3931.94,Control_APOLLO,,,,2.591
3931.94,Changes?_APOLLO,,,,,0.07
3937.19,Control_APOLLO,,,,2.41
3937.19,Changes?_APOLLO,,,,,0.082
3942.44,Control_APOLLO,,,,2.46
3942.44,Changes?_APOLLO,,,,,0.073
3947.44,Control_APOLLO,,,,2.285
3947.44,Changes?_APOLLO,,,,,0.05
3952.69,Control_APOLLO,,,,2.334
3952.69,Changes?_APOLLO,,,,,0.087
3957.91,Control_APOLLO,,,,2.443
3957.91,Changes?_APOLLO,,,,,0.073
3963.12,Control_APOLLO,,,,2.203
3963.12,Changes?_APOLLO,,,,,0.083
3968.33,Control_APOLLO,,,,2.194
3968.33,Changes?_APOLLO,,,,,0.063
3973.53,Control_APOLLO,,,,2.24
3973.53,Changes?_APOLLO,,,,,0.053
3978.74,Control_APOLLO,,,,2.203
3978.74,Changes?_APOLLO,,,,,0.104
3983.94,Control_APOLLO,,,,2.284
3983.94,Changes?_APOLLO,,,,,0.05
3989.13,Control_APOLLO,,,,2.114
3989.13,Changes?_APOLLO,,,,,0.071
3994.33,Control_APOLLO,,,,2.378
3994.33,Changes?_APOLLO,,,,,0.053
3999.51,Control_APOLLO,,,,2.215
3999.51,Changes?_APOLLO,,,,,0.052
4004.7,Control_APOLLO,,,,2.151
4004.7,Changes?_APOLLO,,,,,0.059
4009.89,Control_APOLLO,,,,2.092
4009.89,Changes?_APOLLO,,,,,0.049
4015.08,Control_APOLLO,,,,2.173
4015.08,Changes?_APOLLO,,,,,0.049
4020.28,Control_APOLLO,,,,2.366
4020.29,Changes?_APOLLO,,,,,0.054
4025.47,Control_APOLLO,,,,2.301
4025.47,Changes?_APOLLO,,,,,0.051
4030.65,Control_APOLLO,,,,2.148
4030.65,Changes?_APOLLO,,,,,0.079
4035.84,Control_APOLLO,,,,2.299
4035.84,Changes?_APOLLO,,,,,0.06
4041.04,Control_APOLLO,,,,2.214
4041.04,Changes?_APOLLO,,,,,0.051
4046.24,Control_APOLLO,,,,2.41
4046.24,Changes?_APOLLO,,,,,0.062
4051.42,Control_APOLLO,,,,2.206
4051.42,Changes?_APOLLO,,,,,0.051
4056.59,Control_APOLLO,,,,2.31
4056.59,Changes?_APOLLO,,,,,0.078
4061.79,Control_APOLLO,,,,2.339
4061.79,Changes?_APOLLO,,,,,0.051
4066.98,Control_APOLLO,,,,2.117
4066.98,Changes?_APOLLO,,,,,0.052
4072.15,Control_APOLLO,,,,2.121
4072.15,Changes?_APOLLO,,,,,0.05
4077.32,Control_APOLLO,,,,2.335
4077.33,Changes?_APOLLO,,,,,0.051
4082.53,Control_APOLLO,,,,2.236
4082.53,Changes?_APOLLO,,,,,0.059
4087.76,Control_APOLLO,,,,2.449
4087.76,Changes?_APOLLO,,,,,0.05
4092.96,Control_APOLLO,,,,2.518
4092.96,Changes?_APOLLO,,,,,0.058
4098.14,Control_APOLLO,,,,2.216
4098.14,Changes?_APOLLO,,,,,0.06
4103.36,Control_APOLLO,,,,2.276
4103.36,Changes?_APOLLO,,,,,0.075
4108.56,Control_APOLLO,,,,2.275
4108.56,Changes?_APOLLO,,,,,0.051
4113.73,Control_APOLLO,,,,2.195
4113.73,Changes?_APOLLO,,,,,0.048
4118.95,Control_APOLLO,,,,2.41
4118.95,Changes?_APOLLO,,,,,0.054
4124.14,Control_APOLLO,,,,2.365
4124.14,Changes?_APOLLO,,,,,0.074
4129.35,Control_APOLLO,,,,2.357
4129.36,Changes?_APOLLO,,,,,0.05
4134.56,Control_APOLLO,,,,2.288
4134.56,Changes?_APOLLO,,,,,0.052
4139.71,Control_APOLLO,,,,2.178
4139.71,Changes?_APOLLO,,,,,0.052
4144.92,Control_APOLLO,,,,2.282
4144.92,Changes?_APOLLO,,,,,0.058
4150.1,Control_APOLLO,,,,2.212
4150.1,Changes?_APOLLO,,,,,0.055
4155.26,Control_APOLLO,,,,2.047
4155.26,Changes?_APOLLO,,,,,0.069
4160.46,Control_APOLLO,,,,2.34
4160.46,Changes?_APOLLO,,,,,0.049
4165.67,Control_APOLLO,,,,2.329
4165.67,Changes?_APOLLO,,,,,0.085
4170.87,Control_APOLLO,,,,2.092
4170.87,Changes?_APOLLO,,,,,0.063
4176.07,Control_APOLLO,,,,2.243
4176.07,Changes?_APOLLO,,,,,0.05
4181.22,Control_APOLLO,,,,2.161
4181.22,Changes?_APOLLO,,,,,0.059
4186.43,Control_APOLLO,,,,2.227
4186.43,Changes?_APOLLO,,,,,0.053
4191.63,Control_APOLLO,,,,2.239
4191.63,Changes?_APOLLO,,,,,0.052
4196.82,Control_APOLLO,,,,2.174
4196.82,Changes?_APOLLO,,,,,0.05
4202.01,Control_APOLLO,,,,2.606
4202.01,Changes?_APOLLO,,,,,0.051
4207.18,Control_APOLLO,,,,2.043
4207.18,Changes?_APOLLO,,,,,0.075
4212.36,Control_APOLLO,,,,2.265
4212.36,Changes?_APOLLO,,,,,0.053
4217.58,Control_APOLLO,,,,2.349
4217.58,Changes?_APOLLO,,,,,0.053
4222.75,Control_APOLLO,,,,2.077
4222.75,Changes?_APOLLO,,,,,0.051
4227.92,Control_APOLLO,,,,2.229
4227.92,Changes?_APOLLO,,,,,0.051
4233.1,Control_APOLLO,,,,2.033
4233.1,Changes?_APOLLO,,,,,0.05
4238.27,Control_APOLLO,,,,2.293
4238.27,Changes?_APOLLO,,,,,0.051
4243.51,Control_APOLLO,,,,2.392
4243.51,Changes?_APOLLO,,,,,0.081
4248.71,Control_APOLLO,,,,2.258
4248.71,Changes?_APOLLO,,,,,0.074
4253.85,Control_APOLLO,,,,2.086
4253.85,Changes?_APOLLO,,,,,0.051
4259.05,Control_APOLLO,,,,2.262
4259.05,Changes?_APOLLO,,,,,0.056
4264.22,Control_APOLLO,,,,2.093
4264.23,Changes?_APOLLO,,,,,0.075
4269.43,Control_APOLLO,,,,2.39
4269.43,Changes?_APOLLO,,,,,0.06
4274.63,Control_APOLLO,,,,2.388
4274.63,Changes?_APOLLO,,,,,0.095
4279.79,Control_APOLLO,,,,2.46
4279.8,Changes?_APOLLO,,,,,0.074
4284.98,Control_APOLLO,,,,2.183
4284.98,Changes?_APOLLO,,,,,0.053
4290.19,Control_APOLLO,,,,2.128
4290.19,Changes?_APOLLO,,,,,0.05
4295.36,Control_APOLLO,,,,2.017
4295.36,Changes?_APOLLO,,,,,0.054
4300.56,Control_APOLLO,,,,2.138
4300.56,Changes?_APOLLO,,,,,0.072
4305.78,Control_APOLLO,,,,2.287
4305.78,Changes?_APOLLO,,,,,0.07
4311,Control_APOLLO,,,,2.236
4311,Changes?_APOLLO,,,,,0.078
4316.28,Control_APOLLO,,,,2.29
4316.28,Changes?_APOLLO,,,,,0.07
4321.23,Control_APOLLO,,,,2.339
4321.23,Changes?_APOLLO,,,,,0.053
4326.42,Control_APOLLO,,,,2.159
4326.42,Changes?_APOLLO,,,,,0.052
4331.69,Control_APOLLO,,,,2.318
4331.69,Changes?_APOLLO,,,,,0.084
4336.65,Control_APOLLO,,,,2.412
4336.65,Changes?_APOLLO,,,,,0.058
4341.92,Control_APOLLO,,,,2.322
4341.92,Changes?_APOLLO,,,,,0.071
4346.87,Control_APOLLO,,,,2.212
4346.87,Changes?_APOLLO,,,,,0.079
4352.15,Control_APOLLO,,,,2.506
4352.15,Changes?_APOLLO,,,,,0.071
4357.08,Control_APOLLO,,,,2.323
4357.08,Changes?_APOLLO,,,,,0.072
4362.3,Control_APOLLO,,,,2.461
4362.31,Changes?_APOLLO,,,,,0.064
4367.59,Control_APOLLO,,,,2.474
4367.59,Changes?_APOLLO,,,,,0.055
4372.55,Control_APOLLO,,,,2.283
4372.55,Changes?_APOLLO,,,,,0.054
4377.81,Control_APOLLO,,,,2.318
4377.81,Changes?_APOLLO,,,,,0.072
4383.08,Control_APOLLO,,,,2.401
4383.08,Changes?_APOLLO,,,,,0.101
4388.08,Control_APOLLO,,,,2.328
4388.08,Changes?_APOLLO,,,,,0.072
4393.06,Control_APOLLO,,,,2.173
4393.06,Changes?_APOLLO,,,,,0.077
4398.31,Control_APOLLO,,,,2.534
4398.31,Changes?_APOLLO,,,,,0.073
4403.3,Control_APOLLO,,,,2.469
4403.3,Changes?_APOLLO,,,,,0.089
4408.31,Control_APOLLO,,,,2.304
4408.31,Changes?_APOLLO,,,,,0.082
4413.31,Control_APOLLO,,,,2.401
4413.31,Changes?_APOLLO,,,,,0.08
4418.58,Control_APOLLO,,,,2.215
4418.58,Changes?_APOLLO,,,,,0.056
4423.53,Control_APOLLO,,,,2.224
4423.53,Changes?_APOLLO,,,,,0.083
4428.96,Control_APOLLO,,,,2.671
4428.96,Changes?_APOLLO,,,,,0.075
4433.93,Control_APOLLO,,,,2.498
4433.93,Changes?_APOLLO,,,,,0.071
4439.23,Control_APOLLO,,,,2.438
4439.23,Changes?_APOLLO,,,,,0.094
4444.27,Control_APOLLO,,,,2.553
4444.27,Changes?_APOLLO,,,,,0.077
4449.32,Control_APOLLO,,,,2.781
4449.32,Changes?_APOLLO,,,,,0.062
4454.35,Control_APOLLO,,,,2.702
4454.35,Changes?_APOLLO,,,,,0.064
4459.34,Control_APOLLO,,,,2.446
4459.34,Changes?_APOLLO,,,,,0.069
4464.34,Control_APOLLO,,,,2.526
4464.34,Changes?_APOLLO,,,,,0.07
4469.6,Control_APOLLO,,,,2.356
4469.6,Changes?_APOLLO,,,,,0.068
4474.54,Control_APOLLO,,,,2.199
4474.54,Changes?_APOLLO,,,,,0.07
4479.79,Control_APOLLO,,,,2.509
4479.79,Changes?_APOLLO,,,,,0.055
4485.04,Control_APOLLO,,,,2.254
4485.04,Changes?_APOLLO,,,,,0.064
4490.95,Control_APOLLO,,,,3.099
4490.95,Changes?_APOLLO,,,,,0.082
4495.46,Control_APOLLO,,,,2.272
4495.46,Changes?_APOLLO,,,,,0.073
4500.51,Control_APOLLO,,,,2.46
4500.51,Changes?_APOLLO,,,,,0.055
4505.54,Control_APOLLO,,,,2.408
4505.54,Changes?_APOLLO,,,,,0.086
4510.72,Control_APOLLO,,,,3.019
4510.72,Changes?_APOLLO,,,,,0.071
4515.99,Control_APOLLO,,,,2.833
4516,Changes?_APOLLO,,,,,0.077
4520.74,Control_APOLLO,,,,2.63
4520.74,Changes?_APOLLO,,,,,0.075
4526.03,Control_APOLLO,,,,2.962
4526.03,Changes?_APOLLO,,,,,0.06
4531.03,Control_APOLLO,,,,2.448
4531.03,Changes?_APOLLO,,,,,0.072
4536.12,Control_APOLLO,,,,2.506
4536.12,Changes?_APOLLO,,,,,0.073
4541.14,Control_APOLLO,,,,2.254
4541.14,Changes?_APOLLO,,,,,0.103
4546.1,Control_APOLLO,,,,2.347
4546.1,Changes?_APOLLO,,,,,0.072
4551.36,Control_APOLLO,,,,2.289
4551.36,Changes?_APOLLO,,,,,0.064
4556.63,Control_APOLLO,,,,3.532
4556.63,Changes?_APOLLO,,,,,0.201
4561.45,Control_APOLLO,,,,2.711
4561.45,Changes?_APOLLO,,,,,0.054
4566.48,Control_APOLLO,,,,2.35
4566.48,Changes?_APOLLO,,,,,0.072
4571.65,Control_APOLLO,,,,2.622
4571.65,Changes?_APOLLO,,,,,0.101
4576.63,Control_APOLLO,,,,2.377
4576.63,Changes?_APOLLO,,,,,0.064
4581.86,Control_APOLLO,,,,2.429
4581.86,Changes?_APOLLO,,,,,0.054
4587.1,Control_APOLLO,,,,2.408
4587.1,Changes?_APOLLO,,,,,0.065
4592.07,Control_APOLLO,,,,2.385
4592.07,Changes?_APOLLO,,,,,0.077
4597.3,Control_APOLLO,,,,2.289
4597.3,Changes?_APOLLO,,,,,0.06
4602.68,Control_APOLLO,,,,2.558
4602.68,Changes?_APOLLO,,,,,0.053
4607.69,Control_APOLLO,,,,2.538
4607.69,Changes?_APOLLO,,,,,0.091
4612.68,Control_APOLLO,,,,2.238
4612.68,Changes?_APOLLO,,,,,0.075
4617.93,Control_APOLLO,,,,2.49
4617.93,Changes?_APOLLO,,,,,0.071
4622.95,Control_APOLLO,,,,2.485
4622.95,Changes?_APOLLO,,,,,0.102
4627.94,Control_APOLLO,,,,2.235
4627.94,Changes?_APOLLO,,,,,0.07
4633.2,Control_APOLLO,,,,2.468
4633.2,Changes?_APOLLO,,,,,0.054
4638.23,Control_APOLLO,,,,2.572
4638.23,Changes?_APOLLO,,,,,0.055
4643.26,Control_APOLLO,,,,2.574
4643.27,Changes?_APOLLO,,,,,0.07
4648.26,Control_APOLLO,,,,2.482
4648.26,Changes?_APOLLO,,,,,0.07
4653.49,Control_APOLLO,,,,2.273
4653.49,Changes?_APOLLO,,,,,0.084
4658.72,Control_APOLLO,,,,2.261
4658.72,Changes?_APOLLO,,,,,0.075
4663.97,Control_APOLLO,,,,2.346
4663.97,Changes?_APOLLO,,,,,0.064
4669.2,Control_APOLLO,,,,2.197
4669.2,Changes?_APOLLO,,,,,0.084
4674.45,Control_APOLLO,,,,2.242
4674.45,Changes?_APOLLO,,,,,0.078
4679.71,Control_APOLLO,,,,2.239
4679.71,Changes?_APOLLO,,,,,0.059
4684.72,Control_APOLLO,,,,2.151
4684.72,Changes?_APOLLO,,,,,0.087
4689.75,Control_APOLLO,,,,2.405
4689.75,Changes?_APOLLO,,,,,0.087
4694.72,Control_APOLLO,,,,2.274
4694.72,Changes?_APOLLO,,,,,0.07
4699.96,Control_APOLLO,,,,2.292
4699.96,Changes?_APOLLO,,,,,0.064
4705.23,Control_APOLLO,,,,2.356
4705.23,Changes?_APOLLO,,,,,0.082
4710.24,Control_APOLLO,,,,2.658
4710.24,Changes?_APOLLO,,,,,0.077
4715.25,Control_APOLLO,,,,2.292
4715.25,Changes?_APOLLO,,,,,0.063
4720.47,Control_APOLLO,,,,2.341
4720.47,Changes?_APOLLO,,,,,0.072
4725.7,Control_APOLLO,,,,2.166
4725.7,Changes?_APOLLO,,,,,0.075
4730.94,Control_APOLLO,,,,2.367
4730.94,Changes?_APOLLO,,,,,0.052
4736.25,Control_APOLLO,,,,2.365
4736.25,Changes?_APOLLO,,,,,0.054
4741.26,Control_APOLLO,,,,2.323
4741.26,Changes?_APOLLO,,,,,0.065
4746.27,Control_APOLLO,,,,2.135
4746.27,Changes?_APOLLO,,,,,0.066
4751.24,Control_APOLLO,,,,2.189
4751.24,Changes?_APOLLO,,,,,0.052
4756.48,Control_APOLLO,,,,2.294
4756.48,Changes?_APOLLO,,,,,0.082
4761.45,Control_APOLLO,,,,2.354
4761.45,Changes?_APOLLO,,,,,0.075
4766.71,Control_APOLLO,,,,2.28
4766.71,Changes?_APOLLO,,,,,0.064
4771.69,Control_APOLLO,,,,2.274
4771.69,Changes?_APOLLO,,,,,0.072
4776.93,Control_APOLLO,,,,2.283
4776.93,Changes?_APOLLO,,,,,0.066
4782.19,Control_APOLLO,,,,2.341
4782.2,Changes?_APOLLO,,,,,0.08
4787.19,Control_APOLLO,,,,2.356
4787.19,Changes?_APOLLO,,,,,0.079
4792.41,Control_APOLLO,,,,2.276
4792.41,Changes?_APOLLO,,,,,0.067
4797.68,Control_APOLLO,,,,2.354
4797.68,Changes?_APOLLO,,,,,0.072
4802.7,Control_APOLLO,,,,2.246
4802.7,Changes?_APOLLO,,,,,0.099
4807.73,Control_APOLLO,,,,2.302
4807.74,Changes?_APOLLO,,,,,0.073
4812.73,Control_APOLLO,,,,2.275
4812.73,Changes?_APOLLO,,,,,0.051
4817.67,Control_APOLLO,,,,2.101
4817.67,Changes?_APOLLO,,,,,0.052
4822.86,Control_APOLLO,,,,2.212
4822.86,Changes?_APOLLO,,,,,0.05
4828.04,Control_APOLLO,,,,2.212
4828.04,Changes?_APOLLO,,,,,0.16
4833.27,Control_APOLLO,,,,2.153
4833.27,Changes?_APOLLO,,,,,0.084
4838.49,Control_APOLLO,,,,2.239
4838.49,Changes?_APOLLO,,,,,0.071
4843.8,Control_APOLLO,,,,2.505
4843.8,Changes?_APOLLO,,,,,0.082
4848.82,Control_APOLLO,,,,2.414
4848.82,Changes?_APOLLO,,,,,0.077
4853.81,Control_APOLLO,,,,2.5
4853.81,Changes?_APOLLO,,,,,0.078
4859.04,Control_APOLLO,,,,2.465
4859.04,Changes?_APOLLO,,,,,0.071
4864.31,Control_APOLLO,,,,2.414
4864.31,Changes?_APOLLO,,,,,0.072
4869.3,Control_APOLLO,,,,2.251
4869.31,Changes?_APOLLO,,,,,0.073
4874.3,Control_APOLLO,,,,2.339
4874.3,Changes?_APOLLO,,,,,0.078
4879.67,Control_APOLLO,,,,2.84
4879.67,Changes?_APOLLO,,,,,0.088
4884.89,Control_APOLLO,,,,2.861
4884.89,Changes?_APOLLO,,,,,0.081
4889.95,Control_APOLLO,,,,2.747
4889.95,Changes?_APOLLO,,,,,0.064
4894.93,Control_APOLLO,,,,2.408
4894.93,Changes?_APOLLO,,,,,0.063
4900.27,Control_APOLLO,,,,2.951
4900.27,Changes?_APOLLO,,,,,0.082
4905.47,Control_APOLLO,,,,2.737
4905.48,Changes?_APOLLO,,,,,0.073
4910.52,Control_APOLLO,,,,2.684
4910.52,Changes?_APOLLO,,,,,0.054
4915.67,Control_APOLLO,,,,2.696
4915.67,Changes?_APOLLO,,,,,0.075
4920.64,Control_APOLLO,,,,2.273
4920.65,Changes?_APOLLO,,,,,0.078
4925.84,Control_APOLLO,,,,2.253
4925.84,Changes?_APOLLO,,,,,0.074
4931.21,Control_APOLLO,,,,2.928
4931.21,Changes?_APOLLO,,,,,0.066
4936.43,Control_APOLLO,,,,3.524
4936.43,Changes?_APOLLO,,,,,0.071
4941.42,Control_APOLLO,,,,2.323
4941.42,Changes?_APOLLO,,,,,0.055
4946.79,Control_APOLLO,,,,2.55
4946.79,Changes?_APOLLO,,,,,0.066
4951.9,Control_APOLLO,,,,2.633
4951.9,Changes?_APOLLO,,,,,0.098
4956.92,Control_APOLLO,,,,2.572
4956.92,Changes?_APOLLO,,,,,0.077
4962.19,Control_APOLLO,,,,3.257
4962.19,Changes?_APOLLO,,,,,0.089
4966.87,Control_APOLLO,,,,2.465
4966.87,Changes?_APOLLO,,,,,0.071
4972.05,Control_APOLLO,,,,2.27
4972.05,Changes?_APOLLO,,,,,0.052
4977.22,Control_APOLLO,,,,2.191
4977.22,Changes?_APOLLO,,,,,0.052
4982.43,Control_APOLLO,,,,2.275
4982.43,Changes?_APOLLO,,,,,0.068
4987.62,Control_APOLLO,,,,2.265
4987.62,Changes?_APOLLO,,,,,0.086
4992.83,Control_APOLLO,,,,2.277
4992.83,Changes?_APOLLO,,,,,0.072
4998.02,Control_APOLLO,,,,2.412
4998.02,Changes?_APOLLO,,,,,0.056
5003.22,Control_APOLLO,,,,2.356
5003.22,Changes?_APOLLO,,,,,0.057
5008.47,Control_APOLLO,,,,2.433
5008.47,Changes?_APOLLO,,,,,0.059
