24.0219,LCA_HERMES,29.823
24.0225,Send_HERMES,,0.034
25.5319,Receive_HERMES,,0.508
26.0343,Receive_HERMES,,0.191
29.0422,Selection_HERMES,,,1.105
36.5555,Control_HERMES,,,,21.669
36.5566,Changes?_HERMES,,,,,0.251
39.9139,Control_HERMES,,,,2.844
39.915,Changes?_HERMES,,,,,0.106
49.9431,Control_HERMES,,,,2.67
49.9438,Changes?_HERMES,,,,,0.088
59.7411,Control_HERMES,,,,2.332
59.7417,Changes?_HERMES,,,,,0.082
69.816,Control_HERMES,,,,2.436
69.8166,Changes?_HERMES,,,,,0.062
79.8242,Control_HERMES,,,,2.473
79.8248,Changes?_HERMES,,,,,0.057
90.0781,Control_HERMES,,,,2.27
90.0787,Changes?_HERMES,,,,,0.052
100.147,Control_HERMES,,,,2.524
100.148,Changes?_HERMES,,,,,0.053
110.169,Control_HERMES,,,,2.536
110.17,Changes?_HERMES,,,,,0.051
120.267,Control_HERMES,,,,2.635
120.268,Changes?_HERMES,,,,,0.053
130.328,Control_HERMES,,,,2.446
130.328,Changes?_HERMES,,,,,0.052
140.353,Control_HERMES,,,,2.411
140.354,Changes?_HERMES,,,,,0.076
150.35,Control_HERMES,,,,2.134
150.35,Changes?_HERMES,,,,,0.062
160.667,Control_HERMES,,,,2.564
160.668,Changes?_HERMES,,,,,0.053
170.686,Control_HERMES,,,,2.319
170.687,Changes?_HERMES,,,,,0.073
180.66,Control_HERMES,,,,2.197
180.66,Changes?_HERMES,,,,,0.066
191.075,Control_HERMES,,,,2.807
191.075,Changes?_HERMES,,,,,0.116
201.055,Control_HERMES,,,,2.241
201.055,Changes?_HERMES,,,,,0.108
211.299,Control_HERMES,,,,2.235
211.3,Changes?_HERMES,,,,,0.049
221.577,Control_HERMES,,,,2.534
221.578,Changes?_HERMES,,,,,0.078
231.575,Control_HERMES,,,,2.232
231.576,Changes?_HERMES,,,,,0.051
241.624,Control_HERMES,,,,2.483
241.625,Changes?_HERMES,,,,,0.051
251.618,Control_HERMES,,,,2.291
251.619,Changes?_HERMES,,,,,0.053
261.858,Control_HERMES,,,,2.219
261.859,Changes?_HERMES,,,,,0.049
272.121,Control_HERMES,,,,2.39
272.121,Changes?_HERMES,,,,,0.051
282.115,Control_HERMES,,,,2.214
282.115,Changes?_HERMES,,,,,0.049
292.361,Control_HERMES,,,,2.179
292.362,Changes?_HERMES,,,,,0.05
302.628,Control_HERMES,,,,2.25
302.629,Changes?_HERMES,,,,,0.06
312.637,Control_HERMES,,,,2.271
312.637,Changes?_HERMES,,,,,0.076
322.64,Control_HERMES,,,,2.27
322.641,Changes?_HERMES,,,,,0.093
332.857,Control_HERMES,,,,2.279
332.857,Changes?_HERMES,,,,,0.056
343.12,Control_HERMES,,,,2.228
343.12,Changes?_HERMES,,,,,0.059
353.374,Control_HERMES,,,,2.285
353.374,Changes?_HERMES,,,,,0.092
363.446,Control_HERMES,,,,2.411
363.446,Changes?_HERMES,,,,,0.059
373.582,Control_HERMES,,,,2.377
373.582,Changes?_HERMES,,,,,0.07
383.669,Control_HERMES,,,,2.513
383.669,Changes?_HERMES,,,,,0.086
393.696,Control_HERMES,,,,2.423
393.696,Changes?_HERMES,,,,,0.063
403.932,Control_HERMES,,,,2.191
403.932,Changes?_HERMES,,,,,0.055
413.974,Control_HERMES,,,,2.38
413.974,Changes?_HERMES,,,,,0.066
423.991,Control_HERMES,,,,2.38
423.991,Changes?_HERMES,,,,,0.054
434.039,Control_HERMES,,,,2.424
434.04,Changes?_HERMES,,,,,0.105
444.093,Control_HERMES,,,,2.547
444.093,Changes?_HERMES,,,,,0.085
454.161,Control_HERMES,,,,2.426
454.162,Changes?_HERMES,,,,,0.075
464.201,Control_HERMES,,,,2.337
464.202,Changes?_HERMES,,,,,0.072
474.226,Control_HERMES,,,,2.478
474.227,Changes?_HERMES,,,,,0.076
484.329,Control_HERMES,,,,2.573
484.33,Changes?_HERMES,,,,,0.065
494.497,Control_HERMES,,,,2.495
494.497,Changes?_HERMES,,,,,0.089
504.558,Control_HERMES,,,,2.306
504.559,Changes?_HERMES,,,,,0.087
514.611,Control_HERMES,,,,2.355
514.612,Changes?_HERMES,,,,,0.075
524.67,Control_HERMES,,,,2.47
524.671,Changes?_HERMES,,,,,0.059
534.742,Control_HERMES,,,,2.436
534.743,Changes?_HERMES,,,,,0.081
544.797,Control_HERMES,,,,2.231
544.797,Changes?_HERMES,,,,,0.078
554.863,Control_HERMES,,,,2.392
554.863,Changes?_HERMES,,,,,0.078
564.926,Control_HERMES,,,,2.411
564.927,Changes?_HERMES,,,,,0.069
574.931,Control_HERMES,,,,2.429
574.932,Changes?_HERMES,,,,,0.067
584.961,Control_HERMES,,,,2.283
584.962,Changes?_HERMES,,,,,0.094
595.025,Control_HERMES,,,,2.412
595.026,Changes?_HERMES,,,,,0.077
605.088,Control_HERMES,,,,2.494
605.089,Changes?_HERMES,,,,,0.092
615.113,Control_HERMES,,,,2.245
615.114,Changes?_HERMES,,,,,0.084
625.165,Control_HERMES,,,,2.393
625.166,Changes?_HERMES,,,,,0.106
635.206,Control_HERMES,,,,2.407
635.207,Changes?_HERMES,,,,,0.072
645.252,Control_HERMES,,,,2.278
645.253,Changes?_HERMES,,,,,0.14
655.285,Control_HERMES,,,,2.328
655.286,Changes?_HERMES,,,,,0.05
665.31,Control_HERMES,,,,2.342
665.311,Changes?_HERMES,,,,,0.064
675.366,Control_HERMES,,,,2.497
675.367,Changes?_HERMES,,,,,0.091
685.408,Control_HERMES,,,,2.365
685.408,Changes?_HERMES,,,,,0.08
695.524,Control_HERMES,,,,2.481
695.524,Changes?_HERMES,,,,,0.093
705.602,Control_HERMES,,,,2.155
705.602,Changes?_HERMES,,,,,0.075
715.618,Control_HERMES,,,,2.256
715.619,Changes?_HERMES,,,,,0.087
725.675,Control_HERMES,,,,2.472
725.676,Changes?_HERMES,,,,,0.073
735.741,Control_HERMES,,,,2.373
735.741,Changes?_HERMES,,,,,0.092
745.798,Control_HERMES,,,,2.38
745.799,Changes?_HERMES,,,,,0.083
755.849,Control_HERMES,,,,2.327
755.849,Changes?_HERMES,,,,,0.071
765.945,Control_HERMES,,,,2.341
765.945,Changes?_HERMES,,,,,0.075
776.011,Control_HERMES,,,,2.444
776.012,Changes?_HERMES,,,,,0.097
789.898,Control_HERMES,,,,20.084
789.899,Changes?_HERMES,,,,,0.073
794.133,LCA,19.685
794.133,Send_HERMES,,0.021
795.897,Receive_HERMES,,0.152
799.174,Selection_HERMES,,,1.106
802.73,Control_HERMES,,,,17.278
802.731,Changes?_HERMES,,,,,0.091
806.984,LCA,19.633
806.985,Send_HERMES,,0.018
806.988,Receive_HERMES,,0.116
808.996,Receive_HERMES,,0.217
811.772,Receive_HERMES,,0.226
812.028,Selection_HERMES,,,1.18
815.69,Control_HERMES,,,,17.254
815.691,Changes?_HERMES,,,,,0.078
822.687,Control_HERMES,,,,2.194
822.688,Changes?_HERMES,,,,,0.076
832.694,Control_HERMES,,,,2.301
832.695,Changes?_HERMES,,,,,0.053
842.753,Control_HERMES,,,,2.682
842.754,Changes?_HERMES,,,,,0.075
852.773,Control_HERMES,,,,2.617
852.774,Changes?_HERMES,,,,,0.11
862.803,Control_HERMES,,,,2.584
862.804,Changes?_HERMES,,,,,0.047
872.755,Control_HERMES,,,,2.228
872.756,Changes?_HERMES,,,,,0.083
882.987,Control_HERMES,,,,2.263
882.988,Changes?_HERMES,,,,,0.055
893.232,Control_HERMES,,,,2.13
893.232,Changes?_HERMES,,,,,0.051
903.266,Control_HERMES,,,,2.17
903.266,Changes?_HERMES,,,,,0.057
913.316,Control_HERMES,,,,2.655
913.316,Changes?_HERMES,,,,,0.144
923.339,Control_HERMES,,,,2.251
923.34,Changes?_HERMES,,,,,0.072
933.385,Control_HERMES,,,,2.425
933.385,Changes?_HERMES,,,,,0.056
943.644,Control_HERMES,,,,2.328
943.644,Changes?_HERMES,,,,,0.053
953.683,Control_HERMES,,,,2.315
953.684,Changes?_HERMES,,,,,0.075
963.696,Control_HERMES,,,,2.054
963.696,Changes?_HERMES,,,,,0.048
973.941,Control_HERMES,,,,2.328
973.942,Changes?_HERMES,,,,,0.051
983.982,Control_HERMES,,,,2.244
983.983,Changes?_HERMES,,,,,0.084
994.028,Control_HERMES,,,,2.239
994.028,Changes?_HERMES,,,,,0.057
1004.04,Control_HERMES,,,,2.423
1004.04,Changes?_HERMES,,,,,0.074
1014.08,Control_HERMES,,,,2.348
1014.08,Changes?_HERMES,,,,,0.057
1024.14,Control_HERMES,,,,2.314
1024.14,Changes?_HERMES,,,,,0.053
1034.19,Control_HERMES,,,,2.289
1034.19,Changes?_HERMES,,,,,0.064
1044.24,Control_HERMES,,,,2.304
1044.24,Changes?_HERMES,,,,,0.05
1054.3,Control_HERMES,,,,2.302
1054.3,Changes?_HERMES,,,,,0.05
1064.37,Control_HERMES,,,,2.64
1064.37,Changes?_HERMES,,,,,0.056
1074.39,Control_HERMES,,,,2.447
1074.39,Changes?_HERMES,,,,,0.06
1084.45,Control_HERMES,,,,2.452
1084.45,Changes?_HERMES,,,,,0.068
1094.51,Control_HERMES,,,,2.256
1094.51,Changes?_HERMES,,,,,0.071
1104.61,Control_HERMES,,,,2.312
1104.61,Changes?_HERMES,,,,,0.051
1114.66,Control_HERMES,,,,2.631
1114.66,Changes?_HERMES,,,,,0.052
1124.7,Control_HERMES,,,,2.277
1124.7,Changes?_HERMES,,,,,0.051
1134.74,Control_HERMES,,,,2.234
1134.74,Changes?_HERMES,,,,,0.058
1144.83,Control_HERMES,,,,2.433
1144.83,Changes?_HERMES,,,,,0.05
1154.84,Control_HERMES,,,,2.136
1154.84,Changes?_HERMES,,,,,0.054
1164.89,Control_HERMES,,,,2.084
1164.89,Changes?_HERMES,,,,,0.05
1174.93,Control_HERMES,,,,2.365
1174.93,Changes?_HERMES,,,,,0.05
1184.94,Control_HERMES,,,,2.621
1184.94,Changes?_HERMES,,,,,0.091
1195,Control_HERMES,,,,2.243
1195,Changes?_HERMES,,,,,0.076
1205.03,Control_HERMES,,,,2.091
1205.03,Changes?_HERMES,,,,,0.056
1215.05,Control_HERMES,,,,2.285
1215.05,Changes?_HERMES,,,,,0.05
1225.08,Control_HERMES,,,,2.186
1225.08,Changes?_HERMES,,,,,0.067
1235.13,Control_HERMES,,,,2.232
1235.13,Changes?_HERMES,,,,,0.055
1245.15,Control_HERMES,,,,2.17
1245.15,Changes?_HERMES,,,,,0.048
1255.22,Control_HERMES,,,,2.401
1255.22,Changes?_HERMES,,,,,0.057
1265.25,Control_HERMES,,,,2.222
1265.25,Changes?_HERMES,,,,,0.115
1275.32,Control_HERMES,,,,2.272
1275.32,Changes?_HERMES,,,,,0.061
1285.35,Control_HERMES,,,,2.42
1285.36,Changes?_HERMES,,,,,0.053
1295.42,Control_HERMES,,,,2.311
1295.42,Changes?_HERMES,,,,,0.049
1305.45,Control_HERMES,,,,2.252
1305.45,Changes?_HERMES,,,,,0.053
1315.49,Control_HERMES,,,,2.335
1315.49,Changes?_HERMES,,,,,0.068
1325.59,Control_HERMES,,,,2.673
1325.59,Changes?_HERMES,,,,,0.05
1335.58,Control_HERMES,,,,2.112
1335.58,Changes?_HERMES,,,,,0.07
1345.61,Control_HERMES,,,,2.352
1345.61,Changes?_HERMES,,,,,0.055
1355.71,Control_HERMES,,,,2.419
1355.71,Changes?_HERMES,,,,,0.066
1365.81,Control_HERMES,,,,2.378
1365.81,Changes?_HERMES,,,,,0.101
1375.91,Control_HERMES,,,,2.341
1375.91,Changes?_HERMES,,,,,0.085
1386.03,Control_HERMES,,,,2.532
1386.03,Changes?_HERMES,,,,,0.094
1396.2,Control_HERMES,,,,2.628
1396.2,Changes?_HERMES,,,,,0.073
1406.28,Control_HERMES,,,,2.501
1406.28,Changes?_HERMES,,,,,0.065
1416.39,Control_HERMES,,,,2.431
1416.39,Changes?_HERMES,,,,,0.064
1426.55,Control_HERMES,,,,2.429
1426.55,Changes?_HERMES,,,,,0.085
1436.61,Control_HERMES,,,,2.387
1436.61,Changes?_HERMES,,,,,0.088
1446.71,Control_HERMES,,,,2.599
1446.71,Changes?_HERMES,,,,,0.073
1456.82,Control_HERMES,,,,2.368
1456.82,Changes?_HERMES,,,,,0.07
1466.95,Control_HERMES,,,,2.392
1466.96,Changes?_HERMES,,,,,0.1
1477.05,Control_HERMES,,,,2.308
1477.05,Changes?_HERMES,,,,,0.107
1487.16,Control_HERMES,,,,2.245
1487.16,Changes?_HERMES,,,,,0.078
1497.29,Control_HERMES,,,,2.444
1497.29,Changes?_HERMES,,,,,0.074
1507.45,Control_HERMES,,,,2.409
1507.45,Changes?_HERMES,,,,,0.068
1517.52,Control_HERMES,,,,2.474
1517.53,Changes?_HERMES,,,,,0.1
1527.57,Control_HERMES,,,,2.344
1527.57,Changes?_HERMES,,,,,0.09
1537.71,Control_HERMES,,,,2.458
1537.72,Changes?_HERMES,,,,,0.092
1547.76,Control_HERMES,,,,2.245
1547.76,Changes?_HERMES,,,,,0.057
1557.85,Control_HERMES,,,,2.286
1557.85,Changes?_HERMES,,,,,0.089
1568.13,Control_HERMES,,,,2.547
1568.13,Changes?_HERMES,,,,,0.063
1577.95,Control_HERMES,,,,2.289
1577.95,Changes?_HERMES,,,,,0.073
1587.99,Control_HERMES,,,,2.22
1587.99,Changes?_HERMES,,,,,0.073
1598.02,Control_HERMES,,,,2.173
1598.02,Changes?_HERMES,,,,,0.076
1608.02,Control_HERMES,,,,2.128
1608.02,Changes?_HERMES,,,,,0.052
1618.05,Control_HERMES,,,,2.225
1618.05,Changes?_HERMES,,,,,0.088
1628.07,Control_HERMES,,,,2.19
1628.07,Changes?_HERMES,,,,,0.053
1638.1,Control_HERMES,,,,2.142
1638.1,Changes?_HERMES,,,,,0.069
1648.11,Control_HERMES,,,,2.215
1648.11,Changes?_HERMES,,,,,0.051
1658.17,Control_HERMES,,,,2.338
1658.17,Changes?_HERMES,,,,,0.055
1668.22,Control_HERMES,,,,2.207
1668.22,Changes?_HERMES,,,,,0.053
1678.28,Control_HERMES,,,,2.171
1678.28,Changes?_HERMES,,,,,0.065
1688.31,Control_HERMES,,,,2.071
1688.31,Changes?_HERMES,,,,,0.049
1698.31,Control_HERMES,,,,2.09
1698.31,Changes?_HERMES,,,,,0.051
1708.34,Control_HERMES,,,,2.208
1708.34,Changes?_HERMES,,,,,0.051
1718.36,Control_HERMES,,,,2.046
1718.36,Changes?_HERMES,,,,,0.081
1728.44,Control_HERMES,,,,2.22
1728.44,Changes?_HERMES,,,,,0.055
1738.51,Control_HERMES,,,,2.39
1738.51,Changes?_HERMES,,,,,0.06
1748.51,Control_HERMES,,,,2.129
1748.51,Changes?_HERMES,,,,,0.121
1758.79,Control_HERMES,,,,2.329
1758.79,Changes?_HERMES,,,,,0.053
1768.84,Control_HERMES,,,,2.367
1768.84,Changes?_HERMES,,,,,0.05
1778.89,Control_HERMES,,,,2.404
1778.89,Changes?_HERMES,,,,,0.056
1788.93,Control_HERMES,,,,2.214
1788.93,Changes?_HERMES,,,,,0.082
1799.01,Control_HERMES,,,,2.303
1799.01,Changes?_HERMES,,,,,0.076
1809.01,Control_HERMES,,,,2.18
1809.01,Changes?_HERMES,,,,,0.061
1819.05,Control_HERMES,,,,2.216
1819.05,Changes?_HERMES,,,,,0.05
1829.09,Control_HERMES,,,,2.184
1829.09,Changes?_HERMES,,,,,0.058
1839.11,Control_HERMES,,,,2.304
1839.11,Changes?_HERMES,,,,,0.076
1849.15,Control_HERMES,,,,2.296
1849.15,Changes?_HERMES,,,,,0.09
1859.22,Control_HERMES,,,,2.526
1859.23,Changes?_HERMES,,,,,0.051
1869.31,Control_HERMES,,,,2.352
1869.31,Changes?_HERMES,,,,,0.049
1879.33,Control_HERMES,,,,2.261
1879.33,Changes?_HERMES,,,,,0.049
1889.36,Control_HERMES,,,,2.265
1889.36,Changes?_HERMES,,,,,0.072
1899.37,Control_HERMES,,,,2.373
1899.37,Changes?_HERMES,,,,,0.062
1909.44,Control_HERMES,,,,2.564
1909.44,Changes?_HERMES,,,,,0.057
1919.46,Control_HERMES,,,,2.241
1919.46,Changes?_HERMES,,,,,0.074
1929.53,Control_HERMES,,,,2.525
1929.53,Changes?_HERMES,,,,,0.084
1939.55,Control_HERMES,,,,2.299
1939.55,Changes?_HERMES,,,,,0.079
1949.78,Control_HERMES,,,,2.155
1949.78,Changes?_HERMES,,,,,0.08
1959.79,Control_HERMES,,,,2.246
1959.79,Changes?_HERMES,,,,,0.063
1969.86,Control_HERMES,,,,2.251
1969.86,Changes?_HERMES,,,,,0.089
1979.92,Control_HERMES,,,,2.233
1979.92,Changes?_HERMES,,,,,0.145
1989.95,Control_HERMES,,,,2.216
1989.95,Changes?_HERMES,,,,,0.092
1999.91,Control_HERMES,,,,2.126
1999.91,Changes?_HERMES,,,,,0.054
2009.95,Control_HERMES,,,,2.407
2009.95,Changes?_HERMES,,,,,0.06
2020,Control_HERMES,,,,2.386
2020,Changes?_HERMES,,,,,0.051
2030.03,Control_HERMES,,,,2.299
2030.03,Changes?_HERMES,,,,,0.06
2040.02,Control_HERMES,,,,2.367
2040.02,Changes?_HERMES,,,,,0.07
2050.06,Control_HERMES,,,,2.298
2050.06,Changes?_HERMES,,,,,0.066
2060.11,Control_HERMES,,,,2.297
2060.11,Changes?_HERMES,,,,,0.051
2070.14,Control_HERMES,,,,2.142
2070.14,Changes?_HERMES,,,,,0.052
2080.17,Control_HERMES,,,,2.391
2080.17,Changes?_HERMES,,,,,0.052
2090.24,Control_HERMES,,,,2.36
2090.24,Changes?_HERMES,,,,,0.049
2100.29,Control_HERMES,,,,2.148
2100.29,Changes?_HERMES,,,,,0.049
2110.5,Control_HERMES,,,,2.787
2110.5,Changes?_HERMES,,,,,0.076
2120.43,Control_HERMES,,,,2.121
2120.43,Changes?_HERMES,,,,,0.053
2130.43,Control_HERMES,,,,2.203
2130.43,Changes?_HERMES,,,,,0.082
2140.43,Control_HERMES,,,,2.053
2140.44,Changes?_HERMES,,,,,0.051
2150.47,Control_HERMES,,,,2.302
2150.47,Changes?_HERMES,,,,,0.052
2160.53,Control_HERMES,,,,2.21
2160.53,Changes?_HERMES,,,,,0.049
2170.56,Control_HERMES,,,,2.37
2170.56,Changes?_HERMES,,,,,0.086
2180.79,Control_HERMES,,,,2.224
2180.79,Changes?_HERMES,,,,,0.074
2190.81,Control_HERMES,,,,2.237
2190.81,Changes?_HERMES,,,,,0.061
2200.76,Control_HERMES,,,,1.867
2200.76,Changes?_HERMES,,,,,0.081
2211.04,Control_HERMES,,,,2.273
2211.04,Changes?_HERMES,,,,,0.052
2221.07,Control_HERMES,,,,2.593
2221.07,Changes?_HERMES,,,,,0.054
2231.08,Control_HERMES,,,,2.247
2231.08,Changes?_HERMES,,,,,0.054
2241.12,Control_HERMES,,,,2.147
2241.12,Changes?_HERMES,,,,,0.076
2251.17,Control_HERMES,,,,2.363
2251.17,Changes?_HERMES,,,,,0.05
2261.25,Control_HERMES,,,,2.438
2261.25,Changes?_HERMES,,,,,0.056
2271.29,Control_HERMES,,,,2.354
2271.29,Changes?_HERMES,,,,,0.086
2281.32,Control_HERMES,,,,2.27
2281.32,Changes?_HERMES,,,,,0.051
2291.33,Control_HERMES,,,,2.173
2291.33,Changes?_HERMES,,,,,0.052
2301.37,Control_HERMES,,,,2.322
2301.37,Changes?_HERMES,,,,,0.051
2311.41,Control_HERMES,,,,2.266
2311.41,Changes?_HERMES,,,,,0.058
2321.5,Control_HERMES,,,,2.257
2321.5,Changes?_HERMES,,,,,0.07
2331.58,Control_HERMES,,,,2.373
2331.58,Changes?_HERMES,,,,,0.073
2341.61,Control_HERMES,,,,2.554
2341.61,Changes?_HERMES,,,,,0.086
2351.68,Control_HERMES,,,,2.283
2351.68,Changes?_HERMES,,,,,0.076
2361.7,Control_HERMES,,,,2.493
2361.71,Changes?_HERMES,,,,,0.05
2371.7,Control_HERMES,,,,2.107
2371.7,Changes?_HERMES,,,,,0.062
2381.72,Control_HERMES,,,,2.287
2381.73,Changes?_HERMES,,,,,0.065
2391.79,Control_HERMES,,,,2.261
2391.79,Changes?_HERMES,,,,,0.051
2401.93,Control_HERMES,,,,2.434
2401.93,Changes?_HERMES,,,,,0.325
2411.94,Control_HERMES,,,,2.241
2411.94,Changes?_HERMES,,,,,0.052
2421.98,Control_HERMES,,,,2.334
2421.98,Changes?_HERMES,,,,,0.053
2431.99,Control_HERMES,,,,2.156
2431.99,Changes?_HERMES,,,,,0.05
2442.24,Control_HERMES,,,,2.22
2442.24,Changes?_HERMES,,,,,0.051
2452.27,Control_HERMES,,,,2.053
2452.27,Changes?_HERMES,,,,,0.053
2462.28,Control_HERMES,,,,2.106
2462.28,Changes?_HERMES,,,,,0.077
2472.31,Control_HERMES,,,,2.411
2472.31,Changes?_HERMES,,,,,0.058
2482.35,Control_HERMES,,,,2.602
2482.35,Changes?_HERMES,,,,,0.103
2492.44,Control_HERMES,,,,2.636
2492.45,Changes?_HERMES,,,,,0.06
2502.47,Control_HERMES,,,,2.303
2502.47,Changes?_HERMES,,,,,0.052
2512.48,Control_HERMES,,,,2.039
2512.48,Changes?_HERMES,,,,,0.049
2522.74,Control_HERMES,,,,2.329
2522.74,Changes?_HERMES,,,,,0.056
2532.8,Control_HERMES,,,,2.33
2532.81,Changes?_HERMES,,,,,0.068
2542.87,Control_HERMES,,,,2.424
2542.87,Changes?_HERMES,,,,,0.058
2552.93,Control_HERMES,,,,2.364
2552.93,Changes?_HERMES,,,,,0.053
2562.96,Control_HERMES,,,,2.253
2562.96,Changes?_HERMES,,,,,0.062
2572.99,Control_HERMES,,,,2.288
2572.99,Changes?_HERMES,,,,,0.059
2583.05,Control_HERMES,,,,2.432
2583.05,Changes?_HERMES,,,,,0.05
2593.08,Control_HERMES,,,,2.228
2593.08,Changes?_HERMES,,,,,0.05
2603.11,Control_HERMES,,,,2.306
2603.11,Changes?_HERMES,,,,,0.056
2613.17,Control_HERMES,,,,2.567
2613.17,Changes?_HERMES,,,,,0.068
2623.21,Control_HERMES,,,,2.307
2623.21,Changes?_HERMES,,,,,0.055
2633.26,Control_HERMES,,,,2.236
2633.26,Changes?_HERMES,,,,,0.055
2643.31,Control_HERMES,,,,2.278
2643.32,Changes?_HERMES,,,,,0.084
2653.32,Control_HERMES,,,,2.328
2653.32,Changes?_HERMES,,,,,0.049
2663.38,Control_HERMES,,,,2.476
2663.38,Changes?_HERMES,,,,,0.053
2673.41,Control_HERMES,,,,2.244
2673.41,Changes?_HERMES,,,,,0.052
2683.46,Control_HERMES,,,,2.441
2683.46,Changes?_HERMES,,,,,0.05
2693.51,Control_HERMES,,,,2.358
2693.51,Changes?_HERMES,,,,,0.073
2703.55,Control_HERMES,,,,2.293
2703.55,Changes?_HERMES,,,,,0.054
2713.57,Control_HERMES,,,,2.113
2713.57,Changes?_HERMES,,,,,0.053
2723.58,Control_HERMES,,,,2.262
2723.58,Changes?_HERMES,,,,,0.051
2733.68,Control_HERMES,,,,2.357
2733.68,Changes?_HERMES,,,,,0.05
2743.7,Control_HERMES,,,,2.193
2743.7,Changes?_HERMES,,,,,0.054
2753.75,Control_HERMES,,,,2.25
2753.75,Changes?_HERMES,,,,,0.058
2763.79,Control_HERMES,,,,2.56
2763.79,Changes?_HERMES,,,,,0.133
2773.84,Control_HERMES,,,,2.385
2773.84,Changes?_HERMES,,,,,0.054
2783.85,Control_HERMES,,,,2.225
2783.85,Changes?_HERMES,,,,,0.05
2793.91,Control_HERMES,,,,2.196
2793.91,Changes?_HERMES,,,,,0.074
2803.96,Control_HERMES,,,,2.336
2803.96,Changes?_HERMES,,,,,0.076
2813.99,Control_HERMES,,,,2.517
2813.99,Changes?_HERMES,,,,,0.057
2824.1,Control_HERMES,,,,2.448
2824.1,Changes?_HERMES,,,,,0.087
2834.08,Control_HERMES,,,,2.179
2834.08,Changes?_HERMES,,,,,0.056
2844.32,Control_HERMES,,,,2.193
2844.32,Changes?_HERMES,,,,,0.049
2854.57,Control_HERMES,,,,2.389
2854.57,Changes?_HERMES,,,,,0.085
2864.52,Control_HERMES,,,,2.197
2864.52,Changes?_HERMES,,,,,0.077
2874.74,Control_HERMES,,,,2.346
2874.74,Changes?_HERMES,,,,,0.053
2884.96,Control_HERMES,,,,2.269
2884.96,Changes?_HERMES,,,,,0.062
2895.18,Control_HERMES,,,,2.152
2895.18,Changes?_HERMES,,,,,0.05
2905.41,Control_HERMES,,,,2.166
2905.41,Changes?_HERMES,,,,,0.054
2915.65,Control_HERMES,,,,2.289
2915.65,Changes?_HERMES,,,,,0.053
2925.94,Control_HERMES,,,,2.655
2925.94,Changes?_HERMES,,,,,0.072
2936.17,Control_HERMES,,,,2.646
2936.17,Changes?_HERMES,,,,,0.078
2946.12,Control_HERMES,,,,2.204
2946.12,Changes?_HERMES,,,,,0.063
2956.31,Control_HERMES,,,,2.078
2956.31,Changes?_HERMES,,,,,0.057
2966.53,Control_HERMES,,,,2.144
2966.53,Changes?_HERMES,,,,,0.058
2976.75,Control_HERMES,,,,2.31
2976.75,Changes?_HERMES,,,,,0.054
2986.97,Control_HERMES,,,,2.169
2986.97,Changes?_HERMES,,,,,0.063
2997.18,Control_HERMES,,,,2.123
2997.18,Changes?_HERMES,,,,,0.053
3007.39,Control_HERMES,,,,2.07
3007.39,Changes?_HERMES,,,,,0.054
3017.62,Control_HERMES,,,,2.301
3017.62,Changes?_HERMES,,,,,0.051
3027.83,Control_HERMES,,,,2.023
3027.83,Changes?_HERMES,,,,,0.086
3038.09,Control_HERMES,,,,2.238
3038.09,Changes?_HERMES,,,,,0.05
3048.07,Control_HERMES,,,,2.123
3048.07,Changes?_HERMES,,,,,0.054
3058.32,Control_HERMES,,,,2.387
3058.32,Changes?_HERMES,,,,,0.071
3068.55,Control_HERMES,,,,2.237
3068.55,Changes?_HERMES,,,,,0.071
3078.77,Control_HERMES,,,,2.156
3078.77,Changes?_HERMES,,,,,0.052
3088.96,Control_HERMES,,,,2.123
3088.96,Changes?_HERMES,,,,,0.049
3099.17,Control_HERMES,,,,2.248
3099.17,Changes?_HERMES,,,,,0.071
3109.41,Control_HERMES,,,,2.162
3109.41,Changes?_HERMES,,,,,0.055
3119.64,Control_HERMES,,,,2.23
3119.64,Changes?_HERMES,,,,,0.049
3129.87,Control_HERMES,,,,2.189
3129.88,Changes?_HERMES,,,,,0.049
3140.13,Control_HERMES,,,,2.303
3140.13,Changes?_HERMES,,,,,0.052
3150.36,Control_HERMES,,,,2.14
3150.36,Changes?_HERMES,,,,,0.052
3160.56,Control_HERMES,,,,2.09
3160.56,Changes?_HERMES,,,,,0.051
3170.81,Control_HERMES,,,,2.356
3170.81,Changes?_HERMES,,,,,0.097
3181.03,Control_HERMES,,,,2.396
3181.03,Changes?_HERMES,,,,,0.055
3191.25,Control_HERMES,,,,2.267
3191.25,Changes?_HERMES,,,,,0.078
3201.48,Control_HERMES,,,,2.17
3201.48,Changes?_HERMES,,,,,0.056
3211.84,Control_HERMES,,,,2.347
3211.84,Changes?_HERMES,,,,,0.068
3221.82,Control_HERMES,,,,2.109
3221.82,Changes?_HERMES,,,,,0.055
3232.06,Control_HERMES,,,,2.454
3232.06,Changes?_HERMES,,,,,0.049
3242.28,Control_HERMES,,,,2.376
3242.28,Changes?_HERMES,,,,,0.05
3252.46,Control_HERMES,,,,2.206
3252.46,Changes?_HERMES,,,,,0.048
3262.69,Control_HERMES,,,,2.402
3262.69,Changes?_HERMES,,,,,0.09
3272.91,Control_HERMES,,,,2.373
3272.91,Changes?_HERMES,,,,,0.079
3283.11,Control_HERMES,,,,2.062
3283.11,Changes?_HERMES,,,,,0.05
3293.38,Control_HERMES,,,,2.268
3293.38,Changes?_HERMES,,,,,0.056
3303.38,Control_HERMES,,,,2.303
3303.38,Changes?_HERMES,,,,,0.06
3313.35,Control_HERMES,,,,1.986
3313.35,Changes?_HERMES,,,,,0.05
3323.58,Control_HERMES,,,,2.318
3323.58,Changes?_HERMES,,,,,0.05
3333.76,Control_HERMES,,,,2.113
3333.76,Changes?_HERMES,,,,,0.051
3344.01,Control_HERMES,,,,2.134
3344.01,Changes?_HERMES,,,,,0.053
3354.22,Control_HERMES,,,,2.264
3354.22,Changes?_HERMES,,,,,0.05
3364.44,Control_HERMES,,,,2.328
3364.44,Changes?_HERMES,,,,,0.053
3374.65,Control_HERMES,,,,2.09
3374.65,Changes?_HERMES,,,,,0.049
3384.83,Control_HERMES,,,,2.003
3384.83,Changes?_HERMES,,,,,0.052
3395.06,Control_HERMES,,,,2.147
3395.06,Changes?_HERMES,,,,,0.062
3405.26,Control_HERMES,,,,2.103
3405.26,Changes?_HERMES,,,,,0.056
3415.5,Control_HERMES,,,,2.116
3415.5,Changes?_HERMES,,,,,0.067
3425.73,Control_HERMES,,,,2.361
3425.73,Changes?_HERMES,,,,,0.063
3435.92,Control_HERMES,,,,2.247
3435.92,Changes?_HERMES,,,,,0.075
3446.21,Control_HERMES,,,,2.343
3446.22,Changes?_HERMES,,,,,0.096
3456.26,Control_HERMES,,,,2.485
3456.26,Changes?_HERMES,,,,,0.063
3466.3,Control_HERMES,,,,2.514
3466.3,Changes?_HERMES,,,,,0.089
3476.37,Control_HERMES,,,,2.469
3476.37,Changes?_HERMES,,,,,0.081
3486.42,Control_HERMES,,,,2.34
3486.42,Changes?_HERMES,,,,,0.086
3496.44,Control_HERMES,,,,2.353
3496.44,Changes?_HERMES,,,,,0.062
3506.68,Control_HERMES,,,,2.181
3506.68,Changes?_HERMES,,,,,0.074
3516.73,Control_HERMES,,,,2.316
3516.73,Changes?_HERMES,,,,,0.074
3526.77,Control_HERMES,,,,2.414
3526.77,Changes?_HERMES,,,,,0.084
3536.77,Control_HERMES,,,,2.36
3536.77,Changes?_HERMES,,,,,0.085
3546.8,Control_HERMES,,,,2.472
3546.8,Changes?_HERMES,,,,,0.06
3556.86,Control_HERMES,,,,2.5
3556.86,Changes?_HERMES,,,,,0.074
3566.88,Control_HERMES,,,,2.539
3566.88,Changes?_HERMES,,,,,0.083
3577.17,Control_HERMES,,,,2.42
3577.18,Changes?_HERMES,,,,,0.101
3587.26,Control_HERMES,,,,2.386
3587.26,Changes?_HERMES,,,,,0.088
3597.34,Control_HERMES,,,,2.514
3597.34,Changes?_HERMES,,,,,0.087
3607.37,Control_HERMES,,,,2.336
3607.37,Changes?_HERMES,,,,,0.075
3617.43,Control_HERMES,,,,2.368
3617.43,Changes?_HERMES,,,,,0.075
3627.47,Control_HERMES,,,,2.344
3627.47,Changes?_HERMES,,,,,0.06
3637.48,Control_HERMES,,,,2.356
3637.49,Changes?_HERMES,,,,,0.059
3647.52,Control_HERMES,,,,2.454
3647.52,Changes?_HERMES,,,,,0.077
3657.53,Control_HERMES,,,,2.455
3657.53,Changes?_HERMES,,,,,0.072
3667.62,Control_HERMES,,,,2.727
3667.62,Changes?_HERMES,,,,,0.1
3677.66,Control_HERMES,,,,2.221
3677.66,Changes?_HERMES,,,,,0.13
3687.7,Control_HERMES,,,,2.351
3687.7,Changes?_HERMES,,,,,0.082
3697.73,Control_HERMES,,,,2.333
3697.73,Changes?_HERMES,,,,,0.096
3707.75,Control_HERMES,,,,2.368
3707.75,Changes?_HERMES,,,,,0.074
3717.84,Control_HERMES,,,,2.461
3717.84,Changes?_HERMES,,,,,0.079
3727.87,Control_HERMES,,,,2.465
3727.87,Changes?_HERMES,,,,,0.083
3737.95,Control_HERMES,,,,2.265
3737.95,Changes?_HERMES,,,,,0.058
3748.03,Control_HERMES,,,,2.245
3748.03,Changes?_HERMES,,,,,0.111
3758.1,Control_HERMES,,,,2.462
3758.11,Changes?_HERMES,,,,,0.114
3768.17,Control_HERMES,,,,2.391
3768.18,Changes?_HERMES,,,,,0.075
3778.24,Control_HERMES,,,,2.563
3778.24,Changes?_HERMES,,,,,0.068
3788.3,Control_HERMES,,,,2.244
3788.3,Changes?_HERMES,,,,,0.075
3798.33,Control_HERMES,,,,2.341
3798.33,Changes?_HERMES,,,,,0.076
3808.42,Control_HERMES,,,,2.41
3808.42,Changes?_HERMES,,,,,0.081
3818.49,Control_HERMES,,,,2.488
3818.49,Changes?_HERMES,,,,,0.078
3828.56,Control_HERMES,,,,2.584
3828.56,Changes?_HERMES,,,,,0.121
3838.64,Control_HERMES,,,,2.499
3838.64,Changes?_HERMES,,,,,0.116
3848.7,Control_HERMES,,,,2.285
3848.71,Changes?_HERMES,,,,,0.085
3858.82,Control_HERMES,,,,2.354
3858.82,Changes?_HERMES,,,,,0.073
3868.9,Control_HERMES,,,,2.337
3868.9,Changes?_HERMES,,,,,0.094
3878.99,Control_HERMES,,,,2.305
3878.99,Changes?_HERMES,,,,,0.076
3889.1,Control_HERMES,,,,2.382
3889.1,Changes?_HERMES,,,,,0.055
3899.15,Control_HERMES,,,,2.632
3899.15,Changes?_HERMES,,,,,0.07
3909.24,Control_HERMES,,,,2.386
3909.24,Changes?_HERMES,,,,,0.075
3919.26,Control_HERMES,,,,2.175
3919.26,Changes?_HERMES,,,,,0.076
3929.36,Control_HERMES,,,,2.499
3929.36,Changes?_HERMES,,,,,0.049
3939.43,Control_HERMES,,,,2.334
3939.43,Changes?_HERMES,,,,,0.101
3949.47,Control_HERMES,,,,2.384
3949.48,Changes?_HERMES,,,,,0.093
3959.57,Control_HERMES,,,,2.569
3959.57,Changes?_HERMES,,,,,0.078
3969.6,Control_HERMES,,,,2.344
3969.6,Changes?_HERMES,,,,,0.1
3979.66,Control_HERMES,,,,2.418
3979.66,Changes?_HERMES,,,,,0.086
3989.74,Control_HERMES,,,,2.432
3989.74,Changes?_HERMES,,,,,0.056
3999.83,Control_HERMES,,,,2.251
3999.83,Changes?_HERMES,,,,,0.078
4009.91,Control_HERMES,,,,2.461
4009.91,Changes?_HERMES,,,,,0.075
4020.06,Control_HERMES,,,,2.584
4020.06,Changes?_HERMES,,,,,0.071
4030.14,Control_HERMES,,,,2.594
4030.14,Changes?_HERMES,,,,,0.086
4040.27,Control_HERMES,,,,2.458
4040.27,Changes?_HERMES,,,,,0.06
4050.38,Control_HERMES,,,,2.359
4050.38,Changes?_HERMES,,,,,0.064
4060.48,Control_HERMES,,,,2.318
4060.48,Changes?_HERMES,,,,,0.106
4070.63,Control_HERMES,,,,2.435
4070.63,Changes?_HERMES,,,,,0.072
4080.76,Control_HERMES,,,,2.593
4080.76,Changes?_HERMES,,,,,0.079
4090.84,Control_HERMES,,,,2.431
4090.84,Changes?_HERMES,,,,,0.101
4100.91,Control_HERMES,,,,2.388
4100.91,Changes?_HERMES,,,,,0.071
4111.02,Control_HERMES,,,,2.31
4111.02,Changes?_HERMES,,,,,0.082
4121.09,Control_HERMES,,,,2.395
4121.09,Changes?_HERMES,,,,,0.059
4131.19,Control_HERMES,,,,2.362
4131.19,Changes?_HERMES,,,,,0.098
4141.28,Control_HERMES,,,,2.478
4141.28,Changes?_HERMES,,,,,0.068
4151.37,Control_HERMES,,,,2.457
4151.37,Changes?_HERMES,,,,,0.051
4161.5,Control_HERMES,,,,2.461
4161.5,Changes?_HERMES,,,,,0.086
4171.55,Control_HERMES,,,,2.548
4171.55,Changes?_HERMES,,,,,0.1
4181.62,Control_HERMES,,,,2.517
4181.62,Changes?_HERMES,,,,,0.082
4191.67,Control_HERMES,,,,2.203
4191.67,Changes?_HERMES,,,,,0.106
4201.81,Control_HERMES,,,,2.459
4201.81,Changes?_HERMES,,,,,0.074
4211.94,Control_HERMES,,,,2.292
4211.95,Changes?_HERMES,,,,,0.076
4222.03,Control_HERMES,,,,2.389
4222.03,Changes?_HERMES,,,,,0.091
4232.14,Control_HERMES,,,,2.492
4232.14,Changes?_HERMES,,,,,0.071
4242.2,Control_HERMES,,,,2.355
4242.2,Changes?_HERMES,,,,,0.083
4252.33,Control_HERMES,,,,2.542
4252.33,Changes?_HERMES,,,,,0.085
4262.49,Control_HERMES,,,,2.392
4262.49,Changes?_HERMES,,,,,0.054
4272.56,Control_HERMES,,,,2.607
4272.56,Changes?_HERMES,,,,,0.102
4282.6,Control_HERMES,,,,2.37
4282.6,Changes?_HERMES,,,,,0.068
4292.78,Control_HERMES,,,,2.521
4292.78,Changes?_HERMES,,,,,0.082
4302.89,Control_HERMES,,,,2.454
4302.89,Changes?_HERMES,,,,,0.058
4313,Control_HERMES,,,,2.311
4313,Changes?_HERMES,,,,,0.057
4323.05,Control_HERMES,,,,2.408
4323.05,Changes?_HERMES,,,,,0.065
4333.2,Control_HERMES,,,,2.707
4333.2,Changes?_HERMES,,,,,0.074
4343.32,Control_HERMES,,,,2.353
4343.32,Changes?_HERMES,,,,,0.077
4353.45,Control_HERMES,,,,2.207
4353.45,Changes?_HERMES,,,,,0.083
4363.58,Control_HERMES,,,,2.278
4363.58,Changes?_HERMES,,,,,0.069
4373.71,Control_HERMES,,,,2.425
4373.71,Changes?_HERMES,,,,,0.065
4383.82,Control_HERMES,,,,2.337
4383.82,Changes?_HERMES,,,,,0.079
4393.95,Control_HERMES,,,,2.374
4393.96,Changes?_HERMES,,,,,0.073
4404.11,Control_HERMES,,,,2.289
4404.11,Changes?_HERMES,,,,,0.053
4414.25,Control_HERMES,,,,2.295
4414.25,Changes?_HERMES,,,,,0.079
4424.32,Control_HERMES,,,,2.468
4424.32,Changes?_HERMES,,,,,0.062
4434.44,Control_HERMES,,,,2.735
4434.44,Changes?_HERMES,,,,,0.08
4444.66,Control_HERMES,,,,2.49
4444.66,Changes?_HERMES,,,,,0.072
4454.74,Control_HERMES,,,,2.186
4454.74,Changes?_HERMES,,,,,0.061
4464.85,Control_HERMES,,,,2.361
4464.85,Changes?_HERMES,,,,,0.069
4474.99,Control_HERMES,,,,2.466
4474.99,Changes?_HERMES,,,,,0.061
4485.14,Control_HERMES,,,,2.446
4485.14,Changes?_HERMES,,,,,0.097
4495.31,Control_HERMES,,,,2.342
4495.31,Changes?_HERMES,,,,,0.083
4505.42,Control_HERMES,,,,2.446
4505.42,Changes?_HERMES,,,,,0.062
4515.5,Control_HERMES,,,,2.486
4515.5,Changes?_HERMES,,,,,0.105
4526,Control_HERMES,,,,2.768
4526,Changes?_HERMES,,,,,0.075
4535.57,Control_HERMES,,,,2.375
4535.57,Changes?_HERMES,,,,,0.062
4545.64,Control_HERMES,,,,2.449
4545.64,Changes?_HERMES,,,,,0.087
4555.78,Control_HERMES,,,,2.373
4555.78,Changes?_HERMES,,,,,0.057
4565.9,Control_HERMES,,,,2.416
4565.9,Changes?_HERMES,,,,,0.074
4575.96,Control_HERMES,,,,2.222
4575.96,Changes?_HERMES,,,,,0.118
4586.04,Control_HERMES,,,,2.514
4586.04,Changes?_HERMES,,,,,0.091
4596.14,Control_HERMES,,,,2.386
4596.14,Changes?_HERMES,,,,,0.083
4606.29,Control_HERMES,,,,2.449
4606.29,Changes?_HERMES,,,,,0.148
4616.39,Control_HERMES,,,,2.415
4616.39,Changes?_HERMES,,,,,0.113
4626.48,Control_HERMES,,,,2.544
4626.48,Changes?_HERMES,,,,,0.083
4636.62,Control_HERMES,,,,2.636
4636.62,Changes?_HERMES,,,,,0.095
4646.8,Control_HERMES,,,,2.425
4646.8,Changes?_HERMES,,,,,0.086
4656.88,Control_HERMES,,,,2.301
4656.88,Changes?_HERMES,,,,,0.059
4667.02,Control_HERMES,,,,2.304
4667.02,Changes?_HERMES,,,,,0.104
4677.17,Control_HERMES,,,,2.403
4677.17,Changes?_HERMES,,,,,0.077
4687.33,Control_HERMES,,,,2.518
4687.33,Changes?_HERMES,,,,,0.075
4697.53,Control_HERMES,,,,2.479
4697.53,Changes?_HERMES,,,,,0.101
4707.64,Control_HERMES,,,,2.273
4707.64,Changes?_HERMES,,,,,0.089
4717.73,Control_HERMES,,,,2.257
4717.73,Changes?_HERMES,,,,,0.075
4727.88,Control_HERMES,,,,2.673
4727.88,Changes?_HERMES,,,,,0.082
4738,Control_HERMES,,,,2.357
4738,Changes?_HERMES,,,,,0.077
4748.15,Control_HERMES,,,,2.257
4748.15,Changes?_HERMES,,,,,0.082
4758.28,Control_HERMES,,,,2.476
4758.28,Changes?_HERMES,,,,,0.086
4768.43,Control_HERMES,,,,2.379
4768.43,Changes?_HERMES,,,,,0.08
4778.52,Control_HERMES,,,,2.572
4778.52,Changes?_HERMES,,,,,0.125
4788.68,Control_HERMES,,,,2.267
4788.68,Changes?_HERMES,,,,,0.078
4798.8,Control_HERMES,,,,2.317
4798.8,Changes?_HERMES,,,,,0.069
4808.9,Control_HERMES,,,,2.362
4808.9,Changes?_HERMES,,,,,0.089
4819.01,Control_HERMES,,,,2.313
4819.01,Changes?_HERMES,,,,,0.078
4829.15,Control_HERMES,,,,2.302
4829.16,Changes?_HERMES,,,,,0.091
4839.29,Control_HERMES,,,,2.351
4839.29,Changes?_HERMES,,,,,0.072
4849.35,Control_HERMES,,,,2.345
4849.36,Changes?_HERMES,,,,,0.087
4859.48,Control_HERMES,,,,2.409
4859.48,Changes?_HERMES,,,,,0.093
4869.63,Control_HERMES,,,,2.293
4869.63,Changes?_HERMES,,,,,0.079
4879.78,Control_HERMES,,,,2.408
4879.79,Changes?_HERMES,,,,,0.064
4889.97,Control_HERMES,,,,2.438
4889.97,Changes?_HERMES,,,,,0.076
4900.05,Control_HERMES,,,,2.292
4900.05,Changes?_HERMES,,,,,0.071
4910.19,Control_HERMES,,,,2.421
4910.19,Changes?_HERMES,,,,,0.078
4920.31,Control_HERMES,,,,2.342
4920.31,Changes?_HERMES,,,,,0.071
4930.43,Control_HERMES,,,,2.326
4930.43,Changes?_HERMES,,,,,0.073
4940.53,Control_HERMES,,,,2.298
4940.53,Changes?_HERMES,,,,,0.074
4950.57,Control_HERMES,,,,2.492
4950.57,Changes?_HERMES,,,,,0.082
4960.66,Control_HERMES,,,,2.283
4960.66,Changes?_HERMES,,,,,0.078
4970.83,Control_HERMES,,,,2.514
4970.83,Changes?_HERMES,,,,,0.058
4980.93,Control_HERMES,,,,2.306
4980.93,Changes?_HERMES,,,,,0.107
4991.04,Control_HERMES,,,,2.413
4991.04,Changes?_HERMES,,,,,0.087
5001.23,Control_HERMES,,,,2.427
5001.23,Changes?_HERMES,,,,,0.069
5011.3,Control_HERMES,,,,2.438
5011.31,Changes?_HERMES,,,,,0.066
5021.46,Control_HERMES,,,,2.503
5021.46,Changes?_HERMES,,,,,0.061
5031.64,Control_HERMES,,,,2.558
5031.64,Changes?_HERMES,,,,,0.079
5041.7,Control_HERMES,,,,2.416
5041.7,Changes?_HERMES,,,,,0.059
5051.82,Control_HERMES,,,,2.476
5051.82,Changes?_HERMES,,,,,0.077
5061.94,Control_HERMES,,,,2.421
5061.94,Changes?_HERMES,,,,,0.056
5072.04,Control_HERMES,,,,2.283
5072.04,Changes?_HERMES,,,,,0.08
5082.18,Control_HERMES,,,,2.453
5082.18,Changes?_HERMES,,,,,0.082
5092.31,Control_HERMES,,,,2.396
5092.31,Changes?_HERMES,,,,,0.056
5102.4,Control_HERMES,,,,2.498
5102.4,Changes?_HERMES,,,,,0.092
5112.43,Control_HERMES,,,,2.291
5112.43,Changes?_HERMES,,,,,0.073
5122.53,Control_HERMES,,,,2.365
5122.53,Changes?_HERMES,,,,,0.095
5132.62,Control_HERMES,,,,2.584
5132.62,Changes?_HERMES,,,,,0.084
5142.73,Control_HERMES,,,,2.706
5142.73,Changes?_HERMES,,,,,0.113
5152.9,Control_HERMES,,,,2.342
5152.9,Changes?_HERMES,,,,,0.094
5163.03,Control_HERMES,,,,2.425
5163.04,Changes?_HERMES,,,,,0.091
5173.16,Control_HERMES,,,,2.512
5173.16,Changes?_HERMES,,,,,0.131
5183.28,Control_HERMES,,,,2.319
5183.28,Changes?_HERMES,,,,,0.144
5193.44,Control_HERMES,,,,2.39
5193.44,Changes?_HERMES,,,,,0.071
5203.55,Control_HERMES,,,,2.568
5203.56,Changes?_HERMES,,,,,0.073
5213.7,Control_HERMES,,,,2.322
5213.7,Changes?_HERMES,,,,,0.078
5223.87,Control_HERMES,,,,2.284
5223.87,Changes?_HERMES,,,,,0.064
5233.95,Control_HERMES,,,,2.292
5233.95,Changes?_HERMES,,,,,0.11
5244.05,Control_HERMES,,,,2.364
5244.05,Changes?_HERMES,,,,,0.071
5254.18,Control_HERMES,,,,2.432
5254.18,Changes?_HERMES,,,,,0.077
5264.28,Control_HERMES,,,,2.278
5264.28,Changes?_HERMES,,,,,0.069
5274.48,Control_HERMES,,,,2.6
5274.48,Changes?_HERMES,,,,,0.069
5284.4,Control_HERMES,,,,2.421
5284.4,Changes?_HERMES,,,,,0.066
5294.5,Control_HERMES,,,,2.38
5294.5,Changes?_HERMES,,,,,0.082
5304.68,Control_HERMES,,,,2.439
5304.68,Changes?_HERMES,,,,,0.087
5314.8,Control_HERMES,,,,2.506
5314.8,Changes?_HERMES,,,,,0.084
5324.94,Control_HERMES,,,,2.45
5324.94,Changes?_HERMES,,,,,0.081
5335.07,Control_HERMES,,,,2.61
5335.07,Changes?_HERMES,,,,,0.076
5345.21,Control_HERMES,,,,2.521
5345.22,Changes?_HERMES,,,,,0.059
5355.34,Control_HERMES,,,,2.407
5355.34,Changes?_HERMES,,,,,0.129
5365.47,Control_HERMES,,,,2.487
5365.48,Changes?_HERMES,,,,,0.079
5375.69,Control_HERMES,,,,2.368
5375.69,Changes?_HERMES,,,,,0.079
5385.77,Control_HERMES,,,,2.539
5385.77,Changes?_HERMES,,,,,0.058
5395.87,Control_HERMES,,,,2.426
5395.87,Changes?_HERMES,,,,,0.087
5405.98,Control_HERMES,,,,2.359
5405.98,Changes?_HERMES,,,,,0.096
5416.07,Control_HERMES,,,,2.293
5416.07,Changes?_HERMES,,,,,0.056
5426.22,Control_HERMES,,,,2.376
5426.22,Changes?_HERMES,,,,,0.093
5436.34,Control_HERMES,,,,2.303
5436.34,Changes?_HERMES,,,,,0.063
5446.42,Control_HERMES,,,,2.376
5446.42,Changes?_HERMES,,,,,0.057
5456.53,Control_HERMES,,,,2.452
5456.53,Changes?_HERMES,,,,,0.064
5466.69,Control_HERMES,,,,2.358
5466.69,Changes?_HERMES,,,,,0.089
5476.85,Control_HERMES,,,,2.6
5476.85,Changes?_HERMES,,,,,0.103
5486.9,Control_HERMES,,,,2.424
5486.9,Changes?_HERMES,,,,,0.069
5496.98,Control_HERMES,,,,2.377
5496.99,Changes?_HERMES,,,,,0.061
5507.13,Control_HERMES,,,,2.355
5507.13,Changes?_HERMES,,,,,0.059
5517.37,Control_HERMES,,,,2.461
5517.37,Changes?_HERMES,,,,,0.081
5527.49,Control_HERMES,,,,2.283
5527.49,Changes?_HERMES,,,,,0.085
5537.62,Control_HERMES,,,,2.488
5537.62,Changes?_HERMES,,,,,0.089
5547.73,Control_HERMES,,,,2.471
5547.73,Changes?_HERMES,,,,,0.078
5557.83,Control_HERMES,,,,2.456
5557.83,Changes?_HERMES,,,,,0.073
5567.98,Control_HERMES,,,,2.309
5567.98,Changes?_HERMES,,,,,0.099
5578.13,Control_HERMES,,,,2.352
5578.13,Changes?_HERMES,,,,,0.106
5588.28,Control_HERMES,,,,2.513
5588.28,Changes?_HERMES,,,,,0.126
5598.39,Control_HERMES,,,,2.484
5598.39,Changes?_HERMES,,,,,0.065
5608.44,Control_HERMES,,,,2.333
5608.44,Changes?_HERMES,,,,,0.076
5618.53,Control_HERMES,,,,2.518
5618.53,Changes?_HERMES,,,,,0.065
5628.64,Control_HERMES,,,,2.323
5628.64,Changes?_HERMES,,,,,0.057
5638.82,Control_HERMES,,,,2.418
5638.82,Changes?_HERMES,,,,,0.091
5648.92,Control_HERMES,,,,2.278
5648.92,Changes?_HERMES,,,,,0.087
5659.08,Control_HERMES,,,,2.588
5659.09,Changes?_HERMES,,,,,0.099
5669.14,Control_HERMES,,,,2.539
5669.14,Changes?_HERMES,,,,,0.088
5679.19,Control_HERMES,,,,2.346
5679.19,Changes?_HERMES,,,,,0.063
5689.22,Control_HERMES,,,,2.307
5689.22,Changes?_HERMES,,,,,0.099
5699.33,Control_HERMES,,,,2.509
5699.33,Changes?_HERMES,,,,,0.088
5709.45,Control_HERMES,,,,2.574
5709.45,Changes?_HERMES,,,,,0.098
5719.59,Control_HERMES,,,,2.406
5719.6,Changes?_HERMES,,,,,0.055
5729.7,Control_HERMES,,,,2.387
5729.7,Changes?_HERMES,,,,,0.076
5739.83,Control_HERMES,,,,2.247
5739.83,Changes?_HERMES,,,,,0.098
5749.92,Control_HERMES,,,,2.28
5749.92,Changes?_HERMES,,,,,0.077
5760.04,Control_HERMES,,,,2.349
5760.05,Changes?_HERMES,,,,,0.071
5770.17,Control_HERMES,,,,2.27
5770.17,Changes?_HERMES,,,,,0.092
5780.26,Control_HERMES,,,,2.325
5780.26,Changes?_HERMES,,,,,0.061
5790.41,Control_HERMES,,,,2.395
5790.41,Changes?_HERMES,,,,,0.077
5800.57,Control_HERMES,,,,2.429
5800.57,Changes?_HERMES,,,,,0.08
5810.74,Control_HERMES,,,,2.451
5810.74,Changes?_HERMES,,,,,0.093
5820.91,Control_HERMES,,,,2.521
5820.91,Changes?_HERMES,,,,,0.069
5831.01,Control_HERMES,,,,2.594
5831.01,Changes?_HERMES,,,,,0.087
5841.15,Control_HERMES,,,,2.254
5841.15,Changes?_HERMES,,,,,0.06
5851.3,Control_HERMES,,,,2.394
5851.3,Changes?_HERMES,,,,,0.073
5861.49,Control_HERMES,,,,2.283
5861.5,Changes?_HERMES,,,,,0.106
5871.68,Control_HERMES,,,,2.346
5871.68,Changes?_HERMES,,,,,0.084
5881.69,Control_HERMES,,,,2.715
5881.69,Changes?_HERMES,,,,,0.086
5891.82,Control_HERMES,,,,2.312
5891.82,Changes?_HERMES,,,,,0.06
5902,Control_HERMES,,,,2.329
5902,Changes?_HERMES,,,,,0.077
5912.24,Control_HERMES,,,,2.477
5912.25,Changes?_HERMES,,,,,0.083
5922.17,Control_HERMES,,,,2.592
5922.17,Changes?_HERMES,,,,,0.07
5932.3,Control_HERMES,,,,2.54
5932.3,Changes?_HERMES,,,,,0.069
5942.43,Control_HERMES,,,,2.379
5942.43,Changes?_HERMES,,,,,0.073
5952.49,Control_HERMES,,,,2.335
5952.5,Changes?_HERMES,,,,,0.135
5962.66,Control_HERMES,,,,2.446
5962.66,Changes?_HERMES,,,,,0.096
5972.79,Control_HERMES,,,,2.312
5972.79,Changes?_HERMES,,,,,0.074
5982.91,Control_HERMES,,,,2.28
5982.91,Changes?_HERMES,,,,,0.062
5992.99,Control_HERMES,,,,2.317
5992.99,Changes?_HERMES,,,,,0.081
6003.15,Control_HERMES,,,,2.629
6003.15,Changes?_HERMES,,,,,0.073
6013.22,Control_HERMES,,,,2.314
6013.22,Changes?_HERMES,,,,,0.073
6023.33,Control_HERMES,,,,2.544
6023.33,Changes?_HERMES,,,,,0.083
6033.42,Control_HERMES,,,,2.177
6033.42,Changes?_HERMES,,,,,0.095
6043.52,Control_HERMES,,,,2.44
6043.52,Changes?_HERMES,,,,,0.099
6053.73,Control_HERMES,,,,2.345
6053.73,Changes?_HERMES,,,,,0.08
6063.91,Control_HERMES,,,,2.408
6063.91,Changes?_HERMES,,,,,0.08
6074.05,Control_HERMES,,,,2.466
6074.05,Changes?_HERMES,,,,,0.091
6084.18,Control_HERMES,,,,2.485
6084.18,Changes?_HERMES,,,,,0.07
6094.32,Control_HERMES,,,,2.377
6094.32,Changes?_HERMES,,,,,0.08
6104.46,Control_HERMES,,,,2.273
6104.46,Changes?_HERMES,,,,,0.046
6114.6,Control_HERMES,,,,2.389
6114.6,Changes?_HERMES,,,,,0.076
6124.75,Control_HERMES,,,,2.457
6124.76,Changes?_HERMES,,,,,0.109
6134.88,Control_HERMES,,,,2.268
6134.88,Changes?_HERMES,,,,,0.062
6144.97,Control_HERMES,,,,2.313
6144.97,Changes?_HERMES,,,,,0.062
6155.03,Control_HERMES,,,,2.287
6155.03,Changes?_HERMES,,,,,0.093
6165.19,Control_HERMES,,,,2.363
6165.19,Changes?_HERMES,,,,,0.078
6175.28,Control_HERMES,,,,2.466
6175.28,Changes?_HERMES,,,,,0.099
6185.37,Control_HERMES,,,,2.432
6185.37,Changes?_HERMES,,,,,0.085
6195.5,Control_HERMES,,,,2.408
6195.5,Changes?_HERMES,,,,,0.103
6205.69,Control_HERMES,,,,2.413
6205.69,Changes?_HERMES,,,,,0.092
6215.8,Control_HERMES,,,,2.567
6215.8,Changes?_HERMES,,,,,0.077
6225.85,Control_HERMES,,,,2.549
6225.85,Changes?_HERMES,,,,,0.085
6235.96,Control_HERMES,,,,2.389
6235.96,Changes?_HERMES,,,,,0.048
6246.11,Control_HERMES,,,,2.633
6246.11,Changes?_HERMES,,,,,0.059
6256.2,Control_HERMES,,,,2.382
6256.2,Changes?_HERMES,,,,,0.065
6266.33,Control_HERMES,,,,2.384
6266.33,Changes?_HERMES,,,,,0.069
6276.5,Control_HERMES,,,,2.42
6276.5,Changes?_HERMES,,,,,0.088
6286.67,Control_HERMES,,,,2.386
6286.67,Changes?_HERMES,,,,,0.139
6296.85,Control_HERMES,,,,2.342
6296.85,Changes?_HERMES,,,,,0.114
6307.01,Control_HERMES,,,,2.509
6307.01,Changes?_HERMES,,,,,0.089
6317.12,Control_HERMES,,,,2.431
6317.12,Changes?_HERMES,,,,,0.098
6327.22,Control_HERMES,,,,2.415
6327.22,Changes?_HERMES,,,,,0.048
6337.33,Control_HERMES,,,,2.398
6337.33,Changes?_HERMES,,,,,0.088
6347.49,Control_HERMES,,,,2.333
6347.49,Changes?_HERMES,,,,,0.09
6357.62,Control_HERMES,,,,2.455
6357.62,Changes?_HERMES,,,,,0.061
6367.77,Control_HERMES,,,,2.374
6367.77,Changes?_HERMES,,,,,0.056
6377.86,Control_HERMES,,,,2.384
6377.86,Changes?_HERMES,,,,,0.073
6387.99,Control_HERMES,,,,2.492
6387.99,Changes?_HERMES,,,,,0.096
6398.06,Control_HERMES,,,,2.475
6398.06,Changes?_HERMES,,,,,0.071
6408.16,Control_HERMES,,,,2.436
6408.16,Changes?_HERMES,,,,,0.088
6418.3,Control_HERMES,,,,2.635
6418.3,Changes?_HERMES,,,,,0.062
6428.34,Control_HERMES,,,,2.38
6428.34,Changes?_HERMES,,,,,0.083
6438.48,Control_HERMES,,,,2.486
6438.48,Changes?_HERMES,,,,,0.061
6448.73,Control_HERMES,,,,2.553
6448.73,Changes?_HERMES,,,,,0.079
6459.03,Control_HERMES,,,,4.202
6459.03,Changes?_HERMES,,,,,0.085
6469.04,Control_HERMES,,,,4.012
6469.04,Changes?_HERMES,,,,,0.079
6479.14,Control_HERMES,,,,4.007
6479.14,Changes?_HERMES,,,,,0.084
6489.25,Control_HERMES,,,,4.452
6489.25,Changes?_HERMES,,,,,0.072
6499.48,Control_HERMES,,,,4.187
6499.48,Changes?_HERMES,,,,,0.172
6509.46,Control_HERMES,,,,3.668
6509.46,Changes?_HERMES,,,,,0.077
6519.7,Control_HERMES,,,,3.84
6519.7,Changes?_HERMES,,,,,0.145
6530.09,Control_HERMES,,,,4.126
6530.09,Changes?_HERMES,,,,,0.07
6539.89,Control_HERMES,,,,3.996
6539.89,Changes?_HERMES,,,,,0.078
6549.93,Control_HERMES,,,,4.131
6549.93,Changes?_HERMES,,,,,0.066
6559.95,Control_HERMES,,,,3.657
6559.96,Changes?_HERMES,,,,,0.54
6569.94,Control_HERMES,,,,3.632
6569.94,Changes?_HERMES,,,,,0.083
6580.25,Control_HERMES,,,,3.585
6580.25,Changes?_HERMES,,,,,0.081
6590.26,Control_HERMES,,,,3.974
6590.26,Changes?_HERMES,,,,,0.085
6600.46,Control_HERMES,,,,3.717
6600.46,Changes?_HERMES,,,,,0.053
6610.68,Control_HERMES,,,,4.309
6610.69,Changes?_HERMES,,,,,0.165
6620.85,Control_HERMES,,,,3.866
6620.85,Changes?_HERMES,,,,,0.076
6631.03,Control_HERMES,,,,4.186
6631.03,Changes?_HERMES,,,,,0.05
6641.32,Control_HERMES,,,,4.066
6641.32,Changes?_HERMES,,,,,0.116
6651.47,Control_HERMES,,,,3.85
6651.47,Changes?_HERMES,,,,,0.152
6661.55,Control_HERMES,,,,3.626
6661.55,Changes?_HERMES,,,,,0.055
6671.68,Control_HERMES,,,,3.529
6671.68,Changes?_HERMES,,,,,0.073
6681.83,Control_HERMES,,,,3.811
6681.83,Changes?_HERMES,,,,,0.103
6691.95,Control_HERMES,,,,3.702
6691.96,Changes?_HERMES,,,,,0.056
6702.11,Control_HERMES,,,,3.652
6702.11,Changes?_HERMES,,,,,0.082
6712.29,Control_HERMES,,,,3.916
6712.29,Changes?_HERMES,,,,,0.078
6722.46,Control_HERMES,,,,3.689
6722.46,Changes?_HERMES,,,,,0.075
6732.62,Control_HERMES,,,,3.835
6732.62,Changes?_HERMES,,,,,0.051
6742.84,Control_HERMES,,,,3.965
6742.84,Changes?_HERMES,,,,,0.069
6752.97,Control_HERMES,,,,4.068
6752.97,Changes?_HERMES,,,,,0.409
6763.06,Control_HERMES,,,,3.9
6763.06,Changes?_HERMES,,,,,0.054
6773.16,Control_HERMES,,,,3.404
6773.16,Changes?_HERMES,,,,,0.05
6783.31,Control_HERMES,,,,3.501
6783.31,Changes?_HERMES,,,,,0.077
6793.47,Control_HERMES,,,,3.925
6793.47,Changes?_HERMES,,,,,0.08
6803.49,Control_HERMES,,,,4.713
6803.49,Changes?_HERMES,,,,,0.191
6813.94,Control_HERMES,,,,4.161
6813.94,Changes?_HERMES,,,,,0.072
6823.84,Control_HERMES,,,,3.426
6823.84,Changes?_HERMES,,,,,0.067
6834.06,Control_HERMES,,,,3.955
6834.06,Changes?_HERMES,,,,,0.127
6844.27,Control_HERMES,,,,3.823
6844.27,Changes?_HERMES,,,,,0.383
6854.5,Control_HERMES,,,,4.164
6854.5,Changes?_HERMES,,,,,0.093
6864.73,Control_HERMES,,,,3.676
6864.73,Changes?_HERMES,,,,,0.169
6874.91,Control_HERMES,,,,4.088
6874.92,Changes?_HERMES,,,,,0.062
6885.08,Control_HERMES,,,,3.808
6885.08,Changes?_HERMES,,,,,0.137
6895.27,Control_HERMES,,,,3.584
6895.27,Changes?_HERMES,,,,,0.071
6905.48,Control_HERMES,,,,3.612
6905.48,Changes?_HERMES,,,,,0.062
6915.66,Control_HERMES,,,,3.396
6915.66,Changes?_HERMES,,,,,0.183
6925.84,Control_HERMES,,,,3.833
6925.84,Changes?_HERMES,,,,,0.081
6936.05,Control_HERMES,,,,4.142
6936.05,Changes?_HERMES,,,,,0.101
6946.4,Control_HERMES,,,,4.194
6946.4,Changes?_HERMES,,,,,0.079
6956.29,Control_HERMES,,,,4.003
6956.29,Changes?_HERMES,,,,,0.091
6966.49,Control_HERMES,,,,3.93
6966.49,Changes?_HERMES,,,,,0.3
6976.66,Control_HERMES,,,,3.633
6976.67,Changes?_HERMES,,,,,0.077
6986.91,Control_HERMES,,,,4.279
6986.91,Changes?_HERMES,,,,,0.073
6997.07,Control_HERMES,,,,3.723
6997.07,Changes?_HERMES,,,,,0.094
7007.23,Control_HERMES,,,,3.809
7007.23,Changes?_HERMES,,,,,0.086
7017.43,Control_HERMES,,,,3.815
7017.43,Changes?_HERMES,,,,,0.094
7027.61,Control_HERMES,,,,4.208
7027.61,Changes?_HERMES,,,,,0.185
7037.84,Control_HERMES,,,,3.383
7037.84,Changes?_HERMES,,,,,0.087
7047.96,Control_HERMES,,,,3.995
7047.96,Changes?_HERMES,,,,,0.287
7058.32,Control_HERMES,,,,3.959
7058.32,Changes?_HERMES,,,,,0.082
7068.2,Control_HERMES,,,,3.854
7068.2,Changes?_HERMES,,,,,0.064
7078.9,Control_HERMES,,,,4.125
7078.9,Changes?_HERMES,,,,,0.072
7088.46,Control_HERMES,,,,2.491
7088.46,Changes?_HERMES,,,,,0.062
