24.8184,LCA_ZEUS,34.68
24.8193,Send_ZEUS,,0.034
26.0828,Receive_ZEUS,,0.305
26.0853,Receive_ZEUS,,0.177
29.8536,Selection_ZEUS,,,1.362
37.0849,Control_ZEUS,,,,21.747
37.0867,Changes?_ZEUS,,,,,0.329
37.8143,Control_ZEUS,,,,2.769
37.8149,Changes?_ZEUS,,,,,0.083
43.2545,Control_ZEUS,,,,3.156
43.2563,Changes?_ZEUS,,,,,0.262
47.9143,Control_ZEUS,,,,2.699
47.915,Changes?_ZEUS,,,,,0.077
53.0328,Control_ZEUS,,,,2.823
53.0338,Changes?_ZEUS,,,,,0.111
58.1925,Control_ZEUS,,,,2.823
58.1937,Changes?_ZEUS,,,,,0.097
63.3414,Control_ZEUS,,,,2.98
63.3422,Changes?_ZEUS,,,,,0.089
68.4848,Control_ZEUS,,,,2.724
68.4857,Changes?_ZEUS,,,,,0.077
77.6154,Control_ZEUS,,,,21.896
77.616,Changes?_ZEUS,,,,,0.066
81.8526,LCA,21.352
81.8529,Send_ZEUS,,0.024
86.878,Selection_ZEUS,,,0.785
90.8874,Control_ZEUS,,,,17.514
90.888,Changes?_ZEUS,,,,,0.074
92.4966,Control_ZEUS,,,,2.507
92.4972,Changes?_ZEUS,,,,,0.072
97.4074,Control_ZEUS,,,,2.651
97.4079,Changes?_ZEUS,,,,,0.048
102.581,Control_ZEUS,,,,2.611
102.582,Changes?_ZEUS,,,,,0.081
107.743,Control_ZEUS,,,,2.592
107.743,Changes?_ZEUS,,,,,0.076
112.926,Control_ZEUS,,,,2.79
112.927,Changes?_ZEUS,,,,,0.076
118.14,Control_ZEUS,,,,2.639
118.14,Changes?_ZEUS,,,,,0.069
123.262,Control_ZEUS,,,,2.366
123.263,Changes?_ZEUS,,,,,0.061
131.593,Control_ZEUS,,,,18.87
131.593,Changes?_ZEUS,,,,,0.054
136.158,LCA,20.584
136.158,Send_ZEUS,,0.021
141.187,Selection_ZEUS,,,0.638
146.399,Control_ZEUS,,,,19.455
146.4,Changes?_ZEUS,,,,,0.079
146.95,Control_ZEUS,,,,2.553
146.951,Changes?_ZEUS,,,,,0.065
151.85,Control_ZEUS,,,,2.612
151.852,Changes?_ZEUS,,,,,0.21
160.697,Control_ZEUS,,,,20.297
160.698,Changes?_ZEUS,,,,,0.115
164.997,LCA,20.874
164.997,Send_ZEUS,,0.019
170.035,Selection_ZEUS,,,0.995
174.478,Control_ZEUS,,,,19.019
174.479,Changes?_ZEUS,,,,,0.105
175.688,Control_ZEUS,,,,2.485
175.688,Changes?_ZEUS,,,,,0.052
180.807,Control_ZEUS,,,,2.615
180.808,Changes?_ZEUS,,,,,0.076
189.451,Control_ZEUS,,,,20.801
189.452,Changes?_ZEUS,,,,,0.077
192.647,LCA,17.992
192.648,Send_ZEUS,,0.022
197.694,Selection_ZEUS,,,0.789
201.391,Control_ZEUS,,,,17.287
201.392,Changes?_ZEUS,,,,,0.056
203.233,Control_ZEUS,,,,2.227
203.234,Changes?_ZEUS,,,,,0.05
208.473,Control_ZEUS,,,,3.309
208.474,Changes?_ZEUS,,,,,0.056
213.569,Control_ZEUS,,,,2.256
213.569,Changes?_ZEUS,,,,,0.062
218.681,Control_ZEUS,,,,2.134
218.682,Changes?_ZEUS,,,,,0.063
227.172,Control_ZEUS,,,,18.813
227.173,Changes?_ZEUS,,,,,0.078
231.821,LCA,21.205
231.821,Send_ZEUS,,0.024
236.844,Selection_ZEUS,,,1.038
241.413,Control_ZEUS,,,,18.613
241.414,Changes?_ZEUS,,,,,0.08
246.353,Control_ZEUS,,,,20.466
246.353,Changes?_ZEUS,,,,,0.074
249.987,LCA,19.604
249.987,Send_ZEUS,,0.021
255.01,Selection_ZEUS,,,1.104
258.942,Control_ZEUS,,,,18.084
258.943,Changes?_ZEUS,,,,,0.074
260.771,Control_ZEUS,,,,2.53
260.771,Changes?_ZEUS,,,,,0.061
269.218,Control_ZEUS,,,,20.497
269.219,Changes?_ZEUS,,,,,0.054
272.82,LCA,19.825
272.82,Send_ZEUS,,0.028
277.843,Selection_ZEUS,,,0.795
281.704,Control_ZEUS,,,,18.275
281.705,Changes?_ZEUS,,,,,0.085
283.514,Control_ZEUS,,,,2.521
283.515,Changes?_ZEUS,,,,,0.083
288.406,Control_ZEUS,,,,2.521
288.406,Changes?_ZEUS,,,,,0.054
293.51,Control_ZEUS,,,,2.283
293.511,Changes?_ZEUS,,,,,0.059
298.624,Control_ZEUS,,,,2.548
298.624,Changes?_ZEUS,,,,,0.057
303.722,Control_ZEUS,,,,2.292
303.723,Changes?_ZEUS,,,,,0.084
308.817,Control_ZEUS,,,,2.211
308.818,Changes?_ZEUS,,,,,0.076
317.145,Control_ZEUS,,,,19.86
317.146,Changes?_ZEUS,,,,,0.069
320.242,LCA,18.12
320.242,Send_ZEUS,,0.016
325.267,Selection_ZEUS,,,0.991
328.955,Control_ZEUS,,,,17.725
328.956,Changes?_ZEUS,,,,,0.056
330.821,Control_ZEUS,,,,2.223
330.821,Changes?_ZEUS,,,,,0.09
335.962,Control_ZEUS,,,,2.366
335.963,Changes?_ZEUS,,,,,0.063
341.058,Control_ZEUS,,,,2.275
341.058,Changes?_ZEUS,,,,,0.057
349.328,Control_ZEUS,,,,18.988
349.329,Changes?_ZEUS,,,,,0.055
352.513,LCA,18.174
352.513,Send_ZEUS,,0.033
357.537,Selection_ZEUS,,,1.479
361.155,Control_ZEUS,,,,17.039
361.156,Changes?_ZEUS,,,,,0.083
363.139,Control_ZEUS,,,,2.378
363.14,Changes?_ZEUS,,,,,0.105
368.245,Control_ZEUS,,,,2.365
368.246,Changes?_ZEUS,,,,,0.05
373.335,Control_ZEUS,,,,2.248
373.336,Changes?_ZEUS,,,,,0.063
378.456,Control_ZEUS,,,,2.369
378.457,Changes?_ZEUS,,,,,0.07
383.67,Control_ZEUS,,,,3.372
383.67,Changes?_ZEUS,,,,,0.053
388.785,Control_ZEUS,,,,2.455
388.785,Changes?_ZEUS,,,,,0.054
393.883,Control_ZEUS,,,,2.489
393.884,Changes?_ZEUS,,,,,0.057
399.018,Control_ZEUS,,,,2.363
399.019,Changes?_ZEUS,,,,,0.075
404.246,Control_ZEUS,,,,2.65
404.247,Changes?_ZEUS,,,,,0.062
409.334,Control_ZEUS,,,,2.245
409.335,Changes?_ZEUS,,,,,0.063
414.425,Control_ZEUS,,,,2.286
414.427,Changes?_ZEUS,,,,,0.269
419.533,Control_ZEUS,,,,2.392
419.533,Changes?_ZEUS,,,,,0.057
424.664,Control_ZEUS,,,,2.583
424.664,Changes?_ZEUS,,,,,0.071
429.765,Control_ZEUS,,,,2.366
429.765,Changes?_ZEUS,,,,,0.055
434.854,Control_ZEUS,,,,2.299
434.855,Changes?_ZEUS,,,,,0.05
439.96,Control_ZEUS,,,,2.515
439.961,Changes?_ZEUS,,,,,0.054
445.065,Control_ZEUS,,,,2.551
445.066,Changes?_ZEUS,,,,,0.066
450.179,Control_ZEUS,,,,2.658
450.18,Changes?_ZEUS,,,,,0.057
455.263,Control_ZEUS,,,,2.402
455.264,Changes?_ZEUS,,,,,0.083
460.378,Control_ZEUS,,,,2.399
460.379,Changes?_ZEUS,,,,,0.054
468.86,Control_ZEUS,,,,19.363
468.861,Changes?_ZEUS,,,,,0.111
471.92,LCA,18.219
471.92,Send_ZEUS,,0.016
476.949,Selection_ZEUS,,,0.738
480.704,Control_ZEUS,,,,17.477
480.704,Changes?_ZEUS,,,,,0.084
482.445,Control_ZEUS,,,,2.473
482.445,Changes?_ZEUS,,,,,0.064
487.315,Control_ZEUS,,,,2.605
487.316,Changes?_ZEUS,,,,,0.056
492.412,Control_ZEUS,,,,2.406
492.413,Changes?_ZEUS,,,,,0.055
500.714,Control_ZEUS,,,,18.984
500.714,Changes?_ZEUS,,,,,0.052
503.835,LCA,18.387
503.836,Send_ZEUS,,0.052
508.878,Selection_ZEUS,,,0.768
512.331,Control_ZEUS,,,,17.248
512.332,Changes?_ZEUS,,,,,0.076
517.921,Control_ZEUS,,,,19.903
517.921,Changes?_ZEUS,,,,,0.068
522.134,LCA,20.938
522.135,Send_ZEUS,,0.019
527.16,Selection_ZEUS,,,0.69
530.587,Control_ZEUS,,,,17.209
530.588,Changes?_ZEUS,,,,,0.111
535.948,LCA,21.512
535.948,Send_ZEUS,,0.021
540.971,Selection_ZEUS,,,1.181
544.87,Control_ZEUS,,,,18.154
544.871,Changes?_ZEUS,,,,,0.076
546.603,Control_ZEUS,,,,2.384
546.604,Changes?_ZEUS,,,,,0.071
551.743,Control_ZEUS,,,,2.497
551.744,Changes?_ZEUS,,,,,0.058
557.009,Control_ZEUS,,,,3.134
557.01,Changes?_ZEUS,,,,,0.071
561.852,Control_ZEUS,,,,2.321
561.853,Changes?_ZEUS,,,,,0.071
566.98,Control_ZEUS,,,,2.622
566.98,Changes?_ZEUS,,,,,0.072
572.081,Control_ZEUS,,,,2.395
572.081,Changes?_ZEUS,,,,,0.061
577.193,Control_ZEUS,,,,2.617
577.194,Changes?_ZEUS,,,,,0.068
582.291,Control_ZEUS,,,,2.403
582.291,Changes?_ZEUS,,,,,0.063
587.43,Control_ZEUS,,,,2.354
587.43,Changes?_ZEUS,,,,,0.057
592.555,Control_ZEUS,,,,2.619
592.556,Changes?_ZEUS,,,,,0.079
597.649,Control_ZEUS,,,,2.289
597.649,Changes?_ZEUS,,,,,0.06
602.807,Control_ZEUS,,,,2.622
602.808,Changes?_ZEUS,,,,,0.078
607.911,Control_ZEUS,,,,2.353
607.912,Changes?_ZEUS,,,,,0.088
613.007,Control_ZEUS,,,,2.252
613.008,Changes?_ZEUS,,,,,0.064
618.138,Control_ZEUS,,,,2.401
618.138,Changes?_ZEUS,,,,,0.064
623.251,Control_ZEUS,,,,2.443
623.251,Changes?_ZEUS,,,,,0.058
628.364,Control_ZEUS,,,,2.42
628.365,Changes?_ZEUS,,,,,0.072
633.442,Control_ZEUS,,,,2.196
633.443,Changes?_ZEUS,,,,,0.076
638.535,Control_ZEUS,,,,2.356
638.535,Changes?_ZEUS,,,,,0.065
643.634,Control_ZEUS,,,,2.5
643.634,Changes?_ZEUS,,,,,0.07
648.741,Control_ZEUS,,,,2.308
648.741,Changes?_ZEUS,,,,,0.066
653.854,Control_ZEUS,,,,2.329
653.855,Changes?_ZEUS,,,,,0.097
658.935,Control_ZEUS,,,,2.244
658.935,Changes?_ZEUS,,,,,0.056
664.131,Control_ZEUS,,,,2.614
664.131,Changes?_ZEUS,,,,,0.075
669.217,Control_ZEUS,,,,2.392
669.217,Changes?_ZEUS,,,,,0.068
674.311,Control_ZEUS,,,,2.567
674.311,Changes?_ZEUS,,,,,0.074
679.426,Control_ZEUS,,,,2.278
679.427,Changes?_ZEUS,,,,,0.073
684.521,Control_ZEUS,,,,2.143
684.522,Changes?_ZEUS,,,,,0.055
689.621,Control_ZEUS,,,,2.244
689.623,Changes?_ZEUS,,,,,0.101
694.724,Control_ZEUS,,,,2.319
694.724,Changes?_ZEUS,,,,,0.057
699.795,Control_ZEUS,,,,2.552
699.796,Changes?_ZEUS,,,,,0.069
704.886,Control_ZEUS,,,,2.344
704.886,Changes?_ZEUS,,,,,0.072
709.974,Control_ZEUS,,,,2.234
709.975,Changes?_ZEUS,,,,,0.062
715.049,Control_ZEUS,,,,2.259
715.05,Changes?_ZEUS,,,,,0.061
720.128,Control_ZEUS,,,,2.249
720.129,Changes?_ZEUS,,,,,0.069
725.22,Control_ZEUS,,,,2.284
725.221,Changes?_ZEUS,,,,,0.07
730.305,Control_ZEUS,,,,2.456
730.306,Changes?_ZEUS,,,,,0.079
735.409,Control_ZEUS,,,,2.262
735.41,Changes?_ZEUS,,,,,0.066
740.548,Control_ZEUS,,,,2.492
740.549,Changes?_ZEUS,,,,,0.08
745.647,Control_ZEUS,,,,2.239
745.647,Changes?_ZEUS,,,,,0.07
750.767,Control_ZEUS,,,,2.326
750.767,Changes?_ZEUS,,,,,0.064
755.873,Control_ZEUS,,,,2.276
755.874,Changes?_ZEUS,,,,,0.061
760.985,Control_ZEUS,,,,2.376
760.986,Changes?_ZEUS,,,,,0.082
766.149,Control_ZEUS,,,,2.28
766.149,Changes?_ZEUS,,,,,0.077
771.31,Control_ZEUS,,,,2.523
771.31,Changes?_ZEUS,,,,,0.056
776.429,Control_ZEUS,,,,2.294
776.43,Changes?_ZEUS,,,,,0.102
781.554,Control_ZEUS,,,,2.32
781.554,Changes?_ZEUS,,,,,0.091
786.668,Control_ZEUS,,,,2.361
786.668,Changes?_ZEUS,,,,,0.086
791.87,Control_ZEUS,,,,2.63
791.87,Changes?_ZEUS,,,,,0.074
797.006,Control_ZEUS,,,,2.911
797.007,Changes?_ZEUS,,,,,0.095
802.117,Control_ZEUS,,,,2.784
802.118,Changes?_ZEUS,,,,,0.124
807.213,Control_ZEUS,,,,2.228
807.213,Changes?_ZEUS,,,,,0.087
812.316,Control_ZEUS,,,,2.412
812.316,Changes?_ZEUS,,,,,0.065
817.457,Control_ZEUS,,,,2.487
817.457,Changes?_ZEUS,,,,,0.072
822.572,Control_ZEUS,,,,2.533
822.573,Changes?_ZEUS,,,,,0.066
827.671,Control_ZEUS,,,,2.402
827.671,Changes?_ZEUS,,,,,0.055
832.746,Control_ZEUS,,,,2.314
832.747,Changes?_ZEUS,,,,,0.056
837.843,Control_ZEUS,,,,2.277
837.844,Changes?_ZEUS,,,,,0.057
842.965,Control_ZEUS,,,,2.468
842.966,Changes?_ZEUS,,,,,0.074
848.287,Control_ZEUS,,,,3.058
848.287,Changes?_ZEUS,,,,,0.097
853.385,Control_ZEUS,,,,3.324
853.385,Changes?_ZEUS,,,,,0.074
858.278,Control_ZEUS,,,,2.381
858.278,Changes?_ZEUS,,,,,0.092
863.403,Control_ZEUS,,,,2.44
863.404,Changes?_ZEUS,,,,,0.097
868.55,Control_ZEUS,,,,2.52
868.551,Changes?_ZEUS,,,,,0.106
873.69,Control_ZEUS,,,,2.563
873.691,Changes?_ZEUS,,,,,0.063
878.888,Control_ZEUS,,,,2.679
878.889,Changes?_ZEUS,,,,,0.053
883.991,Control_ZEUS,,,,2.41
883.991,Changes?_ZEUS,,,,,0.089
889.274,Control_ZEUS,,,,2.961
889.274,Changes?_ZEUS,,,,,0.066
894.141,Control_ZEUS,,,,2.518
894.142,Changes?_ZEUS,,,,,0.076
899.213,Control_ZEUS,,,,2.368
899.214,Changes?_ZEUS,,,,,0.081
904.293,Control_ZEUS,,,,2.252
904.294,Changes?_ZEUS,,,,,0.065
909.38,Control_ZEUS,,,,2.209
909.381,Changes?_ZEUS,,,,,0.087
914.502,Control_ZEUS,,,,2.279
914.503,Changes?_ZEUS,,,,,0.076
919.608,Control_ZEUS,,,,2.42
919.608,Changes?_ZEUS,,,,,0.063
924.713,Control_ZEUS,,,,2.267
924.713,Changes?_ZEUS,,,,,0.064
929.771,Control_ZEUS,,,,2.135
929.772,Changes?_ZEUS,,,,,0.081
934.865,Control_ZEUS,,,,2.265
934.865,Changes?_ZEUS,,,,,0.062
939.967,Control_ZEUS,,,,2.157
939.967,Changes?_ZEUS,,,,,0.074
945.117,Control_ZEUS,,,,2.403
945.118,Changes?_ZEUS,,,,,0.109
950.234,Control_ZEUS,,,,2.256
950.235,Changes?_ZEUS,,,,,0.056
955.289,Control_ZEUS,,,,2.121
955.29,Changes?_ZEUS,,,,,0.057
960.376,Control_ZEUS,,,,2.359
960.377,Changes?_ZEUS,,,,,0.069
965.565,Control_ZEUS,,,,2.341
965.566,Changes?_ZEUS,,,,,0.061
970.676,Control_ZEUS,,,,2.482
970.676,Changes?_ZEUS,,,,,0.061
975.78,Control_ZEUS,,,,2.377
975.78,Changes?_ZEUS,,,,,0.065
980.87,Control_ZEUS,,,,2.223
980.871,Changes?_ZEUS,,,,,0.077
985.985,Control_ZEUS,,,,2.441
985.986,Changes?_ZEUS,,,,,0.112
991.157,Control_ZEUS,,,,2.662
991.158,Changes?_ZEUS,,,,,0.062
996.308,Control_ZEUS,,,,2.532
996.308,Changes?_ZEUS,,,,,0.082
1001.42,Control_ZEUS,,,,2.224
1001.42,Changes?_ZEUS,,,,,0.072
1006.52,Control_ZEUS,,,,2.292
1006.52,Changes?_ZEUS,,,,,0.12
1011.68,Control_ZEUS,,,,2.302
1011.68,Changes?_ZEUS,,,,,0.08
1016.79,Control_ZEUS,,,,2.237
1016.79,Changes?_ZEUS,,,,,0.081
1021.88,Control_ZEUS,,,,2.25
1021.88,Changes?_ZEUS,,,,,0.063
1027.01,Control_ZEUS,,,,2.352
1027.01,Changes?_ZEUS,,,,,0.077
1032.15,Control_ZEUS,,,,2.349
1032.15,Changes?_ZEUS,,,,,0.116
1037.27,Control_ZEUS,,,,2.31
1037.27,Changes?_ZEUS,,,,,0.089
1042.37,Control_ZEUS,,,,2.222
1042.37,Changes?_ZEUS,,,,,0.086
1047.44,Control_ZEUS,,,,2.037
1047.44,Changes?_ZEUS,,,,,0.081
1052.54,Control_ZEUS,,,,2.223
1052.54,Changes?_ZEUS,,,,,0.083
1057.69,Control_ZEUS,,,,2.47
1057.69,Changes?_ZEUS,,,,,0.14
1062.82,Control_ZEUS,,,,2.484
1062.82,Changes?_ZEUS,,,,,0.078
1067.97,Control_ZEUS,,,,2.537
1067.97,Changes?_ZEUS,,,,,0.075
1073.08,Control_ZEUS,,,,2.357
1073.08,Changes?_ZEUS,,,,,0.085
1078.38,Control_ZEUS,,,,2.652
1078.38,Changes?_ZEUS,,,,,0.1
1083.36,Control_ZEUS,,,,2.977
1083.36,Changes?_ZEUS,,,,,0.07
1088.57,Control_ZEUS,,,,2.868
1088.57,Changes?_ZEUS,,,,,0.106
1093.77,Control_ZEUS,,,,3.066
1093.77,Changes?_ZEUS,,,,,0.073
1098.94,Control_ZEUS,,,,3.148
1098.94,Changes?_ZEUS,,,,,0.096
1104.18,Control_ZEUS,,,,3.361
1104.18,Changes?_ZEUS,,,,,0.082
1109.35,Control_ZEUS,,,,2.894
1109.35,Changes?_ZEUS,,,,,0.175
1114.52,Control_ZEUS,,,,2.85
1114.52,Changes?_ZEUS,,,,,0.068
1119.58,Control_ZEUS,,,,2.219
1119.59,Changes?_ZEUS,,,,,0.068
1124.98,Control_ZEUS,,,,4.391
1124.98,Changes?_ZEUS,,,,,0.116
1129.82,Control_ZEUS,,,,2.444
1129.82,Changes?_ZEUS,,,,,0.054
1134.92,Control_ZEUS,,,,2.237
1134.92,Changes?_ZEUS,,,,,0.081
1140,Control_ZEUS,,,,2.212
1140,Changes?_ZEUS,,,,,0.07
1145.1,Control_ZEUS,,,,2.254
1145.1,Changes?_ZEUS,,,,,0.058
1150.17,Control_ZEUS,,,,2.214
1150.17,Changes?_ZEUS,,,,,0.08
1155.49,Control_ZEUS,,,,3.136
1155.49,Changes?_ZEUS,,,,,0.065
1160.37,Control_ZEUS,,,,2.809
1160.38,Changes?_ZEUS,,,,,0.078
1165.49,Control_ZEUS,,,,2.529
1165.49,Changes?_ZEUS,,,,,0.065
1170.57,Control_ZEUS,,,,2.28
1170.57,Changes?_ZEUS,,,,,0.069
1175.72,Control_ZEUS,,,,2.449
1175.72,Changes?_ZEUS,,,,,0.075
1180.86,Control_ZEUS,,,,2.542
1180.86,Changes?_ZEUS,,,,,0.071
1185.99,Control_ZEUS,,,,2.385
1185.99,Changes?_ZEUS,,,,,0.074
1191.09,Control_ZEUS,,,,2.335
1191.09,Changes?_ZEUS,,,,,0.074
1196.43,Control_ZEUS,,,,2.85
1196.43,Changes?_ZEUS,,,,,0.081
1201.29,Control_ZEUS,,,,2.477
1201.29,Changes?_ZEUS,,,,,0.052
1206.43,Control_ZEUS,,,,2.554
1206.43,Changes?_ZEUS,,,,,0.063
1211.52,Control_ZEUS,,,,2.421
1211.52,Changes?_ZEUS,,,,,0.064
1216.58,Control_ZEUS,,,,2.157
1216.58,Changes?_ZEUS,,,,,0.061
1221.66,Control_ZEUS,,,,2.239
1221.66,Changes?_ZEUS,,,,,0.079
1226.79,Control_ZEUS,,,,2.258
1226.79,Changes?_ZEUS,,,,,0.072
1231.91,Control_ZEUS,,,,2.418
1231.91,Changes?_ZEUS,,,,,0.055
1237.02,Control_ZEUS,,,,2.226
1237.02,Changes?_ZEUS,,,,,0.054
1242.39,Control_ZEUS,,,,2.671
1242.39,Changes?_ZEUS,,,,,0.117
1247.28,Control_ZEUS,,,,2.418
1247.28,Changes?_ZEUS,,,,,0.074
1252.38,Control_ZEUS,,,,2.449
1252.38,Changes?_ZEUS,,,,,0.068
1257.47,Control_ZEUS,,,,2.43
1257.47,Changes?_ZEUS,,,,,0.072
1262.58,Control_ZEUS,,,,2.454
1262.58,Changes?_ZEUS,,,,,0.07
1267.64,Control_ZEUS,,,,2.044
1267.64,Changes?_ZEUS,,,,,0.057
1272.78,Control_ZEUS,,,,2.662
1272.78,Changes?_ZEUS,,,,,0.088
1277.9,Control_ZEUS,,,,2.253
1277.9,Changes?_ZEUS,,,,,0.096
1283.06,Control_ZEUS,,,,2.803
1283.06,Changes?_ZEUS,,,,,0.077
1288.16,Control_ZEUS,,,,2.188
1288.16,Changes?_ZEUS,,,,,0.088
1293.23,Control_ZEUS,,,,2.226
1293.23,Changes?_ZEUS,,,,,0.104
1298.37,Control_ZEUS,,,,2.445
1298.37,Changes?_ZEUS,,,,,0.085
1303.49,Control_ZEUS,,,,2.423
1303.49,Changes?_ZEUS,,,,,0.09
1308.64,Control_ZEUS,,,,2.329
1308.64,Changes?_ZEUS,,,,,0.092
1313.76,Control_ZEUS,,,,2.394
1313.76,Changes?_ZEUS,,,,,0.08
1318.93,Control_ZEUS,,,,2.459
1318.93,Changes?_ZEUS,,,,,0.069
1324.09,Control_ZEUS,,,,2.552
1324.09,Changes?_ZEUS,,,,,0.071
1329.18,Control_ZEUS,,,,2.096
1329.18,Changes?_ZEUS,,,,,0.066
1334.29,Control_ZEUS,,,,2.369
1334.29,Changes?_ZEUS,,,,,0.079
1339.44,Control_ZEUS,,,,2.611
1339.44,Changes?_ZEUS,,,,,0.053
1344.54,Control_ZEUS,,,,2.267
1344.54,Changes?_ZEUS,,,,,0.056
1349.66,Control_ZEUS,,,,2.607
1349.66,Changes?_ZEUS,,,,,0.057
1354.75,Control_ZEUS,,,,2.224
1354.75,Changes?_ZEUS,,,,,0.081
1359.83,Control_ZEUS,,,,2.255
1359.84,Changes?_ZEUS,,,,,0.114
1365.11,Control_ZEUS,,,,2.688
1365.11,Changes?_ZEUS,,,,,0.089
1370.11,Control_ZEUS,,,,2.819
1370.11,Changes?_ZEUS,,,,,0.078
1375.04,Control_ZEUS,,,,2.695
1375.04,Changes?_ZEUS,,,,,0.083
1380.17,Control_ZEUS,,,,2.426
1380.17,Changes?_ZEUS,,,,,0.085
1385.33,Control_ZEUS,,,,2.45
1385.33,Changes?_ZEUS,,,,,0.108
1390.45,Control_ZEUS,,,,2.691
1390.45,Changes?_ZEUS,,,,,0.067
1395.54,Control_ZEUS,,,,2.191
1395.54,Changes?_ZEUS,,,,,0.054
1401.01,Control_ZEUS,,,,4.49
1401.01,Changes?_ZEUS,,,,,0.362
1405.98,Control_ZEUS,,,,3.386
1405.98,Changes?_ZEUS,,,,,0.084
1411.57,Control_ZEUS,,,,5.901
1411.57,Changes?_ZEUS,,,,,0.264
1416.59,Control_ZEUS,,,,5.621
1416.59,Changes?_ZEUS,,,,,0.062
1421.2,Control_ZEUS,,,,2.679
1421.2,Changes?_ZEUS,,,,,0.054
1426.3,Control_ZEUS,,,,2.557
1426.3,Changes?_ZEUS,,,,,0.053
1431.4,Control_ZEUS,,,,2.312
1431.4,Changes?_ZEUS,,,,,0.057
1436.54,Control_ZEUS,,,,2.666
1436.54,Changes?_ZEUS,,,,,0.099
1441.75,Control_ZEUS,,,,3.266
1441.75,Changes?_ZEUS,,,,,0.085
1446.97,Control_ZEUS,,,,2.71
1446.97,Changes?_ZEUS,,,,,0.086
1452.1,Control_ZEUS,,,,2.456
1452.1,Changes?_ZEUS,,,,,0.061
1457.27,Control_ZEUS,,,,2.605
1457.27,Changes?_ZEUS,,,,,0.09
1462.34,Control_ZEUS,,,,2.112
1462.34,Changes?_ZEUS,,,,,0.086
1467.45,Control_ZEUS,,,,2.403
1467.45,Changes?_ZEUS,,,,,0.08
1472.61,Control_ZEUS,,,,2.467
1472.61,Changes?_ZEUS,,,,,0.065
1477.75,Control_ZEUS,,,,2.486
1477.75,Changes?_ZEUS,,,,,0.118
1482.83,Control_ZEUS,,,,2.249
1482.83,Changes?_ZEUS,,,,,0.064
1488.01,Control_ZEUS,,,,2.469
1488.01,Changes?_ZEUS,,,,,0.098
1493.1,Control_ZEUS,,,,2.321
1493.1,Changes?_ZEUS,,,,,0.052
1498.22,Control_ZEUS,,,,2.365
1498.22,Changes?_ZEUS,,,,,0.094
1503.35,Control_ZEUS,,,,2.597
1503.35,Changes?_ZEUS,,,,,0.075
1508.45,Control_ZEUS,,,,2.379
1508.45,Changes?_ZEUS,,,,,0.077
1513.53,Control_ZEUS,,,,2.224
1513.53,Changes?_ZEUS,,,,,0.069
1518.64,Control_ZEUS,,,,2.355
1518.64,Changes?_ZEUS,,,,,0.076
1523.75,Control_ZEUS,,,,2.355
1523.75,Changes?_ZEUS,,,,,0.112
1528.85,Control_ZEUS,,,,2.208
1528.85,Changes?_ZEUS,,,,,0.056
1533.94,Control_ZEUS,,,,2.393
1533.95,Changes?_ZEUS,,,,,0.091
1539.04,Control_ZEUS,,,,2.233
1539.04,Changes?_ZEUS,,,,,0.081
1544.22,Control_ZEUS,,,,2.887
1544.22,Changes?_ZEUS,,,,,0.067
1549.35,Control_ZEUS,,,,2.338
1549.35,Changes?_ZEUS,,,,,0.051
1554.47,Control_ZEUS,,,,2.381
1554.47,Changes?_ZEUS,,,,,0.085
1559.56,Control_ZEUS,,,,2.287
1559.56,Changes?_ZEUS,,,,,0.071
1564.67,Control_ZEUS,,,,2.383
1564.67,Changes?_ZEUS,,,,,0.09
1569.77,Control_ZEUS,,,,2.267
1569.77,Changes?_ZEUS,,,,,0.066
1574.85,Control_ZEUS,,,,2.197
1574.85,Changes?_ZEUS,,,,,0.055
1579.93,Control_ZEUS,,,,2.154
1579.93,Changes?_ZEUS,,,,,0.054
1585.04,Control_ZEUS,,,,2.665
1585.04,Changes?_ZEUS,,,,,0.082
1590.17,Control_ZEUS,,,,2.745
1590.17,Changes?_ZEUS,,,,,0.061
1595.27,Control_ZEUS,,,,2.561
1595.27,Changes?_ZEUS,,,,,0.068
1600.39,Control_ZEUS,,,,2.499
1600.39,Changes?_ZEUS,,,,,0.061
1605.5,Control_ZEUS,,,,2.622
1605.5,Changes?_ZEUS,,,,,0.072
1610.63,Control_ZEUS,,,,2.513
1610.63,Changes?_ZEUS,,,,,0.088
1615.76,Control_ZEUS,,,,2.636
1615.76,Changes?_ZEUS,,,,,0.077
1620.86,Control_ZEUS,,,,2.31
1620.86,Changes?_ZEUS,,,,,0.061
1625.95,Control_ZEUS,,,,2.293
1625.95,Changes?_ZEUS,,,,,0.084
1631.04,Control_ZEUS,,,,2.231
1631.04,Changes?_ZEUS,,,,,0.1
1636.15,Control_ZEUS,,,,2.302
1636.15,Changes?_ZEUS,,,,,0.063
1641.23,Control_ZEUS,,,,2.221
1641.23,Changes?_ZEUS,,,,,0.058
1646.33,Control_ZEUS,,,,2.622
1646.33,Changes?_ZEUS,,,,,0.057
1651.42,Control_ZEUS,,,,2.298
1651.42,Changes?_ZEUS,,,,,0.057
1656.5,Control_ZEUS,,,,2.164
1656.5,Changes?_ZEUS,,,,,0.053
1661.62,Control_ZEUS,,,,2.327
1661.62,Changes?_ZEUS,,,,,0.07
1666.74,Control_ZEUS,,,,2.447
1666.74,Changes?_ZEUS,,,,,0.078
1671.85,Control_ZEUS,,,,2.507
1671.85,Changes?_ZEUS,,,,,0.07
1676.94,Control_ZEUS,,,,2.241
1676.94,Changes?_ZEUS,,,,,0.056
1682.02,Control_ZEUS,,,,2.237
1682.02,Changes?_ZEUS,,,,,0.071
1687.19,Control_ZEUS,,,,2.395
1687.19,Changes?_ZEUS,,,,,0.063
1692.35,Control_ZEUS,,,,2.483
1692.35,Changes?_ZEUS,,,,,0.074
1697.49,Control_ZEUS,,,,2.372
1697.49,Changes?_ZEUS,,,,,0.08
1702.61,Control_ZEUS,,,,2.265
1702.61,Changes?_ZEUS,,,,,0.052
1707.74,Control_ZEUS,,,,2.542
1707.74,Changes?_ZEUS,,,,,0.054
1712.89,Control_ZEUS,,,,2.386
1712.89,Changes?_ZEUS,,,,,0.077
1718.02,Control_ZEUS,,,,2.363
1718.02,Changes?_ZEUS,,,,,0.09
1723.12,Control_ZEUS,,,,2.233
1723.12,Changes?_ZEUS,,,,,0.077
1728.32,Control_ZEUS,,,,2.477
1728.32,Changes?_ZEUS,,,,,0.107
1733.41,Control_ZEUS,,,,2.389
1733.41,Changes?_ZEUS,,,,,0.086
1738.51,Control_ZEUS,,,,2.3
1738.51,Changes?_ZEUS,,,,,0.077
1743.6,Control_ZEUS,,,,2.442
1743.6,Changes?_ZEUS,,,,,0.083
1748.7,Control_ZEUS,,,,2.283
1748.7,Changes?_ZEUS,,,,,0.052
1753.9,Control_ZEUS,,,,2.399
1753.9,Changes?_ZEUS,,,,,0.08
1759.01,Control_ZEUS,,,,2.34
1759.01,Changes?_ZEUS,,,,,0.087
1764.16,Control_ZEUS,,,,2.308
1764.17,Changes?_ZEUS,,,,,0.094
1769.27,Control_ZEUS,,,,2.553
1769.27,Changes?_ZEUS,,,,,0.096
1774.46,Control_ZEUS,,,,2.559
1774.46,Changes?_ZEUS,,,,,0.086
1779.58,Control_ZEUS,,,,2.401
1779.58,Changes?_ZEUS,,,,,0.073
1784.67,Control_ZEUS,,,,2.292
1784.67,Changes?_ZEUS,,,,,0.081
1789.8,Control_ZEUS,,,,2.344
1789.8,Changes?_ZEUS,,,,,0.076
1794.92,Control_ZEUS,,,,2.607
1794.92,Changes?_ZEUS,,,,,0.085
1800.01,Control_ZEUS,,,,2.103
1800.01,Changes?_ZEUS,,,,,0.058
1805.08,Control_ZEUS,,,,2.354
1805.08,Changes?_ZEUS,,,,,0.056
1810.15,Control_ZEUS,,,,2.169
1810.15,Changes?_ZEUS,,,,,0.064
1815.26,Control_ZEUS,,,,2.474
1815.26,Changes?_ZEUS,,,,,0.14
1820.44,Control_ZEUS,,,,2.384
1820.44,Changes?_ZEUS,,,,,0.086
1825.56,Control_ZEUS,,,,2.583
1825.56,Changes?_ZEUS,,,,,0.063
1830.67,Control_ZEUS,,,,2.272
1830.67,Changes?_ZEUS,,,,,0.095
1835.73,Control_ZEUS,,,,2.122
1835.73,Changes?_ZEUS,,,,,0.114
1840.92,Control_ZEUS,,,,2.655
1840.92,Changes?_ZEUS,,,,,0.093
1846.05,Control_ZEUS,,,,2.479
1846.05,Changes?_ZEUS,,,,,0.083
1851.15,Control_ZEUS,,,,2.183
1851.15,Changes?_ZEUS,,,,,0.088
1856.24,Control_ZEUS,,,,2.273
1856.24,Changes?_ZEUS,,,,,0.085
1861.37,Control_ZEUS,,,,2.509
1861.37,Changes?_ZEUS,,,,,0.088
1866.5,Control_ZEUS,,,,2.617
1866.5,Changes?_ZEUS,,,,,0.083
1871.58,Control_ZEUS,,,,2.117
1871.58,Changes?_ZEUS,,,,,0.081
1876.71,Control_ZEUS,,,,2.55
1876.71,Changes?_ZEUS,,,,,0.084
1881.84,Control_ZEUS,,,,2.493
1881.84,Changes?_ZEUS,,,,,0.094
1886.91,Control_ZEUS,,,,2.369
1886.91,Changes?_ZEUS,,,,,0.073
1892.07,Control_ZEUS,,,,2.458
1892.07,Changes?_ZEUS,,,,,0.092
1897.16,Control_ZEUS,,,,2.397
1897.16,Changes?_ZEUS,,,,,0.079
1902.27,Control_ZEUS,,,,2.247
1902.27,Changes?_ZEUS,,,,,0.069
1907.35,Control_ZEUS,,,,2.28
1907.35,Changes?_ZEUS,,,,,0.075
1912.44,Control_ZEUS,,,,2.309
1912.44,Changes?_ZEUS,,,,,0.057
1917.56,Control_ZEUS,,,,2.326
1917.57,Changes?_ZEUS,,,,,0.076
1922.69,Control_ZEUS,,,,2.215
1922.69,Changes?_ZEUS,,,,,0.086
1927.78,Control_ZEUS,,,,2.321
1927.78,Changes?_ZEUS,,,,,0.073
1932.92,Control_ZEUS,,,,2.554
1932.92,Changes?_ZEUS,,,,,0.089
1938.09,Control_ZEUS,,,,2.631
1938.09,Changes?_ZEUS,,,,,0.07
1943.25,Control_ZEUS,,,,2.631
1943.25,Changes?_ZEUS,,,,,0.068
1948.37,Control_ZEUS,,,,2.574
1948.37,Changes?_ZEUS,,,,,0.064
1953.51,Control_ZEUS,,,,2.424
1953.51,Changes?_ZEUS,,,,,0.076
1958.71,Control_ZEUS,,,,2.428
1958.71,Changes?_ZEUS,,,,,0.095
1963.92,Control_ZEUS,,,,2.694
1963.93,Changes?_ZEUS,,,,,0.096
1969.09,Control_ZEUS,,,,2.567
1969.09,Changes?_ZEUS,,,,,0.065
1974.21,Control_ZEUS,,,,2.47
1974.21,Changes?_ZEUS,,,,,0.058
1979.32,Control_ZEUS,,,,2.596
1979.32,Changes?_ZEUS,,,,,0.074
1984.49,Control_ZEUS,,,,2.488
1984.49,Changes?_ZEUS,,,,,0.074
1989.62,Control_ZEUS,,,,2.558
1989.62,Changes?_ZEUS,,,,,0.081
1994.73,Control_ZEUS,,,,2.223
1994.73,Changes?_ZEUS,,,,,0.083
1999.8,Control_ZEUS,,,,2.141
1999.8,Changes?_ZEUS,,,,,0.071
2004.89,Control_ZEUS,,,,2.195
2004.89,Changes?_ZEUS,,,,,0.053
2009.96,Control_ZEUS,,,,2.268
2009.97,Changes?_ZEUS,,,,,0.078
2015.06,Control_ZEUS,,,,2.221
2015.06,Changes?_ZEUS,,,,,0.082
2020.19,Control_ZEUS,,,,2.433
2020.2,Changes?_ZEUS,,,,,0.084
2025.37,Control_ZEUS,,,,2.463
2025.37,Changes?_ZEUS,,,,,0.092
2030.48,Control_ZEUS,,,,2.51
2030.48,Changes?_ZEUS,,,,,0.085
2035.64,Control_ZEUS,,,,2.379
2035.64,Changes?_ZEUS,,,,,0.106
2040.75,Control_ZEUS,,,,2.322
2040.75,Changes?_ZEUS,,,,,0.075
2045.9,Control_ZEUS,,,,2.63
2045.9,Changes?_ZEUS,,,,,0.085
2051.02,Control_ZEUS,,,,2.296
2051.02,Changes?_ZEUS,,,,,0.06
2056.18,Control_ZEUS,,,,2.474
2056.18,Changes?_ZEUS,,,,,0.09
2061.35,Control_ZEUS,,,,2.429
2061.35,Changes?_ZEUS,,,,,0.073
2066.46,Control_ZEUS,,,,2.26
2066.46,Changes?_ZEUS,,,,,0.088
2071.57,Control_ZEUS,,,,2.469
2071.57,Changes?_ZEUS,,,,,0.102
2076.67,Control_ZEUS,,,,2.251
2076.67,Changes?_ZEUS,,,,,0.065
2081.8,Control_ZEUS,,,,2.57
2081.8,Changes?_ZEUS,,,,,0.063
2086.91,Control_ZEUS,,,,2.195
2086.91,Changes?_ZEUS,,,,,0.108
2091.99,Control_ZEUS,,,,2.252
2091.99,Changes?_ZEUS,,,,,0.063
2097.07,Control_ZEUS,,,,2.131
2097.07,Changes?_ZEUS,,,,,0.051
2102.16,Control_ZEUS,,,,2.446
2102.16,Changes?_ZEUS,,,,,0.071
2107.27,Control_ZEUS,,,,2.439
2107.27,Changes?_ZEUS,,,,,0.062
2112.38,Control_ZEUS,,,,2.52
2112.38,Changes?_ZEUS,,,,,0.081
2117.46,Control_ZEUS,,,,2.164
2117.46,Changes?_ZEUS,,,,,0.077
2122.55,Control_ZEUS,,,,2.249
2122.55,Changes?_ZEUS,,,,,0.059
2127.67,Control_ZEUS,,,,2.342
2127.67,Changes?_ZEUS,,,,,0.068
2132.75,Control_ZEUS,,,,2.286
2132.75,Changes?_ZEUS,,,,,0.097
2137.84,Control_ZEUS,,,,2.463
2137.84,Changes?_ZEUS,,,,,0.062
2142.93,Control_ZEUS,,,,2.396
2142.93,Changes?_ZEUS,,,,,0.061
2148.01,Control_ZEUS,,,,2.171
2148.01,Changes?_ZEUS,,,,,0.058
2153.13,Control_ZEUS,,,,2.363
2153.13,Changes?_ZEUS,,,,,0.091
2158.28,Control_ZEUS,,,,2.372
2158.28,Changes?_ZEUS,,,,,0.092
2163.44,Control_ZEUS,,,,2.519
2163.44,Changes?_ZEUS,,,,,0.046
2168.56,Control_ZEUS,,,,2.307
2168.56,Changes?_ZEUS,,,,,0.157
2173.65,Control_ZEUS,,,,2.26
2173.65,Changes?_ZEUS,,,,,0.091
2178.76,Control_ZEUS,,,,2.322
2178.76,Changes?_ZEUS,,,,,0.062
2183.87,Control_ZEUS,,,,2.608
2183.87,Changes?_ZEUS,,,,,0.061
2188.99,Control_ZEUS,,,,2.368
2188.99,Changes?_ZEUS,,,,,0.06
2194.06,Control_ZEUS,,,,2.14
2194.06,Changes?_ZEUS,,,,,0.103
2199.13,Control_ZEUS,,,,2.29
2199.13,Changes?_ZEUS,,,,,0.075
2204.38,Control_ZEUS,,,,2.645
2204.38,Changes?_ZEUS,,,,,0.095
2209.49,Control_ZEUS,,,,2.271
2209.49,Changes?_ZEUS,,,,,0.079
2214.6,Control_ZEUS,,,,2.46
2214.6,Changes?_ZEUS,,,,,0.063
2219.69,Control_ZEUS,,,,2.198
2219.69,Changes?_ZEUS,,,,,0.06
2224.78,Control_ZEUS,,,,2.371
2224.78,Changes?_ZEUS,,,,,0.061
2229.86,Control_ZEUS,,,,2.369
2229.86,Changes?_ZEUS,,,,,0.089
2234.98,Control_ZEUS,,,,2.447
2234.98,Changes?_ZEUS,,,,,0.09
2240.11,Control_ZEUS,,,,2.395
2240.12,Changes?_ZEUS,,,,,0.092
2245.21,Control_ZEUS,,,,2.221
2245.21,Changes?_ZEUS,,,,,0.095
2250.34,Control_ZEUS,,,,2.268
2250.34,Changes?_ZEUS,,,,,0.103
2255.46,Control_ZEUS,,,,2.591
2255.46,Changes?_ZEUS,,,,,0.055
2260.55,Control_ZEUS,,,,2.12
2260.55,Changes?_ZEUS,,,,,0.07
2265.68,Control_ZEUS,,,,2.38
2265.68,Changes?_ZEUS,,,,,0.076
2270.81,Control_ZEUS,,,,2.462
2270.81,Changes?_ZEUS,,,,,0.08
2275.91,Control_ZEUS,,,,2.376
2275.91,Changes?_ZEUS,,,,,0.082
2281.04,Control_ZEUS,,,,2.257
2281.04,Changes?_ZEUS,,,,,0.077
2286.13,Control_ZEUS,,,,2.249
2286.13,Changes?_ZEUS,,,,,0.095
2291.21,Control_ZEUS,,,,2.227
2291.21,Changes?_ZEUS,,,,,0.074
2296.33,Control_ZEUS,,,,2.305
2296.33,Changes?_ZEUS,,,,,0.075
2301.45,Control_ZEUS,,,,2.605
2301.45,Changes?_ZEUS,,,,,0.056
2306.55,Control_ZEUS,,,,2.512
2306.55,Changes?_ZEUS,,,,,0.055
2311.64,Control_ZEUS,,,,2.593
2311.64,Changes?_ZEUS,,,,,0.118
2316.74,Control_ZEUS,,,,2.305
2316.74,Changes?_ZEUS,,,,,0.066
2321.87,Control_ZEUS,,,,2.641
2321.87,Changes?_ZEUS,,,,,0.072
2327.14,Control_ZEUS,,,,2.672
2327.14,Changes?_ZEUS,,,,,0.105
2332.01,Control_ZEUS,,,,2.582
2332.01,Changes?_ZEUS,,,,,0.071
2337.12,Control_ZEUS,,,,2.559
2337.12,Changes?_ZEUS,,,,,0.055
2342.23,Control_ZEUS,,,,2.41
2342.23,Changes?_ZEUS,,,,,0.09
2347.33,Control_ZEUS,,,,2.287
2347.33,Changes?_ZEUS,,,,,0.086
2352.43,Control_ZEUS,,,,2.46
2352.43,Changes?_ZEUS,,,,,0.057
2357.56,Control_ZEUS,,,,2.472
2357.56,Changes?_ZEUS,,,,,0.071
2362.7,Control_ZEUS,,,,2.453
2362.7,Changes?_ZEUS,,,,,0.073
2367.8,Control_ZEUS,,,,2.26
2367.8,Changes?_ZEUS,,,,,0.097
2372.91,Control_ZEUS,,,,2.508
2372.91,Changes?_ZEUS,,,,,0.118
2378.02,Control_ZEUS,,,,2.417
2378.02,Changes?_ZEUS,,,,,0.08
2383.2,Control_ZEUS,,,,2.541
2383.2,Changes?_ZEUS,,,,,0.091
2388.33,Control_ZEUS,,,,2.395
2388.33,Changes?_ZEUS,,,,,0.077
2393.45,Control_ZEUS,,,,2.358
2393.45,Changes?_ZEUS,,,,,0.08
2398.62,Control_ZEUS,,,,2.594
2398.62,Changes?_ZEUS,,,,,0.081
2403.74,Control_ZEUS,,,,2.333
2403.74,Changes?_ZEUS,,,,,0.069
2408.83,Control_ZEUS,,,,2.191
2408.83,Changes?_ZEUS,,,,,0.086
2413.9,Control_ZEUS,,,,2.051
2413.9,Changes?_ZEUS,,,,,0.078
2419.03,Control_ZEUS,,,,2.464
2419.03,Changes?_ZEUS,,,,,0.095
2424.16,Control_ZEUS,,,,2.376
2424.16,Changes?_ZEUS,,,,,0.073
2429.27,Control_ZEUS,,,,2.291
2429.27,Changes?_ZEUS,,,,,0.078
2434.4,Control_ZEUS,,,,2.475
2434.4,Changes?_ZEUS,,,,,0.091
2439.57,Control_ZEUS,,,,2.67
2439.57,Changes?_ZEUS,,,,,0.061
2444.75,Control_ZEUS,,,,2.402
2444.75,Changes?_ZEUS,,,,,0.089
2449.85,Control_ZEUS,,,,2.239
2449.85,Changes?_ZEUS,,,,,0.089
2454.95,Control_ZEUS,,,,2.25
2454.95,Changes?_ZEUS,,,,,0.093
2460.04,Control_ZEUS,,,,2.236
2460.04,Changes?_ZEUS,,,,,0.057
2465.2,Control_ZEUS,,,,2.478
2465.2,Changes?_ZEUS,,,,,0.083
2470.28,Control_ZEUS,,,,2.159
2470.28,Changes?_ZEUS,,,,,0.079
2475.35,Control_ZEUS,,,,2.257
2475.36,Changes?_ZEUS,,,,,0.07
2480.48,Control_ZEUS,,,,2.102
2480.48,Changes?_ZEUS,,,,,0.087
2485.58,Control_ZEUS,,,,2.433
2485.59,Changes?_ZEUS,,,,,0.185
2490.77,Control_ZEUS,,,,2.631
2490.77,Changes?_ZEUS,,,,,0.075
2495.85,Control_ZEUS,,,,2.232
2495.85,Changes?_ZEUS,,,,,0.086
2500.97,Control_ZEUS,,,,2.398
2500.97,Changes?_ZEUS,,,,,0.087
2506.07,Control_ZEUS,,,,2.337
2506.07,Changes?_ZEUS,,,,,0.143
2511.17,Control_ZEUS,,,,2.25
2511.17,Changes?_ZEUS,,,,,0.069
2516.31,Control_ZEUS,,,,2.431
2516.31,Changes?_ZEUS,,,,,0.081
2521.4,Control_ZEUS,,,,2.208
2521.4,Changes?_ZEUS,,,,,0.086
2526.49,Control_ZEUS,,,,2.143
2526.49,Changes?_ZEUS,,,,,0.065
2531.6,Control_ZEUS,,,,2.278
2531.6,Changes?_ZEUS,,,,,0.116
2536.73,Control_ZEUS,,,,2.611
2536.73,Changes?_ZEUS,,,,,0.062
2541.87,Control_ZEUS,,,,2.448
2541.87,Changes?_ZEUS,,,,,0.066
2546.99,Control_ZEUS,,,,2.217
2546.99,Changes?_ZEUS,,,,,0.067
2552.1,Control_ZEUS,,,,2.302
2552.11,Changes?_ZEUS,,,,,0.058
2557.24,Control_ZEUS,,,,2.255
2557.24,Changes?_ZEUS,,,,,0.09
2562.34,Control_ZEUS,,,,2.263
2562.34,Changes?_ZEUS,,,,,0.072
2567.53,Control_ZEUS,,,,2.453
2567.53,Changes?_ZEUS,,,,,0.063
2572.62,Control_ZEUS,,,,2.226
2572.62,Changes?_ZEUS,,,,,0.061
2577.74,Control_ZEUS,,,,2.228
2577.74,Changes?_ZEUS,,,,,0.082
2582.87,Control_ZEUS,,,,2.851
2582.87,Changes?_ZEUS,,,,,0.068
2588.02,Control_ZEUS,,,,2.468
2588.02,Changes?_ZEUS,,,,,0.083
2593.12,Control_ZEUS,,,,2.195
2593.12,Changes?_ZEUS,,,,,0.069
2598.2,Control_ZEUS,,,,2.226
2598.2,Changes?_ZEUS,,,,,0.06
2603.35,Control_ZEUS,,,,2.332
2603.35,Changes?_ZEUS,,,,,0.094
2608.5,Control_ZEUS,,,,2.347
2608.5,Changes?_ZEUS,,,,,0.068
2613.66,Control_ZEUS,,,,2.496
2613.66,Changes?_ZEUS,,,,,0.06
2618.74,Control_ZEUS,,,,2.249
2618.74,Changes?_ZEUS,,,,,0.087
2623.82,Control_ZEUS,,,,2.108
2623.82,Changes?_ZEUS,,,,,0.074
2628.95,Control_ZEUS,,,,2.291
2628.95,Changes?_ZEUS,,,,,0.105
2634.09,Control_ZEUS,,,,2.423
2634.09,Changes?_ZEUS,,,,,0.059
2639.24,Control_ZEUS,,,,2.638
2639.24,Changes?_ZEUS,,,,,0.06
2644.36,Control_ZEUS,,,,2.4
2644.36,Changes?_ZEUS,,,,,0.058
2649.46,Control_ZEUS,,,,2.216
2649.46,Changes?_ZEUS,,,,,0.066
2654.69,Control_ZEUS,,,,2.541
2654.69,Changes?_ZEUS,,,,,0.09
2659.84,Control_ZEUS,,,,2.427
2659.84,Changes?_ZEUS,,,,,0.065
2664.91,Control_ZEUS,,,,2.083
2664.91,Changes?_ZEUS,,,,,0.082
2670,Control_ZEUS,,,,2.13
2670,Changes?_ZEUS,,,,,0.06
2675.13,Control_ZEUS,,,,2.403
2675.13,Changes?_ZEUS,,,,,0.094
2680.25,Control_ZEUS,,,,2.506
2680.25,Changes?_ZEUS,,,,,0.066
2685.38,Control_ZEUS,,,,2.519
2685.38,Changes?_ZEUS,,,,,0.068
2690.49,Control_ZEUS,,,,2.27
2690.49,Changes?_ZEUS,,,,,0.079
2695.58,Control_ZEUS,,,,2.163
2695.58,Changes?_ZEUS,,,,,0.084
2700.68,Control_ZEUS,,,,2.17
2700.68,Changes?_ZEUS,,,,,0.078
2705.83,Control_ZEUS,,,,2.377
2705.83,Changes?_ZEUS,,,,,0.103
2710.99,Control_ZEUS,,,,2.384
2711,Changes?_ZEUS,,,,,0.055
2716.1,Control_ZEUS,,,,2.121
2716.1,Changes?_ZEUS,,,,,0.064
2721.25,Control_ZEUS,,,,2.164
2721.25,Changes?_ZEUS,,,,,0.08
2726.38,Control_ZEUS,,,,2.637
2726.38,Changes?_ZEUS,,,,,0.065
2731.5,Control_ZEUS,,,,2.301
2731.5,Changes?_ZEUS,,,,,0.061
2736.65,Control_ZEUS,,,,2.528
2736.65,Changes?_ZEUS,,,,,0.069
2741.79,Control_ZEUS,,,,2.23
2741.79,Changes?_ZEUS,,,,,0.058
2746.95,Control_ZEUS,,,,2.489
2746.95,Changes?_ZEUS,,,,,0.071
2752.05,Control_ZEUS,,,,2.467
2752.05,Changes?_ZEUS,,,,,0.067
2757.19,Control_ZEUS,,,,2.729
2757.19,Changes?_ZEUS,,,,,0.072
2762.29,Control_ZEUS,,,,2.238
2762.29,Changes?_ZEUS,,,,,0.06
2767.38,Control_ZEUS,,,,2.189
2767.38,Changes?_ZEUS,,,,,0.071
2772.54,Control_ZEUS,,,,2.362
2772.54,Changes?_ZEUS,,,,,0.058
2777.73,Control_ZEUS,,,,2.439
2777.73,Changes?_ZEUS,,,,,0.09
2782.83,Control_ZEUS,,,,2.085
2782.83,Changes?_ZEUS,,,,,0.074
2787.96,Control_ZEUS,,,,2.345
2787.96,Changes?_ZEUS,,,,,0.062
2793.07,Control_ZEUS,,,,2.273
2793.07,Changes?_ZEUS,,,,,0.075
2798.2,Control_ZEUS,,,,2.285
2798.2,Changes?_ZEUS,,,,,0.066
2803.36,Control_ZEUS,,,,2.379
2803.36,Changes?_ZEUS,,,,,0.073
2808.48,Control_ZEUS,,,,2.249
2808.48,Changes?_ZEUS,,,,,0.06
2813.61,Control_ZEUS,,,,2.233
2813.61,Changes?_ZEUS,,,,,0.086
2818.72,Control_ZEUS,,,,2.246
2818.72,Changes?_ZEUS,,,,,0.076
2823.86,Control_ZEUS,,,,2.329
2823.86,Changes?_ZEUS,,,,,0.089
2828.97,Control_ZEUS,,,,2.36
2828.97,Changes?_ZEUS,,,,,0.097
2834.1,Control_ZEUS,,,,2.26
2834.1,Changes?_ZEUS,,,,,0.074
2839.25,Control_ZEUS,,,,2.399
2839.25,Changes?_ZEUS,,,,,0.067
2844.35,Control_ZEUS,,,,2.172
2844.36,Changes?_ZEUS,,,,,0.075
2849.47,Control_ZEUS,,,,2.287
2849.47,Changes?_ZEUS,,,,,0.088
2854.6,Control_ZEUS,,,,2.527
2854.6,Changes?_ZEUS,,,,,0.093
2859.73,Control_ZEUS,,,,2.232
2859.73,Changes?_ZEUS,,,,,0.114
2864.84,Control_ZEUS,,,,2.238
2864.84,Changes?_ZEUS,,,,,0.065
2869.99,Control_ZEUS,,,,2.529
2869.99,Changes?_ZEUS,,,,,0.074
2875.14,Control_ZEUS,,,,2.43
2875.14,Changes?_ZEUS,,,,,0.086
2880.26,Control_ZEUS,,,,2.372
2880.26,Changes?_ZEUS,,,,,0.076
2885.42,Control_ZEUS,,,,2.232
2885.42,Changes?_ZEUS,,,,,0.075
2890.56,Control_ZEUS,,,,2.464
2890.56,Changes?_ZEUS,,,,,0.064
2895.69,Control_ZEUS,,,,2.355
2895.69,Changes?_ZEUS,,,,,0.057
2900.8,Control_ZEUS,,,,2.168
2900.8,Changes?_ZEUS,,,,,0.068
2905.92,Control_ZEUS,,,,2.187
2905.92,Changes?_ZEUS,,,,,0.102
2911.03,Control_ZEUS,,,,2.361
2911.03,Changes?_ZEUS,,,,,0.072
2916.17,Control_ZEUS,,,,2.409
2916.17,Changes?_ZEUS,,,,,0.073
2921.29,Control_ZEUS,,,,2.369
2921.29,Changes?_ZEUS,,,,,0.053
2926.45,Control_ZEUS,,,,2.333
2926.45,Changes?_ZEUS,,,,,0.072
2931.7,Control_ZEUS,,,,2.407
2931.7,Changes?_ZEUS,,,,,0.078
2936.93,Control_ZEUS,,,,2.499
2936.93,Changes?_ZEUS,,,,,0.06
2942.12,Control_ZEUS,,,,2.604
2942.12,Changes?_ZEUS,,,,,0.087
2947.33,Control_ZEUS,,,,2.626
2947.33,Changes?_ZEUS,,,,,0.102
2952.44,Control_ZEUS,,,,2.426
2952.44,Changes?_ZEUS,,,,,0.072
2957.57,Control_ZEUS,,,,2.53
2957.57,Changes?_ZEUS,,,,,0.084
2962.67,Control_ZEUS,,,,2.374
2962.67,Changes?_ZEUS,,,,,0.079
2967.89,Control_ZEUS,,,,2.583
2967.9,Changes?_ZEUS,,,,,0.096
2972.99,Control_ZEUS,,,,2.408
2972.99,Changes?_ZEUS,,,,,0.071
2978.12,Control_ZEUS,,,,2.396
2978.12,Changes?_ZEUS,,,,,0.067
2983.26,Control_ZEUS,,,,2.498
2983.26,Changes?_ZEUS,,,,,0.076
2988.36,Control_ZEUS,,,,2.097
2988.36,Changes?_ZEUS,,,,,0.089
2993.5,Control_ZEUS,,,,2.463
2993.5,Changes?_ZEUS,,,,,0.087
2998.84,Control_ZEUS,,,,3.2
2998.84,Changes?_ZEUS,,,,,0.076
3003.76,Control_ZEUS,,,,2.556
3003.76,Changes?_ZEUS,,,,,0.054
3008.87,Control_ZEUS,,,,2.455
3008.87,Changes?_ZEUS,,,,,0.083
3013.96,Control_ZEUS,,,,2.179
3013.96,Changes?_ZEUS,,,,,0.072
3019.07,Control_ZEUS,,,,2.458
3019.07,Changes?_ZEUS,,,,,0.053
3024.18,Control_ZEUS,,,,2.526
3024.18,Changes?_ZEUS,,,,,0.081
3029.34,Control_ZEUS,,,,2.425
3029.34,Changes?_ZEUS,,,,,0.102
3034.42,Control_ZEUS,,,,2.283
3034.42,Changes?_ZEUS,,,,,0.089
3039.53,Control_ZEUS,,,,2.221
3039.53,Changes?_ZEUS,,,,,0.077
3044.67,Control_ZEUS,,,,2.577
3044.67,Changes?_ZEUS,,,,,0.07
3049.9,Control_ZEUS,,,,2.483
3049.91,Changes?_ZEUS,,,,,0.091
3055.03,Control_ZEUS,,,,2.305
3055.03,Changes?_ZEUS,,,,,0.07
3060.18,Control_ZEUS,,,,2.567
3060.18,Changes?_ZEUS,,,,,0.096
3065.37,Control_ZEUS,,,,2.625
3065.37,Changes?_ZEUS,,,,,0.052
3070.53,Control_ZEUS,,,,2.451
3070.53,Changes?_ZEUS,,,,,0.1
3075.66,Control_ZEUS,,,,2.492
3075.66,Changes?_ZEUS,,,,,0.095
3080.8,Control_ZEUS,,,,2.499
3080.8,Changes?_ZEUS,,,,,0.072
3085.97,Control_ZEUS,,,,2.543
3085.97,Changes?_ZEUS,,,,,0.073
3091.08,Control_ZEUS,,,,2.304
3091.08,Changes?_ZEUS,,,,,0.09
3096.19,Control_ZEUS,,,,2.379
3096.19,Changes?_ZEUS,,,,,0.158
3101.3,Control_ZEUS,,,,2.477
3101.31,Changes?_ZEUS,,,,,0.061
3106.42,Control_ZEUS,,,,2.466
3106.42,Changes?_ZEUS,,,,,0.067
3111.52,Control_ZEUS,,,,2.256
3111.52,Changes?_ZEUS,,,,,0.075
3116.59,Control_ZEUS,,,,2.175
3116.59,Changes?_ZEUS,,,,,0.072
3121.71,Control_ZEUS,,,,2.347
3121.71,Changes?_ZEUS,,,,,0.072
3126.8,Control_ZEUS,,,,2.357
3126.8,Changes?_ZEUS,,,,,0.069
3131.91,Control_ZEUS,,,,2.402
3131.91,Changes?_ZEUS,,,,,0.085
3137,Control_ZEUS,,,,2.377
3137,Changes?_ZEUS,,,,,0.074
3142.07,Control_ZEUS,,,,2.117
3142.07,Changes?_ZEUS,,,,,0.065
3147.13,Control_ZEUS,,,,2.072
3147.14,Changes?_ZEUS,,,,,0.075
3152.21,Control_ZEUS,,,,2.265
3152.21,Changes?_ZEUS,,,,,0.078
3157.31,Control_ZEUS,,,,2.327
3157.31,Changes?_ZEUS,,,,,0.064
3162.43,Control_ZEUS,,,,2.396
3162.43,Changes?_ZEUS,,,,,0.071
3167.53,Control_ZEUS,,,,2.07
3167.53,Changes?_ZEUS,,,,,0.075
3172.61,Control_ZEUS,,,,2.134
3172.61,Changes?_ZEUS,,,,,0.066
3177.69,Control_ZEUS,,,,2.303
3177.69,Changes?_ZEUS,,,,,0.076
3182.79,Control_ZEUS,,,,2.28
3182.79,Changes?_ZEUS,,,,,0.072
3187.9,Control_ZEUS,,,,2.42
3187.9,Changes?_ZEUS,,,,,0.074
3192.99,Control_ZEUS,,,,2.221
3192.99,Changes?_ZEUS,,,,,0.056
3198.16,Control_ZEUS,,,,2.774
3198.16,Changes?_ZEUS,,,,,0.064
3203.26,Control_ZEUS,,,,2.209
3203.26,Changes?_ZEUS,,,,,0.051
3208.34,Control_ZEUS,,,,2.32
3208.35,Changes?_ZEUS,,,,,0.066
3213.45,Control_ZEUS,,,,2.739
3213.45,Changes?_ZEUS,,,,,0.071
3218.57,Control_ZEUS,,,,2.402
3218.57,Changes?_ZEUS,,,,,0.075
3223.63,Control_ZEUS,,,,2.051
3223.63,Changes?_ZEUS,,,,,0.066
3228.72,Control_ZEUS,,,,2.097
3228.72,Changes?_ZEUS,,,,,0.061
3233.84,Control_ZEUS,,,,2.479
3233.84,Changes?_ZEUS,,,,,0.086
3238.96,Control_ZEUS,,,,2.372
3238.96,Changes?_ZEUS,,,,,0.085
3244.08,Control_ZEUS,,,,2.273
3244.08,Changes?_ZEUS,,,,,0.058
3249.16,Control_ZEUS,,,,2.15
3249.16,Changes?_ZEUS,,,,,0.067
3254.27,Control_ZEUS,,,,2.374
3254.27,Changes?_ZEUS,,,,,0.058
3259.38,Control_ZEUS,,,,2.486
3259.38,Changes?_ZEUS,,,,,0.108
3264.5,Control_ZEUS,,,,2.46
3264.5,Changes?_ZEUS,,,,,0.07
3269.64,Control_ZEUS,,,,2.65
3269.64,Changes?_ZEUS,,,,,0.064
3274.71,Control_ZEUS,,,,2.089
3274.71,Changes?_ZEUS,,,,,0.076
3279.79,Control_ZEUS,,,,2.095
3279.79,Changes?_ZEUS,,,,,0.062
3284.91,Control_ZEUS,,,,2.253
3284.91,Changes?_ZEUS,,,,,0.059
3290.01,Control_ZEUS,,,,2.53
3290.02,Changes?_ZEUS,,,,,0.1
3295.14,Control_ZEUS,,,,2.453
3295.14,Changes?_ZEUS,,,,,0.076
3300.2,Control_ZEUS,,,,2.11
3300.2,Changes?_ZEUS,,,,,0.066
3305.28,Control_ZEUS,,,,2.158
3305.28,Changes?_ZEUS,,,,,0.095
3310.39,Control_ZEUS,,,,2.272
3310.39,Changes?_ZEUS,,,,,0.11
3315.52,Control_ZEUS,,,,2.444
3315.52,Changes?_ZEUS,,,,,0.071
3320.67,Control_ZEUS,,,,2.459
3320.67,Changes?_ZEUS,,,,,0.066
3325.82,Control_ZEUS,,,,2.33
3325.82,Changes?_ZEUS,,,,,0.093
3330.99,Control_ZEUS,,,,2.421
3330.99,Changes?_ZEUS,,,,,0.083
3336.09,Control_ZEUS,,,,2.407
3336.09,Changes?_ZEUS,,,,,0.1
3341.22,Control_ZEUS,,,,2.359
3341.22,Changes?_ZEUS,,,,,0.084
3346.35,Control_ZEUS,,,,2.26
3346.35,Changes?_ZEUS,,,,,0.072
3351.49,Control_ZEUS,,,,2.419
3351.49,Changes?_ZEUS,,,,,0.077
3356.62,Control_ZEUS,,,,2.407
3356.62,Changes?_ZEUS,,,,,0.06
3361.78,Control_ZEUS,,,,2.476
3361.78,Changes?_ZEUS,,,,,0.072
3366.86,Control_ZEUS,,,,2.255
3366.86,Changes?_ZEUS,,,,,0.066
3371.96,Control_ZEUS,,,,2.187
3371.96,Changes?_ZEUS,,,,,0.073
3377.04,Control_ZEUS,,,,2.188
3377.05,Changes?_ZEUS,,,,,0.067
3382.17,Control_ZEUS,,,,2.59
3382.17,Changes?_ZEUS,,,,,0.062
3387.27,Control_ZEUS,,,,2.251
3387.27,Changes?_ZEUS,,,,,0.085
3392.38,Control_ZEUS,,,,2.16
3392.38,Changes?_ZEUS,,,,,0.054
3397.55,Control_ZEUS,,,,2.436
3397.55,Changes?_ZEUS,,,,,0.082
3402.69,Control_ZEUS,,,,2.49
3402.69,Changes?_ZEUS,,,,,0.084
3407.81,Control_ZEUS,,,,2.505
3407.81,Changes?_ZEUS,,,,,0.096
3412.95,Control_ZEUS,,,,2.319
3412.95,Changes?_ZEUS,,,,,0.077
3418.1,Control_ZEUS,,,,2.562
3418.1,Changes?_ZEUS,,,,,0.118
3423.28,Control_ZEUS,,,,2.564
3423.28,Changes?_ZEUS,,,,,0.08
3428.39,Control_ZEUS,,,,2.267
3428.39,Changes?_ZEUS,,,,,0.094
3433.51,Control_ZEUS,,,,2.273
3433.51,Changes?_ZEUS,,,,,0.132
3438.68,Control_ZEUS,,,,2.565
3438.68,Changes?_ZEUS,,,,,0.086
3443.81,Control_ZEUS,,,,2.483
3443.81,Changes?_ZEUS,,,,,0.101
3448.92,Control_ZEUS,,,,2.234
3448.92,Changes?_ZEUS,,,,,0.085
3454.22,Control_ZEUS,,,,3.476
3454.22,Changes?_ZEUS,,,,,0.084
3459.27,Control_ZEUS,,,,2.846
3459.27,Changes?_ZEUS,,,,,0.084
3464.35,Control_ZEUS,,,,2.809
3464.35,Changes?_ZEUS,,,,,0.084
3469.28,Control_ZEUS,,,,2.418
3469.28,Changes?_ZEUS,,,,,0.06
3474.49,Control_ZEUS,,,,2.417
3474.49,Changes?_ZEUS,,,,,0.08
3479.66,Control_ZEUS,,,,2.537
3479.66,Changes?_ZEUS,,,,,0.068
3484.81,Control_ZEUS,,,,2.364
3484.81,Changes?_ZEUS,,,,,0.089
3489.99,Control_ZEUS,,,,2.308
3489.99,Changes?_ZEUS,,,,,0.083
3495.13,Control_ZEUS,,,,2.354
3495.13,Changes?_ZEUS,,,,,0.08
3500.22,Control_ZEUS,,,,2.362
3500.22,Changes?_ZEUS,,,,,0.089
3505.4,Control_ZEUS,,,,2.45
3505.4,Changes?_ZEUS,,,,,0.053
3510.5,Control_ZEUS,,,,2.381
3510.5,Changes?_ZEUS,,,,,0.081
3515.65,Control_ZEUS,,,,2.419
3515.65,Changes?_ZEUS,,,,,0.08
3520.83,Control_ZEUS,,,,2.564
3520.83,Changes?_ZEUS,,,,,0.073
3525.98,Control_ZEUS,,,,2.39
3525.99,Changes?_ZEUS,,,,,0.097
3531.1,Control_ZEUS,,,,2.263
3531.1,Changes?_ZEUS,,,,,0.078
3536.24,Control_ZEUS,,,,2.369
3536.24,Changes?_ZEUS,,,,,0.086
3541.36,Control_ZEUS,,,,2.35
3541.36,Changes?_ZEUS,,,,,0.063
3546.5,Control_ZEUS,,,,2.437
3546.5,Changes?_ZEUS,,,,,0.052
3551.65,Control_ZEUS,,,,2.413
3551.65,Changes?_ZEUS,,,,,0.096
3556.85,Control_ZEUS,,,,2.546
3556.85,Changes?_ZEUS,,,,,0.084
3562.01,Control_ZEUS,,,,2.419
3562.01,Changes?_ZEUS,,,,,0.081
3567.13,Control_ZEUS,,,,2.319
3567.13,Changes?_ZEUS,,,,,0.067
3572.3,Control_ZEUS,,,,2.511
3572.3,Changes?_ZEUS,,,,,0.051
3577.44,Control_ZEUS,,,,2.601
3577.44,Changes?_ZEUS,,,,,0.091
3582.57,Control_ZEUS,,,,2.242
3582.57,Changes?_ZEUS,,,,,0.059
3587.79,Control_ZEUS,,,,2.364
3587.79,Changes?_ZEUS,,,,,0.078
3592.91,Control_ZEUS,,,,2.557
3592.91,Changes?_ZEUS,,,,,0.081
3598.06,Control_ZEUS,,,,2.536
3598.06,Changes?_ZEUS,,,,,0.084
3603.2,Control_ZEUS,,,,2.409
3603.2,Changes?_ZEUS,,,,,0.154
3608.31,Control_ZEUS,,,,2.381
3608.31,Changes?_ZEUS,,,,,0.066
3613.41,Control_ZEUS,,,,2.288
3613.41,Changes?_ZEUS,,,,,0.072
3618.55,Control_ZEUS,,,,2.349
3618.55,Changes?_ZEUS,,,,,0.072
3623.71,Control_ZEUS,,,,2.443
3623.71,Changes?_ZEUS,,,,,0.189
3628.88,Control_ZEUS,,,,2.42
3628.88,Changes?_ZEUS,,,,,0.051
3634.07,Control_ZEUS,,,,2.725
3634.07,Changes?_ZEUS,,,,,0.07
3639.17,Control_ZEUS,,,,2.258
3639.17,Changes?_ZEUS,,,,,0.079
3644.44,Control_ZEUS,,,,2.448
3644.44,Changes?_ZEUS,,,,,0.108
3649.54,Control_ZEUS,,,,2.463
3649.54,Changes?_ZEUS,,,,,0.097
3654.69,Control_ZEUS,,,,2.312
3654.69,Changes?_ZEUS,,,,,0.074
3659.88,Control_ZEUS,,,,2.439
3659.88,Changes?_ZEUS,,,,,0.081
3665.01,Control_ZEUS,,,,2.297
3665.02,Changes?_ZEUS,,,,,0.072
3670.16,Control_ZEUS,,,,2.41
3670.16,Changes?_ZEUS,,,,,0.095
3675.31,Control_ZEUS,,,,2.55
3675.31,Changes?_ZEUS,,,,,0.074
3680.46,Control_ZEUS,,,,2.494
3680.46,Changes?_ZEUS,,,,,0.086
3685.65,Control_ZEUS,,,,2.448
3685.65,Changes?_ZEUS,,,,,0.109
3690.78,Control_ZEUS,,,,2.431
3690.78,Changes?_ZEUS,,,,,0.094
3695.92,Control_ZEUS,,,,2.43
3695.92,Changes?_ZEUS,,,,,0.077
3701.04,Control_ZEUS,,,,2.315
3701.04,Changes?_ZEUS,,,,,0.084
3706.17,Control_ZEUS,,,,2.429
3706.17,Changes?_ZEUS,,,,,0.082
3711.32,Control_ZEUS,,,,2.383
3711.32,Changes?_ZEUS,,,,,0.085
3716.45,Control_ZEUS,,,,2.316
3716.45,Changes?_ZEUS,,,,,0.065
3721.6,Control_ZEUS,,,,2.652
3721.6,Changes?_ZEUS,,,,,0.073
3726.66,Control_ZEUS,,,,2.129
3726.66,Changes?_ZEUS,,,,,0.066
3731.74,Control_ZEUS,,,,2.275
3731.74,Changes?_ZEUS,,,,,0.083
3736.82,Control_ZEUS,,,,2.216
3736.82,Changes?_ZEUS,,,,,0.085
3741.93,Control_ZEUS,,,,2.252
3741.93,Changes?_ZEUS,,,,,0.066
3747.02,Control_ZEUS,,,,2.387
3747.02,Changes?_ZEUS,,,,,0.059
3752.15,Control_ZEUS,,,,2.319
3752.15,Changes?_ZEUS,,,,,0.078
3757.26,Control_ZEUS,,,,2.339
3757.26,Changes?_ZEUS,,,,,0.094
3762.32,Control_ZEUS,,,,2.123
3762.33,Changes?_ZEUS,,,,,0.066
3767.42,Control_ZEUS,,,,2.37
3767.42,Changes?_ZEUS,,,,,0.063
3772.56,Control_ZEUS,,,,2.318
3772.56,Changes?_ZEUS,,,,,0.055
3777.64,Control_ZEUS,,,,2.282
3777.64,Changes?_ZEUS,,,,,0.065
3782.72,Control_ZEUS,,,,2.223
3782.72,Changes?_ZEUS,,,,,0.057
3787.79,Control_ZEUS,,,,2.238
3787.79,Changes?_ZEUS,,,,,0.059
3792.87,Control_ZEUS,,,,2.046
3792.87,Changes?_ZEUS,,,,,0.069
3797.95,Control_ZEUS,,,,2.352
3797.95,Changes?_ZEUS,,,,,0.124
3803.09,Control_ZEUS,,,,2.387
3803.09,Changes?_ZEUS,,,,,0.085
3808.24,Control_ZEUS,,,,2.384
3808.24,Changes?_ZEUS,,,,,0.098
3813.37,Control_ZEUS,,,,2.369
3813.37,Changes?_ZEUS,,,,,0.056
3818.53,Control_ZEUS,,,,2.342
3818.53,Changes?_ZEUS,,,,,0.082
3823.66,Control_ZEUS,,,,2.355
3823.66,Changes?_ZEUS,,,,,0.09
3828.79,Control_ZEUS,,,,2.517
3828.79,Changes?_ZEUS,,,,,0.062
3833.91,Control_ZEUS,,,,2.286
3833.91,Changes?_ZEUS,,,,,0.065
3839.1,Control_ZEUS,,,,2.601
3839.1,Changes?_ZEUS,,,,,0.074
3844.26,Control_ZEUS,,,,2.551
3844.26,Changes?_ZEUS,,,,,0.081
3849.38,Control_ZEUS,,,,2.373
3849.38,Changes?_ZEUS,,,,,0.09
3854.53,Control_ZEUS,,,,2.364
3854.53,Changes?_ZEUS,,,,,0.083
3859.62,Control_ZEUS,,,,2.403
3859.62,Changes?_ZEUS,,,,,0.056
3864.77,Control_ZEUS,,,,2.522
3864.77,Changes?_ZEUS,,,,,0.089
3869.89,Control_ZEUS,,,,2.668
3869.9,Changes?_ZEUS,,,,,0.081
3875.07,Control_ZEUS,,,,2.44
3875.07,Changes?_ZEUS,,,,,0.08
3880.19,Control_ZEUS,,,,2.595
3880.2,Changes?_ZEUS,,,,,0.097
3885.32,Control_ZEUS,,,,2.353
3885.32,Changes?_ZEUS,,,,,0.055
3890.44,Control_ZEUS,,,,2.418
3890.44,Changes?_ZEUS,,,,,0.088
3895.59,Control_ZEUS,,,,2.46
3895.59,Changes?_ZEUS,,,,,0.1
3900.76,Control_ZEUS,,,,2.629
3900.76,Changes?_ZEUS,,,,,0.088
3905.88,Control_ZEUS,,,,2.303
3905.88,Changes?_ZEUS,,,,,0.089
3910.97,Control_ZEUS,,,,2.241
3910.97,Changes?_ZEUS,,,,,0.09
3916.13,Control_ZEUS,,,,2.475
3916.13,Changes?_ZEUS,,,,,0.07
3921.23,Control_ZEUS,,,,2.585
3921.23,Changes?_ZEUS,,,,,0.065
3926.34,Control_ZEUS,,,,2.189
3926.34,Changes?_ZEUS,,,,,0.082
3931.46,Control_ZEUS,,,,2.482
3931.46,Changes?_ZEUS,,,,,0.08
3936.62,Control_ZEUS,,,,2.453
3936.62,Changes?_ZEUS,,,,,0.079
3941.8,Control_ZEUS,,,,2.713
3941.8,Changes?_ZEUS,,,,,0.073
3946.97,Control_ZEUS,,,,2.425
3946.97,Changes?_ZEUS,,,,,0.084
3952.11,Control_ZEUS,,,,2.473
3952.11,Changes?_ZEUS,,,,,0.097
3957.24,Control_ZEUS,,,,2.446
3957.24,Changes?_ZEUS,,,,,0.094
3962.39,Control_ZEUS,,,,2.483
3962.39,Changes?_ZEUS,,,,,0.088
3967.47,Control_ZEUS,,,,2.19
3967.47,Changes?_ZEUS,,,,,0.089
3972.6,Control_ZEUS,,,,2.349
3972.61,Changes?_ZEUS,,,,,0.089
3977.75,Control_ZEUS,,,,2.418
3977.76,Changes?_ZEUS,,,,,0.092
3982.9,Control_ZEUS,,,,2.658
3982.9,Changes?_ZEUS,,,,,0.092
3988,Control_ZEUS,,,,2.472
3988,Changes?_ZEUS,,,,,0.089
3993.15,Control_ZEUS,,,,2.539
3993.15,Changes?_ZEUS,,,,,0.076
3998.26,Control_ZEUS,,,,2.355
3998.26,Changes?_ZEUS,,,,,0.096
4003.4,Control_ZEUS,,,,2.448
4003.4,Changes?_ZEUS,,,,,0.086
4008.49,Control_ZEUS,,,,2.126
4008.49,Changes?_ZEUS,,,,,0.11
4013.6,Control_ZEUS,,,,2.32
4013.6,Changes?_ZEUS,,,,,0.084
4018.7,Control_ZEUS,,,,2.253
4018.7,Changes?_ZEUS,,,,,0.083
4023.83,Control_ZEUS,,,,2.38
4023.83,Changes?_ZEUS,,,,,0.072
4029,Control_ZEUS,,,,2.528
4029,Changes?_ZEUS,,,,,0.096
4034.12,Control_ZEUS,,,,2.494
4034.12,Changes?_ZEUS,,,,,0.083
4039.23,Control_ZEUS,,,,2.431
4039.23,Changes?_ZEUS,,,,,0.15
4044.34,Control_ZEUS,,,,2.393
4044.34,Changes?_ZEUS,,,,,0.06
4049.44,Control_ZEUS,,,,2.58
4049.44,Changes?_ZEUS,,,,,0.063
4054.55,Control_ZEUS,,,,2.485
4054.55,Changes?_ZEUS,,,,,0.077
4059.62,Control_ZEUS,,,,2.215
4059.62,Changes?_ZEUS,,,,,0.061
4064.7,Control_ZEUS,,,,2.234
4064.7,Changes?_ZEUS,,,,,0.072
4069.81,Control_ZEUS,,,,2.386
4069.81,Changes?_ZEUS,,,,,0.055
4074.93,Control_ZEUS,,,,2.544
4074.93,Changes?_ZEUS,,,,,0.083
4080.08,Control_ZEUS,,,,2.4
4080.08,Changes?_ZEUS,,,,,0.058
4085.2,Control_ZEUS,,,,2.301
4085.2,Changes?_ZEUS,,,,,0.078
4090.31,Control_ZEUS,,,,2.263
4090.31,Changes?_ZEUS,,,,,0.052
4095.5,Control_ZEUS,,,,2.603
4095.5,Changes?_ZEUS,,,,,0.065
4100.58,Control_ZEUS,,,,2.207
4100.58,Changes?_ZEUS,,,,,0.09
4105.71,Control_ZEUS,,,,2.483
4105.71,Changes?_ZEUS,,,,,0.089
4110.82,Control_ZEUS,,,,2.503
4110.83,Changes?_ZEUS,,,,,0.082
4115.94,Control_ZEUS,,,,2.475
4115.94,Changes?_ZEUS,,,,,0.074
4121.05,Control_ZEUS,,,,2.531
4121.05,Changes?_ZEUS,,,,,0.062
4126.14,Control_ZEUS,,,,2.235
4126.14,Changes?_ZEUS,,,,,0.089
4131.22,Control_ZEUS,,,,2.168
4131.22,Changes?_ZEUS,,,,,0.064
4136.41,Control_ZEUS,,,,2.48
4136.41,Changes?_ZEUS,,,,,0.083
4141.55,Control_ZEUS,,,,2.344
4141.55,Changes?_ZEUS,,,,,0.088
4146.65,Control_ZEUS,,,,2.447
4146.65,Changes?_ZEUS,,,,,0.076
4151.77,Control_ZEUS,,,,2.266
4151.77,Changes?_ZEUS,,,,,0.068
4156.89,Control_ZEUS,,,,2.296
4156.89,Changes?_ZEUS,,,,,0.087
4161.98,Control_ZEUS,,,,2.329
4161.98,Changes?_ZEUS,,,,,0.062
4167.07,Control_ZEUS,,,,2.225
4167.07,Changes?_ZEUS,,,,,0.06
4172.14,Control_ZEUS,,,,2.315
4172.14,Changes?_ZEUS,,,,,0.063
4177.23,Control_ZEUS,,,,2.223
4177.23,Changes?_ZEUS,,,,,0.074
4182.31,Control_ZEUS,,,,2.215
4182.31,Changes?_ZEUS,,,,,0.055
4187.43,Control_ZEUS,,,,2.513
4187.43,Changes?_ZEUS,,,,,0.077
4192.52,Control_ZEUS,,,,2.261
4192.52,Changes?_ZEUS,,,,,0.074
4197.62,Control_ZEUS,,,,2.193
4197.62,Changes?_ZEUS,,,,,0.071
4202.71,Control_ZEUS,,,,2.267
4202.71,Changes?_ZEUS,,,,,0.058
4207.83,Control_ZEUS,,,,2.299
4207.83,Changes?_ZEUS,,,,,0.063
4212.93,Control_ZEUS,,,,2.366
4212.93,Changes?_ZEUS,,,,,0.078
4218.04,Control_ZEUS,,,,2.268
4218.04,Changes?_ZEUS,,,,,0.075
4223.15,Control_ZEUS,,,,2.364
4223.15,Changes?_ZEUS,,,,,0.082
4228.24,Control_ZEUS,,,,2.597
4228.24,Changes?_ZEUS,,,,,0.087
4233.31,Control_ZEUS,,,,2.195
4233.31,Changes?_ZEUS,,,,,0.089
4238.39,Control_ZEUS,,,,2.285
4238.39,Changes?_ZEUS,,,,,0.053
4243.49,Control_ZEUS,,,,2.223
4243.49,Changes?_ZEUS,,,,,0.079
4248.58,Control_ZEUS,,,,2.399
4248.58,Changes?_ZEUS,,,,,0.058
4253.7,Control_ZEUS,,,,2.386
4253.7,Changes?_ZEUS,,,,,0.062
4258.78,Control_ZEUS,,,,2.222
4258.78,Changes?_ZEUS,,,,,0.073
4263.86,Control_ZEUS,,,,2.184
4263.86,Changes?_ZEUS,,,,,0.092
4268.93,Control_ZEUS,,,,2.069
4268.93,Changes?_ZEUS,,,,,0.083
4274.06,Control_ZEUS,,,,2.361
4274.06,Changes?_ZEUS,,,,,0.095
4279.19,Control_ZEUS,,,,2.514
4279.19,Changes?_ZEUS,,,,,0.081
4284.31,Control_ZEUS,,,,2.329
4284.31,Changes?_ZEUS,,,,,0.083
4289.41,Control_ZEUS,,,,2.233
4289.41,Changes?_ZEUS,,,,,0.094
4294.53,Control_ZEUS,,,,2.254
4294.53,Changes?_ZEUS,,,,,0.083
4299.62,Control_ZEUS,,,,2.183
4299.63,Changes?_ZEUS,,,,,0.066
4304.75,Control_ZEUS,,,,2.352
4304.75,Changes?_ZEUS,,,,,0.059
4309.82,Control_ZEUS,,,,2.257
4309.82,Changes?_ZEUS,,,,,0.056
4314.98,Control_ZEUS,,,,2.442
4314.98,Changes?_ZEUS,,,,,0.074
4320.07,Control_ZEUS,,,,2.41
4320.07,Changes?_ZEUS,,,,,0.071
4325.21,Control_ZEUS,,,,2.603
4325.21,Changes?_ZEUS,,,,,0.079
4330.35,Control_ZEUS,,,,2.561
4330.35,Changes?_ZEUS,,,,,0.075
4335.49,Control_ZEUS,,,,2.397
4335.49,Changes?_ZEUS,,,,,0.082
4340.66,Control_ZEUS,,,,2.474
4340.66,Changes?_ZEUS,,,,,0.093
4345.81,Control_ZEUS,,,,2.601
4345.81,Changes?_ZEUS,,,,,0.086
4350.9,Control_ZEUS,,,,2.403
4350.9,Changes?_ZEUS,,,,,0.059
4356.02,Control_ZEUS,,,,2.167
4356.02,Changes?_ZEUS,,,,,0.089
4361.13,Control_ZEUS,,,,2.49
4361.13,Changes?_ZEUS,,,,,0.09
4366.22,Control_ZEUS,,,,2.178
4366.22,Changes?_ZEUS,,,,,0.089
4371.32,Control_ZEUS,,,,2.49
4371.32,Changes?_ZEUS,,,,,0.071
4376.44,Control_ZEUS,,,,2.298
4376.44,Changes?_ZEUS,,,,,0.072
4381.51,Control_ZEUS,,,,2.256
4381.51,Changes?_ZEUS,,,,,0.065
4386.66,Control_ZEUS,,,,2.352
4386.66,Changes?_ZEUS,,,,,0.054
4391.79,Control_ZEUS,,,,2.631
4391.79,Changes?_ZEUS,,,,,0.08
4396.92,Control_ZEUS,,,,2.513
4396.92,Changes?_ZEUS,,,,,0.063
4402.03,Control_ZEUS,,,,2.292
4402.03,Changes?_ZEUS,,,,,0.07
4407.15,Control_ZEUS,,,,2.456
4407.15,Changes?_ZEUS,,,,,0.091
4412.3,Control_ZEUS,,,,2.634
4412.3,Changes?_ZEUS,,,,,0.077
4417.44,Control_ZEUS,,,,2.418
4417.44,Changes?_ZEUS,,,,,0.078
4422.52,Control_ZEUS,,,,2.234
4422.52,Changes?_ZEUS,,,,,0.077
4427.61,Control_ZEUS,,,,2.195
4427.61,Changes?_ZEUS,,,,,0.089
4432.72,Control_ZEUS,,,,2.245
4432.73,Changes?_ZEUS,,,,,0.11
4437.87,Control_ZEUS,,,,2.343
4437.88,Changes?_ZEUS,,,,,0.082
4443.03,Control_ZEUS,,,,2.602
4443.03,Changes?_ZEUS,,,,,0.092
4448.15,Control_ZEUS,,,,2.184
4448.15,Changes?_ZEUS,,,,,0.119
4453.26,Control_ZEUS,,,,2.245
4453.26,Changes?_ZEUS,,,,,0.069
4458.38,Control_ZEUS,,,,2.4
4458.38,Changes?_ZEUS,,,,,0.059
4463.52,Control_ZEUS,,,,2.424
4463.53,Changes?_ZEUS,,,,,0.071
4468.64,Control_ZEUS,,,,2.5
4468.65,Changes?_ZEUS,,,,,0.192
4473.79,Control_ZEUS,,,,2.269
4473.79,Changes?_ZEUS,,,,,0.086
4478.92,Control_ZEUS,,,,2.324
4478.92,Changes?_ZEUS,,,,,0.11
4484.04,Control_ZEUS,,,,2.376
4484.04,Changes?_ZEUS,,,,,0.067
4489.17,Control_ZEUS,,,,2.379
4489.17,Changes?_ZEUS,,,,,0.118
4494.26,Control_ZEUS,,,,2.197
4494.27,Changes?_ZEUS,,,,,0.067
4499.36,Control_ZEUS,,,,2.327
4499.36,Changes?_ZEUS,,,,,0.058
4504.48,Control_ZEUS,,,,2.195
4504.48,Changes?_ZEUS,,,,,0.083
4509.61,Control_ZEUS,,,,2.402
4509.61,Changes?_ZEUS,,,,,0.149
4514.8,Control_ZEUS,,,,2.776
4514.8,Changes?_ZEUS,,,,,0.072
4519.89,Control_ZEUS,,,,2.156
4519.89,Changes?_ZEUS,,,,,0.059
4524.99,Control_ZEUS,,,,2.226
4524.99,Changes?_ZEUS,,,,,0.066
4530.13,Control_ZEUS,,,,2.319
4530.13,Changes?_ZEUS,,,,,0.173
4535.25,Control_ZEUS,,,,2.313
4535.25,Changes?_ZEUS,,,,,0.064
4540.4,Control_ZEUS,,,,2.551
4540.4,Changes?_ZEUS,,,,,0.101
4545.47,Control_ZEUS,,,,2.258
4545.48,Changes?_ZEUS,,,,,0.062
4550.57,Control_ZEUS,,,,2.132
4550.58,Changes?_ZEUS,,,,,0.167
4555.74,Control_ZEUS,,,,2.481
4555.74,Changes?_ZEUS,,,,,0.07
4560.89,Control_ZEUS,,,,2.475
4560.89,Changes?_ZEUS,,,,,0.097
4566.02,Control_ZEUS,,,,2.225
4566.02,Changes?_ZEUS,,,,,0.064
4571.09,Control_ZEUS,,,,2.14
4571.1,Changes?_ZEUS,,,,,0.142
4576.23,Control_ZEUS,,,,2.353
4576.24,Changes?_ZEUS,,,,,0.094
4581.36,Control_ZEUS,,,,2.429
4581.36,Changes?_ZEUS,,,,,0.066
4586.49,Control_ZEUS,,,,2.425
4586.49,Changes?_ZEUS,,,,,0.073
4591.6,Control_ZEUS,,,,2.331
4591.61,Changes?_ZEUS,,,,,0.135
4596.71,Control_ZEUS,,,,2.121
4596.71,Changes?_ZEUS,,,,,0.07
4601.83,Control_ZEUS,,,,2.239
4601.83,Changes?_ZEUS,,,,,0.063
4606.98,Control_ZEUS,,,,2.428
4606.98,Changes?_ZEUS,,,,,0.065
4612.11,Control_ZEUS,,,,2.278
4612.11,Changes?_ZEUS,,,,,0.123
4617.21,Control_ZEUS,,,,2.149
4617.21,Changes?_ZEUS,,,,,0.089
4622.29,Control_ZEUS,,,,2.217
4622.29,Changes?_ZEUS,,,,,0.071
4627.42,Control_ZEUS,,,,2.099
4627.42,Changes?_ZEUS,,,,,0.081
4632.58,Control_ZEUS,,,,2.296
4632.58,Changes?_ZEUS,,,,,0.087
4637.73,Control_ZEUS,,,,2.4
4637.74,Changes?_ZEUS,,,,,0.066
4642.88,Control_ZEUS,,,,2.206
4642.88,Changes?_ZEUS,,,,,0.067
4647.98,Control_ZEUS,,,,2.168
4647.98,Changes?_ZEUS,,,,,0.167
4653.1,Control_ZEUS,,,,2.544
4653.1,Changes?_ZEUS,,,,,0.096
4658.21,Control_ZEUS,,,,2.455
4658.21,Changes?_ZEUS,,,,,0.07
4663.36,Control_ZEUS,,,,2.342
4663.36,Changes?_ZEUS,,,,,0.069
4668.46,Control_ZEUS,,,,2.307
4668.46,Changes?_ZEUS,,,,,0.082
4673.62,Control_ZEUS,,,,2.255
4673.62,Changes?_ZEUS,,,,,0.074
4678.85,Control_ZEUS,,,,2.649
4678.85,Changes?_ZEUS,,,,,0.067
4684.16,Control_ZEUS,,,,2.578
4684.16,Changes?_ZEUS,,,,,0.06
4689.12,Control_ZEUS,,,,2.593
4689.12,Changes?_ZEUS,,,,,0.075
4694.4,Control_ZEUS,,,,2.56
4694.4,Changes?_ZEUS,,,,,0.079
4699.42,Control_ZEUS,,,,2.533
4699.42,Changes?_ZEUS,,,,,0.095
4704.42,Control_ZEUS,,,,2.467
4704.42,Changes?_ZEUS,,,,,0.078
4709.33,Control_ZEUS,,,,2.331
4709.33,Changes?_ZEUS,,,,,0.066
4714.57,Control_ZEUS,,,,2.664
4714.57,Changes?_ZEUS,,,,,0.073
4719.49,Control_ZEUS,,,,2.455
4719.49,Changes?_ZEUS,,,,,0.066
4724.85,Control_ZEUS,,,,2.661
4724.85,Changes?_ZEUS,,,,,0.088
4729.77,Control_ZEUS,,,,2.488
4729.78,Changes?_ZEUS,,,,,0.075
4735.07,Control_ZEUS,,,,2.668
4735.08,Changes?_ZEUS,,,,,0.085
4740.04,Control_ZEUS,,,,2.432
4740.04,Changes?_ZEUS,,,,,0.094
4745.26,Control_ZEUS,,,,2.634
4745.26,Changes?_ZEUS,,,,,0.077
4750.49,Control_ZEUS,,,,2.363
4750.49,Changes?_ZEUS,,,,,0.085
4755.66,Control_ZEUS,,,,2.55
4755.66,Changes?_ZEUS,,,,,0.075
4760.84,Control_ZEUS,,,,2.477
4760.84,Changes?_ZEUS,,,,,0.088
4766,Control_ZEUS,,,,2.251
4766,Changes?_ZEUS,,,,,0.123
4771.15,Control_ZEUS,,,,2.341
4771.15,Changes?_ZEUS,,,,,0.067
4776.28,Control_ZEUS,,,,2.296
4776.28,Changes?_ZEUS,,,,,0.075
4781.4,Control_ZEUS,,,,2.284
4781.4,Changes?_ZEUS,,,,,0.076
4786.5,Control_ZEUS,,,,2.248
4786.5,Changes?_ZEUS,,,,,0.062
4791.63,Control_ZEUS,,,,2.364
4791.63,Changes?_ZEUS,,,,,0.074
4796.75,Control_ZEUS,,,,2.305
4796.75,Changes?_ZEUS,,,,,0.073
4801.9,Control_ZEUS,,,,2.478
4801.9,Changes?_ZEUS,,,,,0.072
4807.01,Control_ZEUS,,,,2.236
4807.01,Changes?_ZEUS,,,,,0.055
4812.1,Control_ZEUS,,,,2.104
4812.1,Changes?_ZEUS,,,,,0.069
4817.25,Control_ZEUS,,,,2.382
4817.25,Changes?_ZEUS,,,,,0.091
4822.37,Control_ZEUS,,,,2.634
4822.37,Changes?_ZEUS,,,,,0.106
4827.55,Control_ZEUS,,,,2.788
4827.55,Changes?_ZEUS,,,,,0.076
4832.69,Control_ZEUS,,,,2.557
4832.69,Changes?_ZEUS,,,,,0.069
4837.83,Control_ZEUS,,,,2.316
4837.83,Changes?_ZEUS,,,,,0.095
4842.94,Control_ZEUS,,,,2.337
4842.94,Changes?_ZEUS,,,,,0.055
4848.07,Control_ZEUS,,,,2.271
4848.07,Changes?_ZEUS,,,,,0.077
4853.16,Control_ZEUS,,,,2.389
4853.16,Changes?_ZEUS,,,,,0.069
4858.28,Control_ZEUS,,,,2.213
4858.28,Changes?_ZEUS,,,,,0.073
4863.37,Control_ZEUS,,,,2.238
4863.38,Changes?_ZEUS,,,,,0.093
4868.52,Control_ZEUS,,,,2.42
4868.52,Changes?_ZEUS,,,,,0.064
4873.66,Control_ZEUS,,,,2.332
4873.66,Changes?_ZEUS,,,,,0.063
4878.8,Control_ZEUS,,,,2.677
4878.8,Changes?_ZEUS,,,,,0.082
4883.89,Control_ZEUS,,,,2.324
4883.89,Changes?_ZEUS,,,,,0.062
4889,Control_ZEUS,,,,2.388
4889.01,Changes?_ZEUS,,,,,0.189
4894.12,Control_ZEUS,,,,2.287
4894.12,Changes?_ZEUS,,,,,0.086
4899.26,Control_ZEUS,,,,2.46
4899.26,Changes?_ZEUS,,,,,0.087
4904.46,Control_ZEUS,,,,2.718
4904.46,Changes?_ZEUS,,,,,0.072
4909.57,Control_ZEUS,,,,2.372
4909.57,Changes?_ZEUS,,,,,0.127
4914.69,Control_ZEUS,,,,2.324
4914.69,Changes?_ZEUS,,,,,0.059
4919.87,Control_ZEUS,,,,2.422
4919.87,Changes?_ZEUS,,,,,0.085
4924.99,Control_ZEUS,,,,2.236
4925,Changes?_ZEUS,,,,,0.133
4930.12,Control_ZEUS,,,,2.207
4930.12,Changes?_ZEUS,,,,,0.077
4935.25,Control_ZEUS,,,,2.487
4935.25,Changes?_ZEUS,,,,,0.057
4940.38,Control_ZEUS,,,,2.477
4940.38,Changes?_ZEUS,,,,,0.066
4945.51,Control_ZEUS,,,,2.412
4945.51,Changes?_ZEUS,,,,,0.136
4950.63,Control_ZEUS,,,,2.217
4950.63,Changes?_ZEUS,,,,,0.109
4955.74,Control_ZEUS,,,,2.239
4955.74,Changes?_ZEUS,,,,,0.065
4960.85,Control_ZEUS,,,,2.357
4960.85,Changes?_ZEUS,,,,,0.077
4965.99,Control_ZEUS,,,,2.509
4965.99,Changes?_ZEUS,,,,,0.06
4971.17,Control_ZEUS,,,,2.583
4971.17,Changes?_ZEUS,,,,,0.08
4976.27,Control_ZEUS,,,,2.215
4976.27,Changes?_ZEUS,,,,,0.121
4981.37,Control_ZEUS,,,,2.254
4981.37,Changes?_ZEUS,,,,,0.092
4986.52,Control_ZEUS,,,,2.506
4986.52,Changes?_ZEUS,,,,,0.06
4991.65,Control_ZEUS,,,,2.431
4991.65,Changes?_ZEUS,,,,,0.056
4996.77,Control_ZEUS,,,,2.446
4996.77,Changes?_ZEUS,,,,,0.154
5001.88,Control_ZEUS,,,,2.266
5001.88,Changes?_ZEUS,,,,,0.066
5007,Control_ZEUS,,,,2.213
5007,Changes?_ZEUS,,,,,0.081
5012.12,Control_ZEUS,,,,2.454
5012.12,Changes?_ZEUS,,,,,0.163
5017.26,Control_ZEUS,,,,2.585
5017.26,Changes?_ZEUS,,,,,0.091
5022.39,Control_ZEUS,,,,2.307
5022.39,Changes?_ZEUS,,,,,0.076
5027.49,Control_ZEUS,,,,2.207
5027.49,Changes?_ZEUS,,,,,0.056
5032.64,Control_ZEUS,,,,2.323
5032.64,Changes?_ZEUS,,,,,0.162
5037.77,Control_ZEUS,,,,2.517
5037.77,Changes?_ZEUS,,,,,0.065
5042.91,Control_ZEUS,,,,2.409
5042.92,Changes?_ZEUS,,,,,0.087
5048.04,Control_ZEUS,,,,2.344
5048.04,Changes?_ZEUS,,,,,0.053
5053.14,Control_ZEUS,,,,2.126
5053.14,Changes?_ZEUS,,,,,0.186
5058.26,Control_ZEUS,,,,2.29
5058.27,Changes?_ZEUS,,,,,0.074
5063.4,Control_ZEUS,,,,2.584
5063.4,Changes?_ZEUS,,,,,0.059
5068.55,Control_ZEUS,,,,2.359
5068.55,Changes?_ZEUS,,,,,0.07
5073.63,Control_ZEUS,,,,2.321
5073.64,Changes?_ZEUS,,,,,0.12
5078.74,Control_ZEUS,,,,2.2
5078.74,Changes?_ZEUS,,,,,0.059
5083.98,Control_ZEUS,,,,2.393
5083.99,Changes?_ZEUS,,,,,0.066
5088.85,Control_ZEUS,,,,2.394
5088.86,Changes?_ZEUS,,,,,0.126
5094,Control_ZEUS,,,,2.408
5094,Changes?_ZEUS,,,,,0.064
5099.14,Control_ZEUS,,,,2.647
5099.14,Changes?_ZEUS,,,,,0.067
5104.32,Control_ZEUS,,,,2.676
5104.32,Changes?_ZEUS,,,,,0.13
5109.55,Control_ZEUS,,,,2.412
5109.55,Changes?_ZEUS,,,,,0.086
5114.8,Control_ZEUS,,,,2.481
5114.8,Changes?_ZEUS,,,,,0.073
5119.98,Control_ZEUS,,,,2.365
5119.98,Changes?_ZEUS,,,,,0.076
5125.27,Control_ZEUS,,,,2.668
5125.27,Changes?_ZEUS,,,,,0.146
5130.29,Control_ZEUS,,,,2.561
5130.29,Changes?_ZEUS,,,,,0.114
5135.51,Control_ZEUS,,,,2.561
5135.51,Changes?_ZEUS,,,,,0.047
5140.78,Control_ZEUS,,,,2.831
5140.79,Changes?_ZEUS,,,,,0.118
5145.77,Control_ZEUS,,,,2.308
5145.77,Changes?_ZEUS,,,,,0.074
5151,Control_ZEUS,,,,2.661
5151.01,Changes?_ZEUS,,,,,0.086
5156.15,Control_ZEUS,,,,2.322
5156.15,Changes?_ZEUS,,,,,0.084
5161.31,Control_ZEUS,,,,2.584
5161.31,Changes?_ZEUS,,,,,0.116
5166.47,Control_ZEUS,,,,2.482
5166.47,Changes?_ZEUS,,,,,0.061
5171.55,Control_ZEUS,,,,2.31
5171.56,Changes?_ZEUS,,,,,0.068
5176.68,Control_ZEUS,,,,2.21
5176.68,Changes?_ZEUS,,,,,0.143
5181.88,Control_ZEUS,,,,2.59
5181.88,Changes?_ZEUS,,,,,0.053
5187.04,Control_ZEUS,,,,2.489
5187.04,Changes?_ZEUS,,,,,0.082
5192.15,Control_ZEUS,,,,2.548
5192.15,Changes?_ZEUS,,,,,0.133
5197.32,Control_ZEUS,,,,2.472
5197.32,Changes?_ZEUS,,,,,0.076
5202.44,Control_ZEUS,,,,2.434
5202.44,Changes?_ZEUS,,,,,0.075
5207.6,Control_ZEUS,,,,2.67
5207.6,Changes?_ZEUS,,,,,0.133
5212.71,Control_ZEUS,,,,2.375
5212.71,Changes?_ZEUS,,,,,0.063
