26.5148,LCA_ZEUS,38.369
26.5153,Send_ZEUS,,0.029
27.0193,Receive_ZEUS,,0.329
27.5207,Receive_ZEUS,,0.164
31.5508,Selection_ZEUS,,,1.023
42.1403,Control_ZEUS,,,,26.836
42.1416,Changes?_ZEUS,,,,,0.267
42.912,Control_ZEUS,,,,2.894
42.9127,Changes?_ZEUS,,,,,0.08
53.1335,Control_ZEUS,,,,3.012
53.1341,Changes?_ZEUS,,,,,0.078
63.0882,Control_ZEUS,,,,2.858
63.0889,Changes?_ZEUS,,,,,0.073
73.7117,Control_ZEUS,,,,5.848
73.7156,Changes?_ZEUS,,,,,0.536
83.5767,Control_ZEUS,,,,4.17
83.5774,Changes?_ZEUS,,,,,0.079
93.5827,Control_ZEUS,,,,2.972
93.5833,Changes?_ZEUS,,,,,0.061
103.648,Control_ZEUS,,,,2.613
103.649,Changes?_ZEUS,,,,,0.054
113.827,Control_ZEUS,,,,2.676
113.827,Changes?_ZEUS,,,,,0.084
123.851,Control_ZEUS,,,,2.483
123.851,Changes?_ZEUS,,,,,0.051
134.572,Control_ZEUS,,,,4.571
134.572,Changes?_ZEUS,,,,,0.074
145.148,Control_ZEUS,,,,5.491
145.148,Changes?_ZEUS,,,,,0.076
154.246,Control_ZEUS,,,,3.183
154.246,Changes?_ZEUS,,,,,0.081
165.472,Control_ZEUS,,,,5.192
165.473,Changes?_ZEUS,,,,,0.08
174.546,Control_ZEUS,,,,2.901
174.546,Changes?_ZEUS,,,,,0.059
184.61,Control_ZEUS,,,,2.77
184.611,Changes?_ZEUS,,,,,0.053
194.754,Control_ZEUS,,,,3.456
194.755,Changes?_ZEUS,,,,,0.056
204.812,Control_ZEUS,,,,2.555
204.813,Changes?_ZEUS,,,,,0.055
214.98,Control_ZEUS,,,,2.99
214.981,Changes?_ZEUS,,,,,0.086
225.024,Control_ZEUS,,,,3.05
225.025,Changes?_ZEUS,,,,,0.052
235.211,Control_ZEUS,,,,3.098
235.211,Changes?_ZEUS,,,,,0.088
245.809,Control_ZEUS,,,,4.031
245.809,Changes?_ZEUS,,,,,0.084
255.46,Control_ZEUS,,,,2.796
255.46,Changes?_ZEUS,,,,,0.077
265.932,Control_ZEUS,,,,3.878
265.932,Changes?_ZEUS,,,,,0.071
275.795,Control_ZEUS,,,,2.639
275.795,Changes?_ZEUS,,,,,0.08
285.882,Control_ZEUS,,,,2.915
285.882,Changes?_ZEUS,,,,,0.077
296.145,Control_ZEUS,,,,3.043
296.145,Changes?_ZEUS,,,,,0.068
306.125,Control_ZEUS,,,,2.732
306.125,Changes?_ZEUS,,,,,0.114
316.252,Control_ZEUS,,,,2.614
316.253,Changes?_ZEUS,,,,,0.067
326.353,Control_ZEUS,,,,2.566
326.354,Changes?_ZEUS,,,,,0.112
336.412,Control_ZEUS,,,,2.361
336.412,Changes?_ZEUS,,,,,0.068
346.566,Control_ZEUS,,,,2.487
346.567,Changes?_ZEUS,,,,,0.063
356.631,Control_ZEUS,,,,2.432
356.632,Changes?_ZEUS,,,,,0.069
366.687,Control_ZEUS,,,,2.507
366.687,Changes?_ZEUS,,,,,0.052
376.741,Control_ZEUS,,,,2.577
376.742,Changes?_ZEUS,,,,,0.071
386.749,Control_ZEUS,,,,2.503
386.75,Changes?_ZEUS,,,,,0.051
397.658,Control_ZEUS,,,,3.308
397.658,Changes?_ZEUS,,,,,0.085
406.897,Control_ZEUS,,,,2.434
406.897,Changes?_ZEUS,,,,,0.052
417.145,Control_ZEUS,,,,2.495
417.145,Changes?_ZEUS,,,,,0.051
427.128,Control_ZEUS,,,,2.366
427.129,Changes?_ZEUS,,,,,0.073
437.376,Control_ZEUS,,,,2.593
437.376,Changes?_ZEUS,,,,,0.052
447.631,Control_ZEUS,,,,2.459
447.632,Changes?_ZEUS,,,,,0.054
457.64,Control_ZEUS,,,,2.526
457.641,Changes?_ZEUS,,,,,0.068
467.696,Control_ZEUS,,,,2.541
467.696,Changes?_ZEUS,,,,,0.054
477.73,Control_ZEUS,,,,2.515
477.73,Changes?_ZEUS,,,,,0.076
487.758,Control_ZEUS,,,,2.375
487.759,Changes?_ZEUS,,,,,0.086
497.779,Control_ZEUS,,,,2.542
497.78,Changes?_ZEUS,,,,,0.103
507.828,Control_ZEUS,,,,2.664
507.829,Changes?_ZEUS,,,,,0.077
517.873,Control_ZEUS,,,,2.627
517.874,Changes?_ZEUS,,,,,0.083
527.932,Control_ZEUS,,,,2.482
527.933,Changes?_ZEUS,,,,,0.071
537.994,Control_ZEUS,,,,2.404
537.995,Changes?_ZEUS,,,,,0.077
548.059,Control_ZEUS,,,,2.613
548.06,Changes?_ZEUS,,,,,0.072
558.078,Control_ZEUS,,,,2.453
558.079,Changes?_ZEUS,,,,,0.072
568.092,Control_ZEUS,,,,2.451
568.093,Changes?_ZEUS,,,,,0.073
578.172,Control_ZEUS,,,,2.431
578.172,Changes?_ZEUS,,,,,0.087
588.213,Control_ZEUS,,,,2.632
588.214,Changes?_ZEUS,,,,,0.077
598.238,Control_ZEUS,,,,2.277
598.239,Changes?_ZEUS,,,,,0.08
608.26,Control_ZEUS,,,,2.475
608.26,Changes?_ZEUS,,,,,0.067
618.277,Control_ZEUS,,,,2.443
618.278,Changes?_ZEUS,,,,,0.114
628.295,Control_ZEUS,,,,2.661
628.296,Changes?_ZEUS,,,,,0.089
638.373,Control_ZEUS,,,,2.789
638.374,Changes?_ZEUS,,,,,0.086
648.399,Control_ZEUS,,,,2.414
648.399,Changes?_ZEUS,,,,,0.083
658.409,Control_ZEUS,,,,2.678
658.41,Changes?_ZEUS,,,,,0.102
668.416,Control_ZEUS,,,,2.39
668.416,Changes?_ZEUS,,,,,0.089
678.954,Control_ZEUS,,,,2.931
678.955,Changes?_ZEUS,,,,,0.069
688.765,Control_ZEUS,,,,2.506
688.765,Changes?_ZEUS,,,,,0.053
698.748,Control_ZEUS,,,,2.328
698.751,Changes?_ZEUS,,,,,0.485
708.989,Control_ZEUS,,,,2.504
708.99,Changes?_ZEUS,,,,,0.054
719.224,Control_ZEUS,,,,2.362
719.225,Changes?_ZEUS,,,,,0.077
729.469,Control_ZEUS,,,,2.274
729.469,Changes?_ZEUS,,,,,0.068
739.799,Control_ZEUS,,,,2.632
739.8,Changes?_ZEUS,,,,,0.055
749.795,Control_ZEUS,,,,2.474
749.796,Changes?_ZEUS,,,,,0.057
760.009,Control_ZEUS,,,,2.211
760.01,Changes?_ZEUS,,,,,0.055
770.253,Control_ZEUS,,,,2.466
770.254,Changes?_ZEUS,,,,,0.068
780.276,Control_ZEUS,,,,2.407
780.277,Changes?_ZEUS,,,,,0.074
790.293,Control_ZEUS,,,,2.785
790.294,Changes?_ZEUS,,,,,0.077
800.281,Control_ZEUS,,,,2.563
800.282,Changes?_ZEUS,,,,,0.064
810.503,Control_ZEUS,,,,2.427
810.504,Changes?_ZEUS,,,,,0.074
820.729,Control_ZEUS,,,,2.506
820.73,Changes?_ZEUS,,,,,0.05
830.997,Control_ZEUS,,,,2.372
830.998,Changes?_ZEUS,,,,,0.052
840.985,Control_ZEUS,,,,2.423
840.986,Changes?_ZEUS,,,,,0.08
851.223,Control_ZEUS,,,,2.29
851.223,Changes?_ZEUS,,,,,0.05
861.453,Control_ZEUS,,,,2.312
861.453,Changes?_ZEUS,,,,,0.08
871.703,Control_ZEUS,,,,2.327
871.704,Changes?_ZEUS,,,,,0.077
881.95,Control_ZEUS,,,,2.219
881.951,Changes?_ZEUS,,,,,0.051
892.217,Control_ZEUS,,,,2.536
892.217,Changes?_ZEUS,,,,,0.079
902.28,Control_ZEUS,,,,2.768
902.281,Changes?_ZEUS,,,,,0.081
912.328,Control_ZEUS,,,,2.621
912.329,Changes?_ZEUS,,,,,0.082
922.309,Control_ZEUS,,,,2.401
922.31,Changes?_ZEUS,,,,,0.063
932.562,Control_ZEUS,,,,2.423
932.563,Changes?_ZEUS,,,,,0.081
942.777,Control_ZEUS,,,,2.607
942.777,Changes?_ZEUS,,,,,0.075
953.02,Control_ZEUS,,,,2.581
953.021,Changes?_ZEUS,,,,,0.075
963.267,Control_ZEUS,,,,2.436
963.268,Changes?_ZEUS,,,,,0.056
973.488,Control_ZEUS,,,,2.276
973.488,Changes?_ZEUS,,,,,0.088
983.76,Control_ZEUS,,,,2.518
983.76,Changes?_ZEUS,,,,,0.058
993.803,Control_ZEUS,,,,2.866
993.803,Changes?_ZEUS,,,,,0.051
1003.79,Control_ZEUS,,,,2.453
1003.79,Changes?_ZEUS,,,,,0.081
1014.04,Control_ZEUS,,,,2.424
1014.04,Changes?_ZEUS,,,,,0.052
1024.25,Control_ZEUS,,,,2.334
1024.25,Changes?_ZEUS,,,,,0.05
1034.5,Control_ZEUS,,,,2.491
1034.5,Changes?_ZEUS,,,,,0.089
1044.46,Control_ZEUS,,,,2.41
1044.46,Changes?_ZEUS,,,,,0.056
1054.73,Control_ZEUS,,,,2.618
1054.73,Changes?_ZEUS,,,,,0.083
1064.74,Control_ZEUS,,,,2.607
1064.74,Changes?_ZEUS,,,,,0.053
1074.99,Control_ZEUS,,,,2.438
1074.99,Changes?_ZEUS,,,,,0.054
1085.22,Control_ZEUS,,,,2.413
1085.22,Changes?_ZEUS,,,,,0.072
1095.46,Control_ZEUS,,,,2.355
1095.46,Changes?_ZEUS,,,,,0.052
1105.67,Control_ZEUS,,,,2.294
1105.67,Changes?_ZEUS,,,,,0.053
1115.9,Control_ZEUS,,,,2.26
1115.9,Changes?_ZEUS,,,,,0.075
1126.23,Control_ZEUS,,,,3.068
1126.24,Changes?_ZEUS,,,,,0.087
1136.21,Control_ZEUS,,,,2.409
1136.21,Changes?_ZEUS,,,,,0.053
1146.46,Control_ZEUS,,,,2.47
1146.46,Changes?_ZEUS,,,,,0.054
1156.65,Control_ZEUS,,,,2.231
1156.65,Changes?_ZEUS,,,,,0.053
1166.91,Control_ZEUS,,,,2.465
1166.91,Changes?_ZEUS,,,,,0.066
1177.16,Control_ZEUS,,,,2.549
1177.16,Changes?_ZEUS,,,,,0.089
1187.18,Control_ZEUS,,,,2.579
1187.18,Changes?_ZEUS,,,,,0.05
1197.19,Control_ZEUS,,,,2.845
1197.19,Changes?_ZEUS,,,,,0.067
1207.41,Control_ZEUS,,,,2.375
1207.41,Changes?_ZEUS,,,,,0.081
1217.67,Control_ZEUS,,,,2.279
1217.67,Changes?_ZEUS,,,,,0.074
1227.92,Control_ZEUS,,,,2.603
1227.92,Changes?_ZEUS,,,,,0.128
1237.9,Control_ZEUS,,,,2.577
1237.9,Changes?_ZEUS,,,,,0.069
1247.89,Control_ZEUS,,,,2.573
1247.89,Changes?_ZEUS,,,,,0.052
1258.11,Control_ZEUS,,,,2.388
1258.11,Changes?_ZEUS,,,,,0.054
1268.34,Control_ZEUS,,,,2.279
1268.34,Changes?_ZEUS,,,,,0.052
1278.57,Control_ZEUS,,,,2.416
1278.57,Changes?_ZEUS,,,,,0.072
1288.8,Control_ZEUS,,,,2.394
1288.8,Changes?_ZEUS,,,,,0.051
1299,Control_ZEUS,,,,2.217
1299,Changes?_ZEUS,,,,,0.055
1309.21,Control_ZEUS,,,,2.468
1309.21,Changes?_ZEUS,,,,,0.06
1319.43,Control_ZEUS,,,,2.352
1319.44,Changes?_ZEUS,,,,,0.171
1329.67,Control_ZEUS,,,,2.298
1329.67,Changes?_ZEUS,,,,,0.072
1339.9,Control_ZEUS,,,,2.505
1339.9,Changes?_ZEUS,,,,,0.054
1350.11,Control_ZEUS,,,,2.184
1350.11,Changes?_ZEUS,,,,,0.06
1360.34,Control_ZEUS,,,,2.454
1360.34,Changes?_ZEUS,,,,,0.107
1370.62,Control_ZEUS,,,,2.372
1370.62,Changes?_ZEUS,,,,,0.054
1380.59,Control_ZEUS,,,,2.445
1380.59,Changes?_ZEUS,,,,,0.254
1390.81,Control_ZEUS,,,,2.514
1390.81,Changes?_ZEUS,,,,,0.07
1400.82,Control_ZEUS,,,,2.273
1400.82,Changes?_ZEUS,,,,,0.053
1411.03,Control_ZEUS,,,,2.196
1411.03,Changes?_ZEUS,,,,,0.052
1421.28,Control_ZEUS,,,,2.377
1421.28,Changes?_ZEUS,,,,,0.069
1431.52,Control_ZEUS,,,,2.48
1431.52,Changes?_ZEUS,,,,,0.076
1441.75,Control_ZEUS,,,,2.502
1441.75,Changes?_ZEUS,,,,,0.054
1452.02,Control_ZEUS,,,,2.527
1452.02,Changes?_ZEUS,,,,,0.073
1462.01,Control_ZEUS,,,,2.562
1462.01,Changes?_ZEUS,,,,,0.051
1472.24,Control_ZEUS,,,,2.467
1472.24,Changes?_ZEUS,,,,,0.058
1482.49,Control_ZEUS,,,,2.493
1482.49,Changes?_ZEUS,,,,,0.39
1492.69,Control_ZEUS,,,,2.437
1492.69,Changes?_ZEUS,,,,,0.07
1502.94,Control_ZEUS,,,,2.752
1502.94,Changes?_ZEUS,,,,,0.053
1512.91,Control_ZEUS,,,,2.414
1512.91,Changes?_ZEUS,,,,,0.055
1523.15,Control_ZEUS,,,,2.295
1523.15,Changes?_ZEUS,,,,,0.097
1533.36,Control_ZEUS,,,,2.192
1533.36,Changes?_ZEUS,,,,,0.077
1543.56,Control_ZEUS,,,,2.324
1543.56,Changes?_ZEUS,,,,,0.054
1553.84,Control_ZEUS,,,,2.63
1553.84,Changes?_ZEUS,,,,,0.055
1563.84,Control_ZEUS,,,,2.488
1563.84,Changes?_ZEUS,,,,,0.061
1574.08,Control_ZEUS,,,,2.36
1574.08,Changes?_ZEUS,,,,,0.053
1584.07,Control_ZEUS,,,,2.402
1584.07,Changes?_ZEUS,,,,,0.055
1594.32,Control_ZEUS,,,,2.496
1594.32,Changes?_ZEUS,,,,,0.076
1604.54,Control_ZEUS,,,,2.351
1604.54,Changes?_ZEUS,,,,,0.066
1614.76,Control_ZEUS,,,,2.333
1614.77,Changes?_ZEUS,,,,,0.057
1625.05,Control_ZEUS,,,,2.536
1625.05,Changes?_ZEUS,,,,,0.085
1635.02,Control_ZEUS,,,,2.385
1635.02,Changes?_ZEUS,,,,,0.056
1645.26,Control_ZEUS,,,,2.497
1645.26,Changes?_ZEUS,,,,,0.086
1655.52,Control_ZEUS,,,,2.534
1655.52,Changes?_ZEUS,,,,,0.056
1665.53,Control_ZEUS,,,,2.266
1665.53,Changes?_ZEUS,,,,,0.052
1675.76,Control_ZEUS,,,,2.436
1675.76,Changes?_ZEUS,,,,,0.07
1685.98,Control_ZEUS,,,,2.637
1685.99,Changes?_ZEUS,,,,,0.089
1696.24,Control_ZEUS,,,,2.636
1696.24,Changes?_ZEUS,,,,,0.227
1706.46,Control_ZEUS,,,,2.393
1706.46,Changes?_ZEUS,,,,,0.054
1716.78,Control_ZEUS,,,,2.333
1716.78,Changes?_ZEUS,,,,,0.058
1726.76,Control_ZEUS,,,,2.333
1726.76,Changes?_ZEUS,,,,,0.059
1736.99,Control_ZEUS,,,,2.281
1736.99,Changes?_ZEUS,,,,,0.081
1747.28,Control_ZEUS,,,,2.399
1747.28,Changes?_ZEUS,,,,,0.106
1757.26,Control_ZEUS,,,,2.49
1757.26,Changes?_ZEUS,,,,,0.059
1767.61,Control_ZEUS,,,,2.575
1767.61,Changes?_ZEUS,,,,,0.075
1777.58,Control_ZEUS,,,,2.368
1777.58,Changes?_ZEUS,,,,,0.056
1787.84,Control_ZEUS,,,,2.398
1787.84,Changes?_ZEUS,,,,,0.051
1797.83,Control_ZEUS,,,,2.375
1797.83,Changes?_ZEUS,,,,,0.076
1808.1,Control_ZEUS,,,,2.441
1808.1,Changes?_ZEUS,,,,,0.078
1818.25,Control_ZEUS,,,,2.913
1818.25,Changes?_ZEUS,,,,,0.088
1828.2,Control_ZEUS,,,,2.297
1828.2,Changes?_ZEUS,,,,,0.08
1838.42,Control_ZEUS,,,,2.329
1838.42,Changes?_ZEUS,,,,,0.055
1848.68,Control_ZEUS,,,,2.453
1848.68,Changes?_ZEUS,,,,,0.076
1858.67,Control_ZEUS,,,,2.337
1858.67,Changes?_ZEUS,,,,,0.07
1868.93,Control_ZEUS,,,,2.621
1868.93,Changes?_ZEUS,,,,,0.072
1878.89,Control_ZEUS,,,,2.259
1878.89,Changes?_ZEUS,,,,,0.056
1889.11,Control_ZEUS,,,,2.446
1889.11,Changes?_ZEUS,,,,,0.052
1899.37,Control_ZEUS,,,,2.523
1899.37,Changes?_ZEUS,,,,,0.058
1909.59,Control_ZEUS,,,,2.453
1909.59,Changes?_ZEUS,,,,,0.052
1919.84,Control_ZEUS,,,,2.47
1919.84,Changes?_ZEUS,,,,,0.076
1929.8,Control_ZEUS,,,,2.251
1929.8,Changes?_ZEUS,,,,,0.053
1940.12,Control_ZEUS,,,,2.566
1940.12,Changes?_ZEUS,,,,,0.079
1950.12,Control_ZEUS,,,,2.516
1950.12,Changes?_ZEUS,,,,,0.076
1960.35,Control_ZEUS,,,,2.197
1960.35,Changes?_ZEUS,,,,,0.074
1970.68,Control_ZEUS,,,,2.533
1970.68,Changes?_ZEUS,,,,,0.063
1980.68,Control_ZEUS,,,,2.505
1980.68,Changes?_ZEUS,,,,,0.053
1990.99,Control_ZEUS,,,,2.769
1990.99,Changes?_ZEUS,,,,,0.084
2000.96,Control_ZEUS,,,,2.368
2000.96,Changes?_ZEUS,,,,,0.075
2011.25,Control_ZEUS,,,,2.685
2011.25,Changes?_ZEUS,,,,,0.097
2021.25,Control_ZEUS,,,,2.739
2021.25,Changes?_ZEUS,,,,,0.078
2031.26,Control_ZEUS,,,,2.404
2031.26,Changes?_ZEUS,,,,,0.066
2041.5,Control_ZEUS,,,,2.572
2041.5,Changes?_ZEUS,,,,,0.051
2051.56,Control_ZEUS,,,,3.218
2051.56,Changes?_ZEUS,,,,,0.075
2061.66,Control_ZEUS,,,,2.736
2061.66,Changes?_ZEUS,,,,,0.08
2071.66,Control_ZEUS,,,,2.372
2071.66,Changes?_ZEUS,,,,,0.076
2081.73,Control_ZEUS,,,,2.863
2081.73,Changes?_ZEUS,,,,,0.078
2091.73,Control_ZEUS,,,,2.449
2091.73,Changes?_ZEUS,,,,,0.075
2101.77,Control_ZEUS,,,,2.567
2101.77,Changes?_ZEUS,,,,,0.076
2111.83,Control_ZEUS,,,,2.815
2111.83,Changes?_ZEUS,,,,,0.071
2121.95,Control_ZEUS,,,,2.827
2121.95,Changes?_ZEUS,,,,,0.078
2131.93,Control_ZEUS,,,,2.324
2131.93,Changes?_ZEUS,,,,,0.075
2141.99,Control_ZEUS,,,,2.528
2141.99,Changes?_ZEUS,,,,,0.078
2152.06,Control_ZEUS,,,,2.872
2152.06,Changes?_ZEUS,,,,,0.082
2162.09,Control_ZEUS,,,,2.625
2162.09,Changes?_ZEUS,,,,,0.085
2172.16,Control_ZEUS,,,,2.768
2172.16,Changes?_ZEUS,,,,,0.088
2182.2,Control_ZEUS,,,,2.726
2182.2,Changes?_ZEUS,,,,,0.089
2192.21,Control_ZEUS,,,,2.373
2192.21,Changes?_ZEUS,,,,,0.066
2202.61,Control_ZEUS,,,,3.085
2202.61,Changes?_ZEUS,,,,,0.086
2212.58,Control_ZEUS,,,,2.283
2212.58,Changes?_ZEUS,,,,,0.079
2222.82,Control_ZEUS,,,,2.477
2222.82,Changes?_ZEUS,,,,,0.079
2233.04,Control_ZEUS,,,,2.439
2233.04,Changes?_ZEUS,,,,,0.055
2243.25,Control_ZEUS,,,,2.428
2243.25,Changes?_ZEUS,,,,,0.073
2253.52,Control_ZEUS,,,,2.381
2253.52,Changes?_ZEUS,,,,,0.054
2263.51,Control_ZEUS,,,,2.483
2263.51,Changes?_ZEUS,,,,,0.074
2273.6,Control_ZEUS,,,,2.619
2273.6,Changes?_ZEUS,,,,,0.082
2283.67,Control_ZEUS,,,,2.711
2283.67,Changes?_ZEUS,,,,,0.068
2293.71,Control_ZEUS,,,,2.49
2293.72,Changes?_ZEUS,,,,,0.053
2303.77,Control_ZEUS,,,,2.644
2303.77,Changes?_ZEUS,,,,,0.082
2313.84,Control_ZEUS,,,,2.39
2313.84,Changes?_ZEUS,,,,,0.268
2323.87,Control_ZEUS,,,,2.333
2323.87,Changes?_ZEUS,,,,,0.058
2333.91,Control_ZEUS,,,,2.421
2333.91,Changes?_ZEUS,,,,,0.08
2343.95,Control_ZEUS,,,,2.416
2343.95,Changes?_ZEUS,,,,,0.061
2353.98,Control_ZEUS,,,,2.486
2353.98,Changes?_ZEUS,,,,,0.057
2364.03,Control_ZEUS,,,,2.461
2364.03,Changes?_ZEUS,,,,,0.077
2374.09,Control_ZEUS,,,,2.478
2374.09,Changes?_ZEUS,,,,,0.066
2384.12,Control_ZEUS,,,,2.551
2384.12,Changes?_ZEUS,,,,,0.073
2394.17,Control_ZEUS,,,,2.566
2394.17,Changes?_ZEUS,,,,,0.075
2404.24,Control_ZEUS,,,,2.346
2404.24,Changes?_ZEUS,,,,,0.075
2414.24,Control_ZEUS,,,,2.171
2414.24,Changes?_ZEUS,,,,,0.089
2424.56,Control_ZEUS,,,,2.715
2424.56,Changes?_ZEUS,,,,,0.079
2434.56,Control_ZEUS,,,,2.517
2434.56,Changes?_ZEUS,,,,,0.069
2444.81,Control_ZEUS,,,,2.467
2444.81,Changes?_ZEUS,,,,,0.07
2454.82,Control_ZEUS,,,,2.324
2454.83,Changes?_ZEUS,,,,,0.079
2464.83,Control_ZEUS,,,,2.276
2464.83,Changes?_ZEUS,,,,,0.077
2475.14,Control_ZEUS,,,,2.566
2475.14,Changes?_ZEUS,,,,,0.081
2485.16,Control_ZEUS,,,,2.346
2485.16,Changes?_ZEUS,,,,,0.077
2495.39,Control_ZEUS,,,,2.312
2495.39,Changes?_ZEUS,,,,,0.064
2505.61,Control_ZEUS,,,,2.275
2505.61,Changes?_ZEUS,,,,,0.055
2515.84,Control_ZEUS,,,,2.643
2515.84,Changes?_ZEUS,,,,,0.055
2526.05,Control_ZEUS,,,,2.175
2526.05,Changes?_ZEUS,,,,,0.052
2536.28,Control_ZEUS,,,,2.507
2536.28,Changes?_ZEUS,,,,,0.053
2546.52,Control_ZEUS,,,,2.246
2546.52,Changes?_ZEUS,,,,,0.076
2556.73,Control_ZEUS,,,,2.34
2556.73,Changes?_ZEUS,,,,,0.124
2566.95,Control_ZEUS,,,,2.482
2566.95,Changes?_ZEUS,,,,,0.077
2577.23,Control_ZEUS,,,,2.441
2577.23,Changes?_ZEUS,,,,,0.052
2587.21,Control_ZEUS,,,,2.411
2587.21,Changes?_ZEUS,,,,,0.055
2597.43,Control_ZEUS,,,,2.518
2597.43,Changes?_ZEUS,,,,,0.08
2607.66,Control_ZEUS,,,,2.414
2607.66,Changes?_ZEUS,,,,,0.054
2617.87,Control_ZEUS,,,,2.454
2617.87,Changes?_ZEUS,,,,,0.055
2628.1,Control_ZEUS,,,,2.429
2628.1,Changes?_ZEUS,,,,,0.063
2638.32,Control_ZEUS,,,,2.442
2638.32,Changes?_ZEUS,,,,,0.061
2648.58,Control_ZEUS,,,,2.56
2648.58,Changes?_ZEUS,,,,,0.098
2658.59,Control_ZEUS,,,,2.44
2658.59,Changes?_ZEUS,,,,,0.089
2668.58,Control_ZEUS,,,,2.483
2668.58,Changes?_ZEUS,,,,,0.058
2678.8,Control_ZEUS,,,,2.363
2678.8,Changes?_ZEUS,,,,,0.093
2689.05,Control_ZEUS,,,,2.298
2689.05,Changes?_ZEUS,,,,,0.08
2699.28,Control_ZEUS,,,,2.326
2699.28,Changes?_ZEUS,,,,,0.051
2709.49,Control_ZEUS,,,,2.327
2709.5,Changes?_ZEUS,,,,,0.075
2719.68,Control_ZEUS,,,,2.343
2719.68,Changes?_ZEUS,,,,,0.06
2729.89,Control_ZEUS,,,,2.327
2729.89,Changes?_ZEUS,,,,,0.056
2740.1,Control_ZEUS,,,,2.217
2740.1,Changes?_ZEUS,,,,,0.079
2750.34,Control_ZEUS,,,,2.457
2750.34,Changes?_ZEUS,,,,,0.053
2760.56,Control_ZEUS,,,,2.438
2760.56,Changes?_ZEUS,,,,,0.072
2770.78,Control_ZEUS,,,,2.333
2770.78,Changes?_ZEUS,,,,,0.052
2780.98,Control_ZEUS,,,,2.287
2780.98,Changes?_ZEUS,,,,,0.051
2791.21,Control_ZEUS,,,,2.343
2791.21,Changes?_ZEUS,,,,,0.051
2801.44,Control_ZEUS,,,,2.315
2801.44,Changes?_ZEUS,,,,,0.053
2811.65,Control_ZEUS,,,,2.365
2811.65,Changes?_ZEUS,,,,,0.113
2821.85,Control_ZEUS,,,,2.242
2821.86,Changes?_ZEUS,,,,,0.054
2832.05,Control_ZEUS,,,,2.36
2832.05,Changes?_ZEUS,,,,,0.078
2842.3,Control_ZEUS,,,,2.476
2842.3,Changes?_ZEUS,,,,,0.051
2852.53,Control_ZEUS,,,,2.333
2852.53,Changes?_ZEUS,,,,,0.077
2862.73,Control_ZEUS,,,,2.302
2862.74,Changes?_ZEUS,,,,,0.076
2872.95,Control_ZEUS,,,,2.414
2872.96,Changes?_ZEUS,,,,,0.084
2883.18,Control_ZEUS,,,,2.36
2883.18,Changes?_ZEUS,,,,,0.053
2893.42,Control_ZEUS,,,,2.217
2893.42,Changes?_ZEUS,,,,,0.073
2903.66,Control_ZEUS,,,,2.209
2903.66,Changes?_ZEUS,,,,,0.061
2913.64,Control_ZEUS,,,,2.234
2913.65,Changes?_ZEUS,,,,,0.055
2923.85,Control_ZEUS,,,,2.367
2923.85,Changes?_ZEUS,,,,,0.084
2934.07,Control_ZEUS,,,,2.33
2934.07,Changes?_ZEUS,,,,,0.078
2944.33,Control_ZEUS,,,,2.498
2944.33,Changes?_ZEUS,,,,,0.055
2954.31,Control_ZEUS,,,,2.506
2954.31,Changes?_ZEUS,,,,,0.077
2964.55,Control_ZEUS,,,,2.367
2964.55,Changes?_ZEUS,,,,,0.058
2974.81,Control_ZEUS,,,,2.333
2974.81,Changes?_ZEUS,,,,,0.074
2985.04,Control_ZEUS,,,,2.363
2985.04,Changes?_ZEUS,,,,,0.056
2995.31,Control_ZEUS,,,,2.384
2995.31,Changes?_ZEUS,,,,,0.077
3005.35,Control_ZEUS,,,,2.38
3005.35,Changes?_ZEUS,,,,,0.065
3015.4,Control_ZEUS,,,,2.478
3015.4,Changes?_ZEUS,,,,,0.094
3025.49,Control_ZEUS,,,,2.529
3025.5,Changes?_ZEUS,,,,,0.08
3035.5,Control_ZEUS,,,,2.479
3035.5,Changes?_ZEUS,,,,,0.055
3045.54,Control_ZEUS,,,,2.425
3045.54,Changes?_ZEUS,,,,,0.067
3056.44,Control_ZEUS,,,,4.342
3056.45,Changes?_ZEUS,,,,,0.089
3065.98,Control_ZEUS,,,,4.354
3065.98,Changes?_ZEUS,,,,,0.084
3075.74,Control_ZEUS,,,,2.542
3075.74,Changes?_ZEUS,,,,,0.067
3085.77,Control_ZEUS,,,,2.585
3085.77,Changes?_ZEUS,,,,,0.068
3095.79,Control_ZEUS,,,,2.509
3095.79,Changes?_ZEUS,,,,,0.082
3105.82,Control_ZEUS,,,,2.637
3105.82,Changes?_ZEUS,,,,,0.086
3115.83,Control_ZEUS,,,,2.531
3115.83,Changes?_ZEUS,,,,,0.075
3126.06,Control_ZEUS,,,,2.397
3126.06,Changes?_ZEUS,,,,,0.088
3136.08,Control_ZEUS,,,,2.241
3136.08,Changes?_ZEUS,,,,,0.079
3146.15,Control_ZEUS,,,,2.856
3146.15,Changes?_ZEUS,,,,,0.078
3156.15,Control_ZEUS,,,,2.755
3156.15,Changes?_ZEUS,,,,,0.082
3166.45,Control_ZEUS,,,,2.436
3166.45,Changes?_ZEUS,,,,,0.051
3176.52,Control_ZEUS,,,,2.829
3176.52,Changes?_ZEUS,,,,,0.09
3186.53,Control_ZEUS,,,,2.633
3186.53,Changes?_ZEUS,,,,,0.147
3196.61,Control_ZEUS,,,,2.771
3196.61,Changes?_ZEUS,,,,,0.066
3206.63,Control_ZEUS,,,,2.525
3206.63,Changes?_ZEUS,,,,,0.098
3216.66,Control_ZEUS,,,,2.338
3216.66,Changes?_ZEUS,,,,,0.16
3226.67,Control_ZEUS,,,,2.371
3226.67,Changes?_ZEUS,,,,,0.075
3236.87,Control_ZEUS,,,,3.61
3236.87,Changes?_ZEUS,,,,,0.168
3246.87,Control_ZEUS,,,,2.269
3246.87,Changes?_ZEUS,,,,,0.077
3256.86,Control_ZEUS,,,,2.233
3256.86,Changes?_ZEUS,,,,,0.074
3266.92,Control_ZEUS,,,,2.507
3266.92,Changes?_ZEUS,,,,,0.074
3276.96,Control_ZEUS,,,,2.421
3276.97,Changes?_ZEUS,,,,,0.076
3287.05,Control_ZEUS,,,,2.478
3287.05,Changes?_ZEUS,,,,,0.057
3297.27,Control_ZEUS,,,,3.416
3297.28,Changes?_ZEUS,,,,,0.096
3307.37,Control_ZEUS,,,,2.923
3307.38,Changes?_ZEUS,,,,,0.39
3317.4,Control_ZEUS,,,,2.718
3317.4,Changes?_ZEUS,,,,,0.079
3327.43,Control_ZEUS,,,,2.736
3327.43,Changes?_ZEUS,,,,,0.11
3337.52,Control_ZEUS,,,,2.65
3337.52,Changes?_ZEUS,,,,,0.071
3347.55,Control_ZEUS,,,,2.69
3347.55,Changes?_ZEUS,,,,,0.08
3357.59,Control_ZEUS,,,,2.589
3357.59,Changes?_ZEUS,,,,,0.067
3367.59,Control_ZEUS,,,,2.438
3367.59,Changes?_ZEUS,,,,,0.077
3377.87,Control_ZEUS,,,,2.516
3377.87,Changes?_ZEUS,,,,,0.081
3388.47,Control_ZEUS,,,,4.271
3388.47,Changes?_ZEUS,,,,,0.084
3397.97,Control_ZEUS,,,,2.62
3397.97,Changes?_ZEUS,,,,,0.077
3408.28,Control_ZEUS,,,,2.725
3408.28,Changes?_ZEUS,,,,,0.072
3418.26,Control_ZEUS,,,,2.333
3418.26,Changes?_ZEUS,,,,,0.062
3428.48,Control_ZEUS,,,,2.422
3428.48,Changes?_ZEUS,,,,,0.08
3438.72,Control_ZEUS,,,,2.431
3438.72,Changes?_ZEUS,,,,,0.099
3448.95,Control_ZEUS,,,,2.477
3448.95,Changes?_ZEUS,,,,,0.075
3459.19,Control_ZEUS,,,,2.506
3459.19,Changes?_ZEUS,,,,,0.088
3469.42,Control_ZEUS,,,,2.258
3469.42,Changes?_ZEUS,,,,,0.08
3479.65,Control_ZEUS,,,,2.406
3479.65,Changes?_ZEUS,,,,,0.053
3489.92,Control_ZEUS,,,,3.245
3489.92,Changes?_ZEUS,,,,,0.066
3499.89,Control_ZEUS,,,,2.543
3499.89,Changes?_ZEUS,,,,,0.063
3510.15,Control_ZEUS,,,,2.835
3510.15,Changes?_ZEUS,,,,,0.071
3520.16,Control_ZEUS,,,,2.649
3520.16,Changes?_ZEUS,,,,,0.079
3530.44,Control_ZEUS,,,,3.741
3530.44,Changes?_ZEUS,,,,,0.098
3540.26,Control_ZEUS,,,,3.287
3540.26,Changes?_ZEUS,,,,,0.088
3550.42,Control_ZEUS,,,,3.235
3550.42,Changes?_ZEUS,,,,,0.175
3560.59,Control_ZEUS,,,,2.958
3560.59,Changes?_ZEUS,,,,,0.091
3570.64,Control_ZEUS,,,,2.706
3570.64,Changes?_ZEUS,,,,,0.052
3580.61,Control_ZEUS,,,,2.397
3580.61,Changes?_ZEUS,,,,,0.052
3590.83,Control_ZEUS,,,,2.245
3590.84,Changes?_ZEUS,,,,,0.055
3601.07,Control_ZEUS,,,,2.616
3601.07,Changes?_ZEUS,,,,,0.069
3611.29,Control_ZEUS,,,,2.367
3611.29,Changes?_ZEUS,,,,,0.059
3621.53,Control_ZEUS,,,,2.44
3621.53,Changes?_ZEUS,,,,,0.054
3631.75,Control_ZEUS,,,,2.651
3631.75,Changes?_ZEUS,,,,,0.079
3641.95,Control_ZEUS,,,,2.465
3641.95,Changes?_ZEUS,,,,,0.074
3652.2,Control_ZEUS,,,,2.673
3652.2,Changes?_ZEUS,,,,,0.05
3662.42,Control_ZEUS,,,,2.334
3662.43,Changes?_ZEUS,,,,,0.051
3672.65,Control_ZEUS,,,,2.255
3672.65,Changes?_ZEUS,,,,,0.049
3682.87,Control_ZEUS,,,,2.473
3682.87,Changes?_ZEUS,,,,,0.083
3693.09,Control_ZEUS,,,,2.325
3693.1,Changes?_ZEUS,,,,,0.062
3703.31,Control_ZEUS,,,,2.31
3703.31,Changes?_ZEUS,,,,,0.054
3713.52,Control_ZEUS,,,,2.188
3713.52,Changes?_ZEUS,,,,,0.059
3723.76,Control_ZEUS,,,,2.343
3723.76,Changes?_ZEUS,,,,,0.086
3733.98,Control_ZEUS,,,,2.303
3733.98,Changes?_ZEUS,,,,,0.054
3744.25,Control_ZEUS,,,,2.433
3744.25,Changes?_ZEUS,,,,,0.062
3754.27,Control_ZEUS,,,,2.899
3754.27,Changes?_ZEUS,,,,,0.065
3764.29,Control_ZEUS,,,,3.212
3764.29,Changes?_ZEUS,,,,,0.099
3774.6,Control_ZEUS,,,,3.513
3774.6,Changes?_ZEUS,,,,,0.055
3784.34,Control_ZEUS,,,,2.673
3784.34,Changes?_ZEUS,,,,,0.063
3794.57,Control_ZEUS,,,,2.421
3794.57,Changes?_ZEUS,,,,,0.052
3804.78,Control_ZEUS,,,,2.302
3804.78,Changes?_ZEUS,,,,,0.052
3815,Control_ZEUS,,,,2.518
3815,Changes?_ZEUS,,,,,0.074
3825.24,Control_ZEUS,,,,2.47
3825.24,Changes?_ZEUS,,,,,0.08
3835.45,Control_ZEUS,,,,2.265
3835.45,Changes?_ZEUS,,,,,0.054
3845.69,Control_ZEUS,,,,2.279
3845.69,Changes?_ZEUS,,,,,0.07
3855.89,Control_ZEUS,,,,2.431
3855.89,Changes?_ZEUS,,,,,0.057
3866.12,Control_ZEUS,,,,2.537
3866.12,Changes?_ZEUS,,,,,0.054
3876.34,Control_ZEUS,,,,2.218
3876.34,Changes?_ZEUS,,,,,0.064
3886.54,Control_ZEUS,,,,2.34
3886.54,Changes?_ZEUS,,,,,0.06
3896.74,Control_ZEUS,,,,2.41
3896.74,Changes?_ZEUS,,,,,0.087
3907.01,Control_ZEUS,,,,2.83
3907.01,Changes?_ZEUS,,,,,0.134
3917.05,Control_ZEUS,,,,3.002
3917.05,Changes?_ZEUS,,,,,0.052
3927.08,Control_ZEUS,,,,2.767
3927.08,Changes?_ZEUS,,,,,0.058
3937.05,Control_ZEUS,,,,2.488
3937.05,Changes?_ZEUS,,,,,0.081
3947.26,Control_ZEUS,,,,2.738
3947.26,Changes?_ZEUS,,,,,0.055
3957.64,Control_ZEUS,,,,2.906
3957.64,Changes?_ZEUS,,,,,0.057
3967.61,Control_ZEUS,,,,2.317
3967.61,Changes?_ZEUS,,,,,0.053
3977.82,Control_ZEUS,,,,2.378
3977.82,Changes?_ZEUS,,,,,0.069
3988.04,Control_ZEUS,,,,2.437
3988.04,Changes?_ZEUS,,,,,0.054
3998.26,Control_ZEUS,,,,2.279
3998.26,Changes?_ZEUS,,,,,0.054
4008.52,Control_ZEUS,,,,2.807
4008.52,Changes?_ZEUS,,,,,0.051
4018.52,Control_ZEUS,,,,2.482
4018.52,Changes?_ZEUS,,,,,0.057
4028.73,Control_ZEUS,,,,2.275
4028.73,Changes?_ZEUS,,,,,0.058
4038.99,Control_ZEUS,,,,2.799
4038.99,Changes?_ZEUS,,,,,0.053
4049.01,Control_ZEUS,,,,2.804
4049.02,Changes?_ZEUS,,,,,0.072
4059.17,Control_ZEUS,,,,3.231
4059.17,Changes?_ZEUS,,,,,0.13
4069.14,Control_ZEUS,,,,2.316
4069.15,Changes?_ZEUS,,,,,0.433
4079.46,Control_ZEUS,,,,3.031
4079.46,Changes?_ZEUS,,,,,0.053
4089.58,Control_ZEUS,,,,3.023
4089.58,Changes?_ZEUS,,,,,0.055
4099.61,Control_ZEUS,,,,2.739
4099.61,Changes?_ZEUS,,,,,0.056
4109.62,Control_ZEUS,,,,2.917
4109.62,Changes?_ZEUS,,,,,0.052
4119.65,Control_ZEUS,,,,2.612
4119.65,Changes?_ZEUS,,,,,0.08
4129.65,Control_ZEUS,,,,2.581
4129.65,Changes?_ZEUS,,,,,0.055
4139.9,Control_ZEUS,,,,3.187
4139.9,Changes?_ZEUS,,,,,0.236
4149.89,Control_ZEUS,,,,2.62
4149.89,Changes?_ZEUS,,,,,0.053
4160.16,Control_ZEUS,,,,2.838
4160.16,Changes?_ZEUS,,,,,0.055
4170.17,Control_ZEUS,,,,2.586
4170.17,Changes?_ZEUS,,,,,0.058
4180.17,Control_ZEUS,,,,2.795
4180.17,Changes?_ZEUS,,,,,0.077
4190.16,Control_ZEUS,,,,2.513
4190.16,Changes?_ZEUS,,,,,0.053
4200.42,Control_ZEUS,,,,2.437
4200.42,Changes?_ZEUS,,,,,0.246
4210.39,Control_ZEUS,,,,2.239
4210.39,Changes?_ZEUS,,,,,0.069
4220.64,Control_ZEUS,,,,2.454
4220.64,Changes?_ZEUS,,,,,0.065
4230.6,Control_ZEUS,,,,2.547
4230.6,Changes?_ZEUS,,,,,0.093
4240.88,Control_ZEUS,,,,2.882
4240.88,Changes?_ZEUS,,,,,0.055
4250.87,Control_ZEUS,,,,2.461
4250.87,Changes?_ZEUS,,,,,0.051
4261.51,Control_ZEUS,,,,3.383
4261.51,Changes?_ZEUS,,,,,0.071
4271.26,Control_ZEUS,,,,2.97
4271.26,Changes?_ZEUS,,,,,0.059
4281.52,Control_ZEUS,,,,3.01
4281.52,Changes?_ZEUS,,,,,0.071
4291.54,Control_ZEUS,,,,2.911
4291.54,Changes?_ZEUS,,,,,0.105
4301.55,Control_ZEUS,,,,2.716
4301.55,Changes?_ZEUS,,,,,0.088
4311.77,Control_ZEUS,,,,2.455
4311.78,Changes?_ZEUS,,,,,0.078
4321.99,Control_ZEUS,,,,2.431
4321.99,Changes?_ZEUS,,,,,0.053
4332.27,Control_ZEUS,,,,2.877
4332.27,Changes?_ZEUS,,,,,0.055
4342.28,Control_ZEUS,,,,2.706
4342.28,Changes?_ZEUS,,,,,0.055
4352.83,Control_ZEUS,,,,3.749
4352.83,Changes?_ZEUS,,,,,0.095
4362.76,Control_ZEUS,,,,3.781
4362.76,Changes?_ZEUS,,,,,0.155
4373.01,Control_ZEUS,,,,3.642
4373.01,Changes?_ZEUS,,,,,0.075
4383.07,Control_ZEUS,,,,3.754
4383.07,Changes?_ZEUS,,,,,0.055
4392.99,Control_ZEUS,,,,3.997
4392.99,Changes?_ZEUS,,,,,0.075
4402.96,Control_ZEUS,,,,2.459
4402.96,Changes?_ZEUS,,,,,0.079
4413.27,Control_ZEUS,,,,2.608
4413.27,Changes?_ZEUS,,,,,0.075
4423.31,Control_ZEUS,,,,3.317
4423.31,Changes?_ZEUS,,,,,0.056
4433.36,Control_ZEUS,,,,2.625
4433.36,Changes?_ZEUS,,,,,0.073
4443.34,Control_ZEUS,,,,2.409
4443.34,Changes?_ZEUS,,,,,0.055
4453.99,Control_ZEUS,,,,4.246
4453.99,Changes?_ZEUS,,,,,0.074
4463.77,Control_ZEUS,,,,2.645
4463.77,Changes?_ZEUS,,,,,0.053
4473.76,Control_ZEUS,,,,2.569
4473.76,Changes?_ZEUS,,,,,0.076
4483.97,Control_ZEUS,,,,2.49
4483.97,Changes?_ZEUS,,,,,0.078
4494.19,Control_ZEUS,,,,2.383
4494.19,Changes?_ZEUS,,,,,0.055
4504.44,Control_ZEUS,,,,2.751
4504.44,Changes?_ZEUS,,,,,0.053
4514.77,Control_ZEUS,,,,3.23
4514.77,Changes?_ZEUS,,,,,0.066
4524.78,Control_ZEUS,,,,2.766
4524.78,Changes?_ZEUS,,,,,0.055
4534.79,Control_ZEUS,,,,2.796
4534.79,Changes?_ZEUS,,,,,0.087
4544.8,Control_ZEUS,,,,2.888
4544.8,Changes?_ZEUS,,,,,0.055
4555.2,Control_ZEUS,,,,2.981
4555.2,Changes?_ZEUS,,,,,0.055
4565.29,Control_ZEUS,,,,3.176
4565.29,Changes?_ZEUS,,,,,0.067
4575.28,Control_ZEUS,,,,2.446
4575.28,Changes?_ZEUS,,,,,0.052
4585.54,Control_ZEUS,,,,2.71
4585.54,Changes?_ZEUS,,,,,0.078
4596.03,Control_ZEUS,,,,5.341
4596.03,Changes?_ZEUS,,,,,0.266
4605.81,Control_ZEUS,,,,2.747
4605.81,Changes?_ZEUS,,,,,0.052
4615.77,Control_ZEUS,,,,2.553
4615.77,Changes?_ZEUS,,,,,0.069
4625.99,Control_ZEUS,,,,2.53
4625.99,Changes?_ZEUS,,,,,0.053
4636.28,Control_ZEUS,,,,2.715
4636.28,Changes?_ZEUS,,,,,0.054
4646.32,Control_ZEUS,,,,2.755
4646.32,Changes?_ZEUS,,,,,0.053
4656.37,Control_ZEUS,,,,2.875
4656.37,Changes?_ZEUS,,,,,0.075
4666.84,Control_ZEUS,,,,5.105
4666.84,Changes?_ZEUS,,,,,0.233
4676.65,Control_ZEUS,,,,2.636
4676.65,Changes?_ZEUS,,,,,0.079
4686.61,Control_ZEUS,,,,2.302
4686.61,Changes?_ZEUS,,,,,0.055
4696.84,Control_ZEUS,,,,2.562
4696.85,Changes?_ZEUS,,,,,0.055
4707.04,Control_ZEUS,,,,2.161
4707.04,Changes?_ZEUS,,,,,0.071
4717.3,Control_ZEUS,,,,3.088
4717.3,Changes?_ZEUS,,,,,0.059
4727.26,Control_ZEUS,,,,2.295
4727.26,Changes?_ZEUS,,,,,0.056
4737.48,Control_ZEUS,,,,2.32
4737.48,Changes?_ZEUS,,,,,0.101
4747.72,Control_ZEUS,,,,2.38
4747.72,Changes?_ZEUS,,,,,0.07
4758.07,Control_ZEUS,,,,3.271
4758.07,Changes?_ZEUS,,,,,0.079
4768.05,Control_ZEUS,,,,2.411
4768.05,Changes?_ZEUS,,,,,0.084
4778.3,Control_ZEUS,,,,2.573
4778.3,Changes?_ZEUS,,,,,0.063
4788.52,Control_ZEUS,,,,2.201
4788.52,Changes?_ZEUS,,,,,0.103
4798.76,Control_ZEUS,,,,2.304
4798.77,Changes?_ZEUS,,,,,0.084
4809.01,Control_ZEUS,,,,2.514
4809.01,Changes?_ZEUS,,,,,0.059
4819.21,Control_ZEUS,,,,2.325
4819.21,Changes?_ZEUS,,,,,0.058
4829.51,Control_ZEUS,,,,2.761
4829.51,Changes?_ZEUS,,,,,0.058
4839.48,Control_ZEUS,,,,2.329
4839.48,Changes?_ZEUS,,,,,0.057
4849.71,Control_ZEUS,,,,2.44
4849.71,Changes?_ZEUS,,,,,0.06
4859.71,Control_ZEUS,,,,2.248
4859.71,Changes?_ZEUS,,,,,0.056
4870.09,Control_ZEUS,,,,2.956
4870.09,Changes?_ZEUS,,,,,0.368
4880.03,Control_ZEUS,,,,2.262
4880.03,Changes?_ZEUS,,,,,0.059
4890.23,Control_ZEUS,,,,2.29
4890.23,Changes?_ZEUS,,,,,0.06
4900.47,Control_ZEUS,,,,2.333
4900.47,Changes?_ZEUS,,,,,0.06
4910.68,Control_ZEUS,,,,2.289
4910.68,Changes?_ZEUS,,,,,0.533
4920.9,Control_ZEUS,,,,2.371
4920.9,Changes?_ZEUS,,,,,0.055
4931.12,Control_ZEUS,,,,2.43
4931.12,Changes?_ZEUS,,,,,0.059
4941.35,Control_ZEUS,,,,2.479
4941.35,Changes?_ZEUS,,,,,0.117
4951.57,Control_ZEUS,,,,2.522
4951.57,Changes?_ZEUS,,,,,0.058
4961.96,Control_ZEUS,,,,3.099
4961.96,Changes?_ZEUS,,,,,0.083
4971.96,Control_ZEUS,,,,2.656
4971.96,Changes?_ZEUS,,,,,0.091
4982.15,Control_ZEUS,,,,2.223
4982.15,Changes?_ZEUS,,,,,0.071
4992.59,Control_ZEUS,,,,2.844
4992.59,Changes?_ZEUS,,,,,0.085
5002.57,Control_ZEUS,,,,2.376
5002.57,Changes?_ZEUS,,,,,0.072
5012.78,Control_ZEUS,,,,2.36
5012.78,Changes?_ZEUS,,,,,0.087
5022.99,Control_ZEUS,,,,2.362
5023,Changes?_ZEUS,,,,,0.061
5033.28,Control_ZEUS,,,,2.934
5033.28,Changes?_ZEUS,,,,,0.056
5043.25,Control_ZEUS,,,,2.309
5043.25,Changes?_ZEUS,,,,,0.06
5053.46,Control_ZEUS,,,,2.317
5053.46,Changes?_ZEUS,,,,,0.059
5063.67,Control_ZEUS,,,,2.388
5063.67,Changes?_ZEUS,,,,,0.061
5073.89,Control_ZEUS,,,,2.379
5073.89,Changes?_ZEUS,,,,,0.055
5084.11,Control_ZEUS,,,,2.402
5084.11,Changes?_ZEUS,,,,,0.082
5094.32,Control_ZEUS,,,,2.257
5094.33,Changes?_ZEUS,,,,,0.055
5104.55,Control_ZEUS,,,,2.295
5104.55,Changes?_ZEUS,,,,,0.056
5114.76,Control_ZEUS,,,,2.247
5114.76,Changes?_ZEUS,,,,,0.072
5124.98,Control_ZEUS,,,,2.301
5124.98,Changes?_ZEUS,,,,,0.068
5135.23,Control_ZEUS,,,,2.564
5135.23,Changes?_ZEUS,,,,,0.087
5145.2,Control_ZEUS,,,,2.355
5145.2,Changes?_ZEUS,,,,,0.06
5155.5,Control_ZEUS,,,,2.545
5155.5,Changes?_ZEUS,,,,,0.059
5165.45,Control_ZEUS,,,,2.342
5165.45,Changes?_ZEUS,,,,,0.085
5175.66,Control_ZEUS,,,,2.461
5175.66,Changes?_ZEUS,,,,,0.093
5185.87,Control_ZEUS,,,,2.397
5185.87,Changes?_ZEUS,,,,,0.061
5196.1,Control_ZEUS,,,,2.338
5196.1,Changes?_ZEUS,,,,,0.066
5206.31,Control_ZEUS,,,,2.376
5206.31,Changes?_ZEUS,,,,,0.055
5216.59,Control_ZEUS,,,,2.643
5216.59,Changes?_ZEUS,,,,,0.062
5226.55,Control_ZEUS,,,,2.346
5226.55,Changes?_ZEUS,,,,,0.115
5236.78,Control_ZEUS,,,,2.49
5236.78,Changes?_ZEUS,,,,,0.058
5247.03,Control_ZEUS,,,,2.765
5247.03,Changes?_ZEUS,,,,,0.065
5257.01,Control_ZEUS,,,,2.633
5257.01,Changes?_ZEUS,,,,,0.071
5267.21,Control_ZEUS,,,,2.314
5267.21,Changes?_ZEUS,,,,,0.072
5277.52,Control_ZEUS,,,,3.188
5277.52,Changes?_ZEUS,,,,,0.061
5287.47,Control_ZEUS,,,,2.171
5287.47,Changes?_ZEUS,,,,,0.055
5297.73,Control_ZEUS,,,,2.442
5297.73,Changes?_ZEUS,,,,,0.086
5307.94,Control_ZEUS,,,,2.44
5307.94,Changes?_ZEUS,,,,,0.068
5318.14,Control_ZEUS,,,,2.418
5318.14,Changes?_ZEUS,,,,,0.099
5328.35,Control_ZEUS,,,,2.417
5328.35,Changes?_ZEUS,,,,,0.055
5338.57,Control_ZEUS,,,,2.26
5338.57,Changes?_ZEUS,,,,,0.078
5348.81,Control_ZEUS,,,,2.29
5348.81,Changes?_ZEUS,,,,,0.095
5359.05,Control_ZEUS,,,,2.526
5359.05,Changes?_ZEUS,,,,,0.081
5369.02,Control_ZEUS,,,,2.302
5369.02,Changes?_ZEUS,,,,,0.061
5379.26,Control_ZEUS,,,,2.429
5379.26,Changes?_ZEUS,,,,,0.058
5389.54,Control_ZEUS,,,,2.523
5389.54,Changes?_ZEUS,,,,,0.13
5399.53,Control_ZEUS,,,,2.359
5399.53,Changes?_ZEUS,,,,,0.082
5409.82,Control_ZEUS,,,,2.366
5409.82,Changes?_ZEUS,,,,,0.075
5419.79,Control_ZEUS,,,,2.335
5419.79,Changes?_ZEUS,,,,,0.087
5430.06,Control_ZEUS,,,,2.336
5430.06,Changes?_ZEUS,,,,,0.1
5440.04,Control_ZEUS,,,,2.402
5440.04,Changes?_ZEUS,,,,,0.066
5450.4,Control_ZEUS,,,,2.615
5450.4,Changes?_ZEUS,,,,,0.109
5460.37,Control_ZEUS,,,,2.376
5460.37,Changes?_ZEUS,,,,,0.053
5470.58,Control_ZEUS,,,,2.292
5470.58,Changes?_ZEUS,,,,,0.079
5480.84,Control_ZEUS,,,,2.511
5480.84,Changes?_ZEUS,,,,,0.092
5490.83,Control_ZEUS,,,,2.639
5490.83,Changes?_ZEUS,,,,,0.087
5501.06,Control_ZEUS,,,,2.489
5501.06,Changes?_ZEUS,,,,,0.057
5511.31,Control_ZEUS,,,,2.421
5511.31,Changes?_ZEUS,,,,,0.079
5521.28,Control_ZEUS,,,,2.214
5521.28,Changes?_ZEUS,,,,,0.072
5531.55,Control_ZEUS,,,,2.296
5531.55,Changes?_ZEUS,,,,,0.1
5541.53,Control_ZEUS,,,,2.195
5541.53,Changes?_ZEUS,,,,,0.109
5551.77,Control_ZEUS,,,,2.361
5551.78,Changes?_ZEUS,,,,,0.081
5561.98,Control_ZEUS,,,,2.294
5561.98,Changes?_ZEUS,,,,,0.081
5572.23,Control_ZEUS,,,,2.431
5572.23,Changes?_ZEUS,,,,,0.088
5582.46,Control_ZEUS,,,,2.277
5582.46,Changes?_ZEUS,,,,,0.055
5592.82,Control_ZEUS,,,,2.612
5592.82,Changes?_ZEUS,,,,,0.097
5602.81,Control_ZEUS,,,,2.406
5602.81,Changes?_ZEUS,,,,,0.054
5613.07,Control_ZEUS,,,,2.383
5613.07,Changes?_ZEUS,,,,,0.076
5623.1,Control_ZEUS,,,,2.376
5623.1,Changes?_ZEUS,,,,,0.077
5633.09,Control_ZEUS,,,,2.293
5633.09,Changes?_ZEUS,,,,,0.076
5643.4,Control_ZEUS,,,,2.357
5643.4,Changes?_ZEUS,,,,,0.069
5653.42,Control_ZEUS,,,,2.363
5653.42,Changes?_ZEUS,,,,,0.08
5663.44,Control_ZEUS,,,,2.268
5663.44,Changes?_ZEUS,,,,,0.082
5673.45,Control_ZEUS,,,,2.235
5673.45,Changes?_ZEUS,,,,,0.077
5683.57,Control_ZEUS,,,,2.687
5683.57,Changes?_ZEUS,,,,,0.068
5693.6,Control_ZEUS,,,,2.456
5693.6,Changes?_ZEUS,,,,,0.081
5703.68,Control_ZEUS,,,,2.463
5703.68,Changes?_ZEUS,,,,,0.078
5713.73,Control_ZEUS,,,,2.457
5713.73,Changes?_ZEUS,,,,,0.074
5723.83,Control_ZEUS,,,,2.894
5723.84,Changes?_ZEUS,,,,,0.084
5733.88,Control_ZEUS,,,,2.443
5733.88,Changes?_ZEUS,,,,,0.087
5743.99,Control_ZEUS,,,,2.659
5743.99,Changes?_ZEUS,,,,,0.095
5753.99,Control_ZEUS,,,,2.352
5753.99,Changes?_ZEUS,,,,,0.077
5764.02,Control_ZEUS,,,,2.495
5764.02,Changes?_ZEUS,,,,,0.059
5774.05,Control_ZEUS,,,,2.548
5774.05,Changes?_ZEUS,,,,,0.08
5784.11,Control_ZEUS,,,,2.559
5784.11,Changes?_ZEUS,,,,,0.089
5794.09,Control_ZEUS,,,,2.283
5794.09,Changes?_ZEUS,,,,,0.079
5804.38,Control_ZEUS,,,,2.334
5804.38,Changes?_ZEUS,,,,,0.075
5814.4,Control_ZEUS,,,,2.232
5814.4,Changes?_ZEUS,,,,,0.08
5824.49,Control_ZEUS,,,,2.333
5824.49,Changes?_ZEUS,,,,,0.108
5834.54,Control_ZEUS,,,,2.658
5834.54,Changes?_ZEUS,,,,,0.081
5844.56,Control_ZEUS,,,,2.307
5844.56,Changes?_ZEUS,,,,,0.069
5854.59,Control_ZEUS,,,,2.512
5854.59,Changes?_ZEUS,,,,,0.067
5864.61,Control_ZEUS,,,,2.321
5864.61,Changes?_ZEUS,,,,,0.088
5874.66,Control_ZEUS,,,,2.427
5874.66,Changes?_ZEUS,,,,,0.085
5884.69,Control_ZEUS,,,,2.413
5884.69,Changes?_ZEUS,,,,,0.072
5894.74,Control_ZEUS,,,,2.529
5894.74,Changes?_ZEUS,,,,,0.056
5904.76,Control_ZEUS,,,,2.171
5904.76,Changes?_ZEUS,,,,,0.069
5914.8,Control_ZEUS,,,,2.451
5914.8,Changes?_ZEUS,,,,,0.06
5924.83,Control_ZEUS,,,,2.418
5924.83,Changes?_ZEUS,,,,,0.086
5934.85,Control_ZEUS,,,,2.285
5934.85,Changes?_ZEUS,,,,,0.066
5944.87,Control_ZEUS,,,,2.352
5944.87,Changes?_ZEUS,,,,,0.054
5954.92,Control_ZEUS,,,,2.397
5954.92,Changes?_ZEUS,,,,,0.092
5964.93,Control_ZEUS,,,,2.363
5964.93,Changes?_ZEUS,,,,,0.076
5974.98,Control_ZEUS,,,,2.326
5974.98,Changes?_ZEUS,,,,,0.076
5985,Control_ZEUS,,,,2.38
5985,Changes?_ZEUS,,,,,0.055
5994.99,Control_ZEUS,,,,2.397
5994.99,Changes?_ZEUS,,,,,0.057
6005.29,Control_ZEUS,,,,2.523
6005.29,Changes?_ZEUS,,,,,0.068
6015.29,Control_ZEUS,,,,2.407
6015.29,Changes?_ZEUS,,,,,0.07
6025.3,Control_ZEUS,,,,2.408
6025.3,Changes?_ZEUS,,,,,0.06
6035.34,Control_ZEUS,,,,2.855
6035.35,Changes?_ZEUS,,,,,0.102
6045.58,Control_ZEUS,,,,3.199
6045.58,Changes?_ZEUS,,,,,0.084
6055.58,Control_ZEUS,,,,2.301
6055.58,Changes?_ZEUS,,,,,0.085
6065.63,Control_ZEUS,,,,2.436
6065.63,Changes?_ZEUS,,,,,0.087
6075.61,Control_ZEUS,,,,2.527
6075.62,Changes?_ZEUS,,,,,0.09
6085.89,Control_ZEUS,,,,2.571
6085.89,Changes?_ZEUS,,,,,0.078
6095.89,Control_ZEUS,,,,2.757
6095.89,Changes?_ZEUS,,,,,0.085
6106.21,Control_ZEUS,,,,3.239
6106.21,Changes?_ZEUS,,,,,0.073
6116.66,Control_ZEUS,,,,3.323
6116.66,Changes?_ZEUS,,,,,0.205
6126.63,Control_ZEUS,,,,4.15
6126.63,Changes?_ZEUS,,,,,0.087
6136.59,Control_ZEUS,,,,4.3
6136.59,Changes?_ZEUS,,,,,0.094
6146.87,Control_ZEUS,,,,3.992
6146.87,Changes?_ZEUS,,,,,0.358
6156.6,Control_ZEUS,,,,2.548
6156.6,Changes?_ZEUS,,,,,0.078
6166.84,Control_ZEUS,,,,2.342
6166.84,Changes?_ZEUS,,,,,0.057
6177.49,Control_ZEUS,,,,4.096
6177.49,Changes?_ZEUS,,,,,0.074
6187.5,Control_ZEUS,,,,3.859
6187.5,Changes?_ZEUS,,,,,0.086
6197.22,Control_ZEUS,,,,2.472
6197.22,Changes?_ZEUS,,,,,0.058
6207.53,Control_ZEUS,,,,2.765
6207.53,Changes?_ZEUS,,,,,0.089
6217.56,Control_ZEUS,,,,2.744
6217.56,Changes?_ZEUS,,,,,0.082
6227.56,Control_ZEUS,,,,2.392
6227.56,Changes?_ZEUS,,,,,0.083
6237.88,Control_ZEUS,,,,3.065
6237.88,Changes?_ZEUS,,,,,0.062
6247.86,Control_ZEUS,,,,2.498
6247.86,Changes?_ZEUS,,,,,0.056
6258.15,Control_ZEUS,,,,2.65
6258.15,Changes?_ZEUS,,,,,0.059
6268.17,Control_ZEUS,,,,2.53
6268.17,Changes?_ZEUS,,,,,0.058
6278.18,Control_ZEUS,,,,2.691
6278.18,Changes?_ZEUS,,,,,0.076
6288.21,Control_ZEUS,,,,2.576
6288.21,Changes?_ZEUS,,,,,0.08
6298.21,Control_ZEUS,,,,2.318
6298.21,Changes?_ZEUS,,,,,0.061
6308.42,Control_ZEUS,,,,2.154
6308.43,Changes?_ZEUS,,,,,0.309
6318.65,Control_ZEUS,,,,2.297
6318.65,Changes?_ZEUS,,,,,0.077
6328.9,Control_ZEUS,,,,2.493
6328.9,Changes?_ZEUS,,,,,0.084
6338.97,Control_ZEUS,,,,2.536
6338.97,Changes?_ZEUS,,,,,0.083
6349,Control_ZEUS,,,,2.311
6349,Changes?_ZEUS,,,,,0.066
6359.04,Control_ZEUS,,,,2.383
6359.04,Changes?_ZEUS,,,,,0.081
6369.05,Control_ZEUS,,,,2.46
6369.05,Changes?_ZEUS,,,,,0.092
6379.05,Control_ZEUS,,,,2.415
6379.05,Changes?_ZEUS,,,,,0.071
6389.07,Control_ZEUS,,,,2.392
6389.07,Changes?_ZEUS,,,,,0.068
6399.08,Control_ZEUS,,,,2.333
6399.08,Changes?_ZEUS,,,,,0.087
6409.11,Control_ZEUS,,,,2.265
6409.11,Changes?_ZEUS,,,,,0.094
6419.23,Control_ZEUS,,,,2.782
6419.23,Changes?_ZEUS,,,,,0.093
6429.26,Control_ZEUS,,,,2.609
6429.26,Changes?_ZEUS,,,,,0.083
6439.27,Control_ZEUS,,,,2.723
6439.27,Changes?_ZEUS,,,,,0.084
6449.3,Control_ZEUS,,,,2.413
6449.3,Changes?_ZEUS,,,,,0.157
6459.33,Control_ZEUS,,,,2.481
6459.34,Changes?_ZEUS,,,,,0.069
6469.41,Control_ZEUS,,,,2.701
6469.41,Changes?_ZEUS,,,,,0.147
6479.44,Control_ZEUS,,,,2.563
6479.44,Changes?_ZEUS,,,,,0.083
6489.53,Control_ZEUS,,,,2.751
6489.53,Changes?_ZEUS,,,,,0.124
6499.57,Control_ZEUS,,,,2.594
6499.57,Changes?_ZEUS,,,,,0.123
6509.63,Control_ZEUS,,,,2.526
6509.63,Changes?_ZEUS,,,,,0.09
6519.8,Control_ZEUS,,,,3.47
6519.8,Changes?_ZEUS,,,,,0.077
6529.87,Control_ZEUS,,,,2.522
6529.87,Changes?_ZEUS,,,,,0.606
6540.17,Control_ZEUS,,,,3.61
6540.17,Changes?_ZEUS,,,,,0.165
6550.09,Control_ZEUS,,,,3.547
6550.09,Changes?_ZEUS,,,,,0.178
6560.58,Control_ZEUS,,,,3.936
6560.58,Changes?_ZEUS,,,,,0.088
6570.41,Control_ZEUS,,,,3.479
6570.41,Changes?_ZEUS,,,,,0.137
6580.46,Control_ZEUS,,,,3.149
6580.46,Changes?_ZEUS,,,,,0.182
6590.55,Control_ZEUS,,,,2.917
6590.55,Changes?_ZEUS,,,,,0.069
6600.64,Control_ZEUS,,,,3.423
6600.64,Changes?_ZEUS,,,,,0.066
6610.77,Control_ZEUS,,,,3.184
6610.77,Changes?_ZEUS,,,,,0.079
6620.87,Control_ZEUS,,,,3.142
6620.87,Changes?_ZEUS,,,,,0.222
6630.96,Control_ZEUS,,,,2.914
6630.96,Changes?_ZEUS,,,,,0.121
6641.05,Control_ZEUS,,,,2.758
6641.05,Changes?_ZEUS,,,,,0.093
6651.48,Control_ZEUS,,,,4.368
6651.49,Changes?_ZEUS,,,,,0.082
6661.45,Control_ZEUS,,,,3.047
6661.46,Changes?_ZEUS,,,,,0.129
6671.67,Control_ZEUS,,,,3.333
6671.67,Changes?_ZEUS,,,,,0.07
6681.78,Control_ZEUS,,,,3.222
6681.78,Changes?_ZEUS,,,,,0.054
6691.83,Control_ZEUS,,,,3.226
6691.83,Changes?_ZEUS,,,,,0.056
6701.94,Control_ZEUS,,,,2.949
6701.94,Changes?_ZEUS,,,,,0.075
6712.01,Control_ZEUS,,,,3.123
6712.01,Changes?_ZEUS,,,,,0.062
6722.08,Control_ZEUS,,,,3.131
6722.08,Changes?_ZEUS,,,,,0.118
6732.14,Control_ZEUS,,,,3.145
6732.14,Changes?_ZEUS,,,,,0.06
6742.23,Control_ZEUS,,,,3.099
6742.23,Changes?_ZEUS,,,,,0.069
6752.38,Control_ZEUS,,,,3.256
6752.38,Changes?_ZEUS,,,,,0.408
6762.48,Control_ZEUS,,,,3.333
6762.49,Changes?_ZEUS,,,,,0.085
6772.55,Control_ZEUS,,,,3.055
6772.55,Changes?_ZEUS,,,,,0.126
6782.75,Control_ZEUS,,,,2.991
6782.75,Changes?_ZEUS,,,,,0.082
6792.83,Control_ZEUS,,,,3.302
6792.83,Changes?_ZEUS,,,,,0.148
6802.86,Control_ZEUS,,,,2.6
6802.86,Changes?_ZEUS,,,,,0.121
6813.05,Control_ZEUS,,,,3.587
6813.06,Changes?_ZEUS,,,,,0.18
6823.08,Control_ZEUS,,,,2.808
6823.08,Changes?_ZEUS,,,,,0.106
6833.35,Control_ZEUS,,,,3.366
6833.35,Changes?_ZEUS,,,,,0.187
6843.38,Control_ZEUS,,,,3.102
6843.38,Changes?_ZEUS,,,,,0.086
6853.18,Control_ZEUS,,,,2.592
6853.18,Changes?_ZEUS,,,,,0.128
6863.2,Control_ZEUS,,,,2.603
6863.2,Changes?_ZEUS,,,,,0.056
6873.44,Control_ZEUS,,,,3.212
6873.44,Changes?_ZEUS,,,,,0.124
6883.78,Control_ZEUS,,,,4.286
6883.78,Changes?_ZEUS,,,,,0.088
6893.77,Control_ZEUS,,,,3.349
6893.77,Changes?_ZEUS,,,,,0.08
6903.55,Control_ZEUS,,,,2.649
6903.55,Changes?_ZEUS,,,,,0.084
6914.12,Control_ZEUS,,,,5.614
6914.12,Changes?_ZEUS,,,,,0.588
6923.83,Control_ZEUS,,,,3.662
6923.83,Changes?_ZEUS,,,,,0.086
6934.16,Control_ZEUS,,,,4.376
6934.16,Changes?_ZEUS,,,,,0.1
6944.03,Control_ZEUS,,,,2.936
6944.03,Changes?_ZEUS,,,,,0.088
6954.32,Control_ZEUS,,,,3.608
6954.32,Changes?_ZEUS,,,,,0.091
6964.23,Control_ZEUS,,,,4.205
6964.23,Changes?_ZEUS,,,,,0.057
6974.33,Control_ZEUS,,,,2.871
6974.33,Changes?_ZEUS,,,,,0.08
6984.42,Control_ZEUS,,,,3.504
6984.42,Changes?_ZEUS,,,,,0.058
6994.47,Control_ZEUS,,,,2.818
6994.47,Changes?_ZEUS,,,,,0.119
7004.58,Control_ZEUS,,,,3.043
7004.58,Changes?_ZEUS,,,,,0.091
7014.82,Control_ZEUS,,,,3.446
7014.82,Changes?_ZEUS,,,,,0.053
7024.99,Control_ZEUS,,,,3.693
7024.99,Changes?_ZEUS,,,,,0.145
7035.51,Control_ZEUS,,,,3.206
7035.51,Changes?_ZEUS,,,,,0.083
7045.17,Control_ZEUS,,,,3.023
7045.17,Changes?_ZEUS,,,,,0.105
7055.28,Control_ZEUS,,,,2.626
7055.28,Changes?_ZEUS,,,,,0.071
7065.37,Control_ZEUS,,,,2.811
7065.37,Changes?_ZEUS,,,,,0.142
7075.57,Control_ZEUS,,,,2.863
7075.57,Changes?_ZEUS,,,,,0.07
7085.63,Control_ZEUS,,,,2.685
7085.63,Changes?_ZEUS,,,,,0.109
7095.76,Control_ZEUS,,,,2.768
7095.76,Changes?_ZEUS,,,,,0.086
7105.89,Control_ZEUS,,,,3.175
7105.89,Changes?_ZEUS,,,,,0.119
7116.02,Control_ZEUS,,,,2.957
7116.02,Changes?_ZEUS,,,,,0.108
7126.09,Control_ZEUS,,,,2.837
7126.09,Changes?_ZEUS,,,,,0.082
7136.21,Control_ZEUS,,,,2.893
7136.21,Changes?_ZEUS,,,,,0.164
7146.32,Control_ZEUS,,,,2.736
7146.32,Changes?_ZEUS,,,,,0.336
7156.48,Control_ZEUS,,,,2.667
7156.48,Changes?_ZEUS,,,,,0.192
7166.65,Control_ZEUS,,,,2.855
7166.65,Changes?_ZEUS,,,,,0.075
7176.79,Control_ZEUS,,,,2.685
7176.79,Changes?_ZEUS,,,,,0.121
7186.87,Control_ZEUS,,,,2.659
7186.87,Changes?_ZEUS,,,,,0.08
7196.96,Control_ZEUS,,,,2.83
7196.96,Changes?_ZEUS,,,,,0.333
7207.12,Control_ZEUS,,,,3.19
7207.12,Changes?_ZEUS,,,,,0.08
7217.24,Control_ZEUS,,,,2.987
7217.25,Changes?_ZEUS,,,,,0.137
7227.54,Control_ZEUS,,,,3.437
7227.54,Changes?_ZEUS,,,,,0.119
7237.47,Control_ZEUS,,,,2.898
7237.47,Changes?_ZEUS,,,,,0.119
7247.62,Control_ZEUS,,,,2.98
7247.62,Changes?_ZEUS,,,,,0.084
7257.78,Control_ZEUS,,,,3.026
7257.79,Changes?_ZEUS,,,,,0.17
7268.05,Control_ZEUS,,,,2.871
7268.05,Changes?_ZEUS,,,,,0.168
7277.86,Control_ZEUS,,,,2.931
7277.86,Changes?_ZEUS,,,,,0.076
7288.12,Control_ZEUS,,,,2.917
7288.12,Changes?_ZEUS,,,,,0.132
7298.3,Control_ZEUS,,,,4.02
7298.3,Changes?_ZEUS,,,,,0.077
7308.27,Control_ZEUS,,,,2.876
7308.27,Changes?_ZEUS,,,,,0.089
7318.44,Control_ZEUS,,,,2.981
7318.44,Changes?_ZEUS,,,,,0.082
7328.65,Control_ZEUS,,,,2.73
7328.65,Changes?_ZEUS,,,,,0.077
7338.81,Control_ZEUS,,,,3.017
7338.81,Changes?_ZEUS,,,,,0.079
7348.89,Control_ZEUS,,,,2.923
7348.89,Changes?_ZEUS,,,,,0.063
7358.99,Control_ZEUS,,,,2.59
7358.99,Changes?_ZEUS,,,,,0.085
7369.08,Control_ZEUS,,,,2.776
7369.08,Changes?_ZEUS,,,,,0.056
7379.21,Control_ZEUS,,,,2.817
7379.22,Changes?_ZEUS,,,,,0.069
7389.37,Control_ZEUS,,,,2.981
7389.38,Changes?_ZEUS,,,,,0.09
7399.67,Control_ZEUS,,,,3.054
7399.67,Changes?_ZEUS,,,,,0.144
7409.55,Control_ZEUS,,,,3.021
7409.55,Changes?_ZEUS,,,,,0.079
7419.72,Control_ZEUS,,,,2.808
7419.72,Changes?_ZEUS,,,,,0.115
7429.91,Control_ZEUS,,,,3.283
7429.91,Changes?_ZEUS,,,,,0.062
7440,Control_ZEUS,,,,2.754
7440.01,Changes?_ZEUS,,,,,0.082
7450.3,Control_ZEUS,,,,3.18
7450.3,Changes?_ZEUS,,,,,0.09
7460.2,Control_ZEUS,,,,2.752
7460.2,Changes?_ZEUS,,,,,0.07
7470.33,Control_ZEUS,,,,3.117
7470.33,Changes?_ZEUS,,,,,0.081
7480.49,Control_ZEUS,,,,2.889
7480.49,Changes?_ZEUS,,,,,0.057
7490.55,Control_ZEUS,,,,2.675
7490.55,Changes?_ZEUS,,,,,0.072
7500.66,Control_ZEUS,,,,2.835
7500.66,Changes?_ZEUS,,,,,0.147
7510.75,Control_ZEUS,,,,2.648
7510.75,Changes?_ZEUS,,,,,0.078
7520.87,Control_ZEUS,,,,3.036
7520.87,Changes?_ZEUS,,,,,0.11
7530.99,Control_ZEUS,,,,2.89
7530.99,Changes?_ZEUS,,,,,0.076
7541.11,Control_ZEUS,,,,3.194
7541.11,Changes?_ZEUS,,,,,0.058
7551.18,Control_ZEUS,,,,2.776
7551.19,Changes?_ZEUS,,,,,0.134
7561.26,Control_ZEUS,,,,2.801
7561.26,Changes?_ZEUS,,,,,0.073
7571.36,Control_ZEUS,,,,2.71
7571.36,Changes?_ZEUS,,,,,0.06
7581.5,Control_ZEUS,,,,2.848
7581.51,Changes?_ZEUS,,,,,0.068
7591.63,Control_ZEUS,,,,2.872
7591.63,Changes?_ZEUS,,,,,0.141
7602.03,Control_ZEUS,,,,3.329
7602.03,Changes?_ZEUS,,,,,0.109
7612.05,Control_ZEUS,,,,3.097
7612.05,Changes?_ZEUS,,,,,0.127
7622.24,Control_ZEUS,,,,3.29
7622.24,Changes?_ZEUS,,,,,0.089
7632.24,Control_ZEUS,,,,2.716
7632.24,Changes?_ZEUS,,,,,0.159
7642.7,Control_ZEUS,,,,3.206
7642.7,Changes?_ZEUS,,,,,0.083
7652.57,Control_ZEUS,,,,2.87
7652.57,Changes?_ZEUS,,,,,0.101
7664.07,Control_ZEUS,,,,4.154
7664.07,Changes?_ZEUS,,,,,0.101
7673.25,Control_ZEUS,,,,3.359
7673.25,Changes?_ZEUS,,,,,0.081
7683.05,Control_ZEUS,,,,2.929
7683.05,Changes?_ZEUS,,,,,0.094
7693.06,Control_ZEUS,,,,2.716
7693.06,Changes?_ZEUS,,,,,0.055
7703.05,Control_ZEUS,,,,2.769
7703.05,Changes?_ZEUS,,,,,0.057
7713.31,Control_ZEUS,,,,2.636
7713.31,Changes?_ZEUS,,,,,0.083
7723.31,Control_ZEUS,,,,2.808
7723.32,Changes?_ZEUS,,,,,0.055
7733.35,Control_ZEUS,,,,2.616
7733.35,Changes?_ZEUS,,,,,0.157
7743.39,Control_ZEUS,,,,2.53
7743.39,Changes?_ZEUS,,,,,0.114
7753.4,Control_ZEUS,,,,2.53
7753.41,Changes?_ZEUS,,,,,0.117
7763.48,Control_ZEUS,,,,3.015
7763.48,Changes?_ZEUS,,,,,0.307
7773.54,Control_ZEUS,,,,2.843
7773.54,Changes?_ZEUS,,,,,0.074
7783.7,Control_ZEUS,,,,3.04
7783.71,Changes?_ZEUS,,,,,0.089
7793.79,Control_ZEUS,,,,2.913
7793.79,Changes?_ZEUS,,,,,0.456
7803.88,Control_ZEUS,,,,3.038
7803.88,Changes?_ZEUS,,,,,0.081
7814.06,Control_ZEUS,,,,2.749
7814.06,Changes?_ZEUS,,,,,0.06
7824.17,Control_ZEUS,,,,2.95
7824.17,Changes?_ZEUS,,,,,0.083
7834.19,Control_ZEUS,,,,2.45
7834.19,Changes?_ZEUS,,,,,0.078
7844.24,Control_ZEUS,,,,2.995
7844.24,Changes?_ZEUS,,,,,0.059
7854.29,Control_ZEUS,,,,3.247
7854.29,Changes?_ZEUS,,,,,0.077
7864.3,Control_ZEUS,,,,2.55
7864.3,Changes?_ZEUS,,,,,0.071
7874.37,Control_ZEUS,,,,2.974
7874.37,Changes?_ZEUS,,,,,0.079
7884.37,Control_ZEUS,,,,2.664
7884.37,Changes?_ZEUS,,,,,0.074
7894.41,Control_ZEUS,,,,2.963
7894.41,Changes?_ZEUS,,,,,0.092
7904.46,Control_ZEUS,,,,2.987
7904.46,Changes?_ZEUS,,,,,0.087
7914.51,Control_ZEUS,,,,2.85
7914.51,Changes?_ZEUS,,,,,0.068
7924.53,Control_ZEUS,,,,2.654
7924.53,Changes?_ZEUS,,,,,0.072
7934.62,Control_ZEUS,,,,3.125
7934.62,Changes?_ZEUS,,,,,0.403
7944.77,Control_ZEUS,,,,2.98
7944.77,Changes?_ZEUS,,,,,0.106
7954.81,Control_ZEUS,,,,2.879
7954.81,Changes?_ZEUS,,,,,0.089
7964.95,Control_ZEUS,,,,3.072
7964.95,Changes?_ZEUS,,,,,0.087
7974.99,Control_ZEUS,,,,2.475
7974.99,Changes?_ZEUS,,,,,0.089
7985.06,Control_ZEUS,,,,2.869
7985.07,Changes?_ZEUS,,,,,0.081
7995.17,Control_ZEUS,,,,2.963
7995.18,Changes?_ZEUS,,,,,0.156
8005.34,Control_ZEUS,,,,3.357
8005.34,Changes?_ZEUS,,,,,0.295
8015.39,Control_ZEUS,,,,2.856
8015.39,Changes?_ZEUS,,,,,0.107
8025.45,Control_ZEUS,,,,2.861
8025.45,Changes?_ZEUS,,,,,0.09
8035.57,Control_ZEUS,,,,3.065
8035.57,Changes?_ZEUS,,,,,0.097
8045.66,Control_ZEUS,,,,2.848
8045.66,Changes?_ZEUS,,,,,0.086
8055.81,Control_ZEUS,,,,3.088
8055.81,Changes?_ZEUS,,,,,0.093
8066,Control_ZEUS,,,,3.101
8066,Changes?_ZEUS,,,,,0.079
8076.14,Control_ZEUS,,,,2.633
8076.14,Changes?_ZEUS,,,,,0.136
8086.28,Control_ZEUS,,,,2.781
8086.28,Changes?_ZEUS,,,,,0.088
8096.35,Control_ZEUS,,,,3.087
8096.35,Changes?_ZEUS,,,,,0.079
8106.41,Control_ZEUS,,,,2.996
8106.41,Changes?_ZEUS,,,,,0.075
8116.5,Control_ZEUS,,,,2.56
8116.5,Changes?_ZEUS,,,,,0.062
8126.59,Control_ZEUS,,,,2.95
8126.59,Changes?_ZEUS,,,,,0.066
8136.74,Control_ZEUS,,,,3.278
8136.74,Changes?_ZEUS,,,,,0.098
8146.84,Control_ZEUS,,,,2.859
8146.84,Changes?_ZEUS,,,,,0.071
8156.94,Control_ZEUS,,,,2.814
8156.94,Changes?_ZEUS,,,,,0.082
8167.04,Control_ZEUS,,,,2.799
8167.04,Changes?_ZEUS,,,,,0.099
8177.1,Control_ZEUS,,,,2.695
8177.1,Changes?_ZEUS,,,,,0.082
8187.21,Control_ZEUS,,,,3.289
8187.21,Changes?_ZEUS,,,,,0.114
8197.37,Control_ZEUS,,,,3.239
8197.37,Changes?_ZEUS,,,,,0.098
8207.44,Control_ZEUS,,,,2.689
8207.44,Changes?_ZEUS,,,,,0.078
8217.56,Control_ZEUS,,,,3.034
8217.57,Changes?_ZEUS,,,,,0.065
8227.62,Control_ZEUS,,,,2.714
8227.62,Changes?_ZEUS,,,,,0.088
8237.72,Control_ZEUS,,,,2.69
8237.72,Changes?_ZEUS,,,,,0.055
8247.81,Control_ZEUS,,,,2.717
8247.81,Changes?_ZEUS,,,,,0.086
8257.89,Control_ZEUS,,,,2.433
8257.89,Changes?_ZEUS,,,,,0.063
8268.02,Control_ZEUS,,,,3.162
8268.02,Changes?_ZEUS,,,,,0.092
8278.15,Control_ZEUS,,,,3.302
8278.15,Changes?_ZEUS,,,,,0.09
8288.21,Control_ZEUS,,,,2.786
8288.21,Changes?_ZEUS,,,,,0.064
8298.41,Control_ZEUS,,,,2.832
8298.41,Changes?_ZEUS,,,,,0.071
8308.59,Control_ZEUS,,,,3.393
8308.59,Changes?_ZEUS,,,,,0.081
8318.64,Control_ZEUS,,,,2.623
8318.65,Changes?_ZEUS,,,,,0.492
8328.72,Control_ZEUS,,,,2.793
8328.72,Changes?_ZEUS,,,,,0.066
8338.81,Control_ZEUS,,,,2.82
8338.81,Changes?_ZEUS,,,,,0.082
8348.98,Control_ZEUS,,,,3.27
8348.98,Changes?_ZEUS,,,,,0.075
8359.31,Control_ZEUS,,,,2.892
8359.31,Changes?_ZEUS,,,,,0.111
8369.15,Control_ZEUS,,,,2.761
8369.15,Changes?_ZEUS,,,,,0.065
8379.19,Control_ZEUS,,,,2.403
8379.2,Changes?_ZEUS,,,,,0.097
8389.25,Control_ZEUS,,,,2.696
8389.25,Changes?_ZEUS,,,,,0.11
8399.32,Control_ZEUS,,,,2.889
8399.32,Changes?_ZEUS,,,,,0.091
8409.37,Control_ZEUS,,,,2.877
8409.37,Changes?_ZEUS,,,,,0.091
8419.41,Control_ZEUS,,,,2.731
8419.41,Changes?_ZEUS,,,,,0.074
8429.47,Control_ZEUS,,,,3.07
8429.47,Changes?_ZEUS,,,,,0.233
8439.56,Control_ZEUS,,,,2.819
8439.56,Changes?_ZEUS,,,,,0.141
8449.63,Control_ZEUS,,,,2.694
8449.63,Changes?_ZEUS,,,,,0.08
8459.69,Control_ZEUS,,,,2.903
8459.69,Changes?_ZEUS,,,,,0.079
8469.8,Control_ZEUS,,,,2.701
8469.8,Changes?_ZEUS,,,,,0.079
8479.9,Control_ZEUS,,,,2.726
8479.9,Changes?_ZEUS,,,,,0.087
8489.95,Control_ZEUS,,,,2.765
8489.95,Changes?_ZEUS,,,,,0.057
8500.22,Control_ZEUS,,,,3.078
8500.22,Changes?_ZEUS,,,,,0.112
8510.07,Control_ZEUS,,,,2.867
8510.07,Changes?_ZEUS,,,,,0.081
8520.16,Control_ZEUS,,,,3.336
8520.17,Changes?_ZEUS,,,,,0.115
8530.19,Control_ZEUS,,,,2.43
8530.19,Changes?_ZEUS,,,,,0.082
8540.26,Control_ZEUS,,,,3.076
8540.26,Changes?_ZEUS,,,,,0.072
8550.39,Control_ZEUS,,,,2.85
8550.4,Changes?_ZEUS,,,,,0.191
8560.53,Control_ZEUS,,,,2.793
8560.53,Changes?_ZEUS,,,,,0.099
8570.62,Control_ZEUS,,,,3.095
8570.63,Changes?_ZEUS,,,,,0.133
8580.72,Control_ZEUS,,,,2.74
8580.72,Changes?_ZEUS,,,,,0.091
8590.93,Control_ZEUS,,,,3.344
8590.93,Changes?_ZEUS,,,,,0.087
8601.04,Control_ZEUS,,,,2.866
8601.04,Changes?_ZEUS,,,,,0.079
8611.14,Control_ZEUS,,,,2.713
8611.14,Changes?_ZEUS,,,,,0.085
8621.3,Control_ZEUS,,,,3.008
8621.3,Changes?_ZEUS,,,,,0.118
8631.36,Control_ZEUS,,,,2.912
8631.36,Changes?_ZEUS,,,,,0.087
8641.41,Control_ZEUS,,,,2.651
8641.42,Changes?_ZEUS,,,,,0.115
8651.54,Control_ZEUS,,,,2.987
8651.54,Changes?_ZEUS,,,,,0.057
8661.71,Control_ZEUS,,,,3.24
8661.71,Changes?_ZEUS,,,,,0.095
8671.8,Control_ZEUS,,,,2.873
8671.8,Changes?_ZEUS,,,,,0.098
8681.85,Control_ZEUS,,,,2.77
8681.85,Changes?_ZEUS,,,,,0.082
8692.01,Control_ZEUS,,,,3.016
8692.02,Changes?_ZEUS,,,,,0.134
8702.09,Control_ZEUS,,,,2.602
8702.09,Changes?_ZEUS,,,,,0.085
8712.18,Control_ZEUS,,,,3.2
8712.18,Changes?_ZEUS,,,,,0.122
8722.22,Control_ZEUS,,,,2.541
8722.22,Changes?_ZEUS,,,,,0.079
8732.31,Control_ZEUS,,,,2.794
8732.31,Changes?_ZEUS,,,,,0.079
8742.44,Control_ZEUS,,,,3.486
8742.44,Changes?_ZEUS,,,,,0.085
8752.5,Control_ZEUS,,,,2.628
8752.5,Changes?_ZEUS,,,,,0.141
8762.71,Control_ZEUS,,,,3.505
8762.71,Changes?_ZEUS,,,,,0.084
8772.86,Control_ZEUS,,,,2.726
8772.86,Changes?_ZEUS,,,,,0.117
8782.97,Control_ZEUS,,,,2.762
8782.97,Changes?_ZEUS,,,,,0.069
8793.17,Control_ZEUS,,,,2.924
8793.17,Changes?_ZEUS,,,,,0.084
8803.24,Control_ZEUS,,,,2.645
8803.24,Changes?_ZEUS,,,,,0.055
8813.42,Control_ZEUS,,,,3.038
8813.42,Changes?_ZEUS,,,,,0.119
8823.58,Control_ZEUS,,,,3.24
8823.58,Changes?_ZEUS,,,,,0.084
8833.62,Control_ZEUS,,,,2.842
8833.62,Changes?_ZEUS,,,,,0.101
8843.76,Control_ZEUS,,,,2.703
8843.76,Changes?_ZEUS,,,,,0.084
8853.9,Control_ZEUS,,,,2.749
8853.9,Changes?_ZEUS,,,,,0.209
8863.96,Control_ZEUS,,,,2.664
8863.96,Changes?_ZEUS,,,,,0.113
8874.01,Control_ZEUS,,,,2.702
8874.01,Changes?_ZEUS,,,,,0.061
8884.13,Control_ZEUS,,,,2.602
8884.13,Changes?_ZEUS,,,,,0.07
8894.2,Control_ZEUS,,,,2.646
8894.21,Changes?_ZEUS,,,,,0.145
8904.42,Control_ZEUS,,,,3.314
8904.43,Changes?_ZEUS,,,,,0.087
8914.47,Control_ZEUS,,,,2.568
8914.47,Changes?_ZEUS,,,,,0.08
8924.58,Control_ZEUS,,,,2.844
8924.58,Changes?_ZEUS,,,,,0.054
8934.66,Control_ZEUS,,,,2.886
8934.66,Changes?_ZEUS,,,,,0.449
8944.78,Control_ZEUS,,,,2.767
8944.78,Changes?_ZEUS,,,,,0.081
8954.87,Control_ZEUS,,,,2.574
8954.87,Changes?_ZEUS,,,,,0.073
8965.04,Control_ZEUS,,,,3.349
8965.04,Changes?_ZEUS,,,,,0.091
8975.11,Control_ZEUS,,,,2.965
8975.11,Changes?_ZEUS,,,,,0.366
8985.23,Control_ZEUS,,,,2.745
8985.23,Changes?_ZEUS,,,,,0.091
8995.35,Control_ZEUS,,,,2.836
8995.35,Changes?_ZEUS,,,,,0.091
9005.4,Control_ZEUS,,,,2.784
9005.4,Changes?_ZEUS,,,,,0.14
9015.48,Control_ZEUS,,,,3.092
9015.48,Changes?_ZEUS,,,,,0.082
9025.56,Control_ZEUS,,,,2.861
9025.56,Changes?_ZEUS,,,,,0.096
9035.66,Control_ZEUS,,,,3.037
9035.66,Changes?_ZEUS,,,,,0.122
9045.75,Control_ZEUS,,,,2.528
9045.75,Changes?_ZEUS,,,,,0.081
9055.89,Control_ZEUS,,,,2.786
9055.89,Changes?_ZEUS,,,,,0.088
9065.99,Control_ZEUS,,,,2.659
9065.99,Changes?_ZEUS,,,,,0.091
9076.16,Control_ZEUS,,,,2.713
9076.16,Changes?_ZEUS,,,,,0.068
9086.28,Control_ZEUS,,,,2.819
9086.28,Changes?_ZEUS,,,,,0.092
9096.42,Control_ZEUS,,,,2.831
9096.42,Changes?_ZEUS,,,,,0.09
9106.59,Control_ZEUS,,,,3.156
9106.59,Changes?_ZEUS,,,,,0.063
9116.68,Control_ZEUS,,,,2.801
9116.68,Changes?_ZEUS,,,,,0.108
9126.83,Control_ZEUS,,,,2.795
9126.83,Changes?_ZEUS,,,,,0.069
9136.92,Control_ZEUS,,,,2.696
9136.92,Changes?_ZEUS,,,,,0.24
9147.06,Control_ZEUS,,,,3.041
9147.06,Changes?_ZEUS,,,,,0.076
9157.18,Control_ZEUS,,,,2.8
9157.18,Changes?_ZEUS,,,,,0.083
9167.25,Control_ZEUS,,,,2.566
9167.26,Changes?_ZEUS,,,,,0.126
9177.47,Control_ZEUS,,,,3.036
9177.47,Changes?_ZEUS,,,,,0.056
9187.64,Control_ZEUS,,,,2.942
9187.64,Changes?_ZEUS,,,,,0.07
9198.25,Control_ZEUS,,,,3.042
9198.25,Changes?_ZEUS,,,,,0.084
9207.84,Control_ZEUS,,,,2.814
9207.84,Changes?_ZEUS,,,,,0.093
9217.94,Control_ZEUS,,,,2.86
9217.94,Changes?_ZEUS,,,,,0.131
9228.05,Control_ZEUS,,,,2.708
9228.05,Changes?_ZEUS,,,,,0.076
9238.21,Control_ZEUS,,,,2.661
9238.22,Changes?_ZEUS,,,,,0.16
9248.3,Control_ZEUS,,,,2.746
9248.3,Changes?_ZEUS,,,,,0.077
9258.39,Control_ZEUS,,,,2.724
9258.4,Changes?_ZEUS,,,,,0.122
9268.5,Control_ZEUS,,,,2.772
9268.5,Changes?_ZEUS,,,,,0.096
9278.62,Control_ZEUS,,,,2.774
9278.62,Changes?_ZEUS,,,,,0.067
9288.69,Control_ZEUS,,,,2.61
9288.69,Changes?_ZEUS,,,,,0.079
9299.01,Control_ZEUS,,,,3.067
9299.01,Changes?_ZEUS,,,,,0.112
9308.87,Control_ZEUS,,,,2.732
9308.87,Changes?_ZEUS,,,,,0.053
9319.03,Control_ZEUS,,,,2.977
9319.03,Changes?_ZEUS,,,,,0.115
9329.16,Control_ZEUS,,,,2.881
9329.16,Changes?_ZEUS,,,,,0.068
9339.25,Control_ZEUS,,,,2.717
9339.26,Changes?_ZEUS,,,,,0.15
9349.42,Control_ZEUS,,,,3.303
9349.42,Changes?_ZEUS,,,,,0.124
9359.48,Control_ZEUS,,,,2.785
9359.48,Changes?_ZEUS,,,,,0.08
9369.61,Control_ZEUS,,,,2.849
9369.61,Changes?_ZEUS,,,,,0.145
9380.12,Control_ZEUS,,,,3.168
9380.12,Changes?_ZEUS,,,,,0.071
9389.89,Control_ZEUS,,,,2.836
9389.89,Changes?_ZEUS,,,,,0.078
9399.7,Control_ZEUS,,,,2.851
9399.71,Changes?_ZEUS,,,,,0.128
9409.93,Control_ZEUS,,,,3.234
9409.93,Changes?_ZEUS,,,,,0.108
9420.13,Control_ZEUS,,,,3.158
9420.13,Changes?_ZEUS,,,,,0.146
9430.5,Control_ZEUS,,,,3.342
9430.5,Changes?_ZEUS,,,,,0.076
9440.51,Control_ZEUS,,,,3.306
9440.51,Changes?_ZEUS,,,,,0.123
9450.77,Control_ZEUS,,,,3.421
9450.77,Changes?_ZEUS,,,,,0.092
9460.33,Control_ZEUS,,,,3.091
9460.33,Changes?_ZEUS,,,,,0.258
9470.36,Control_ZEUS,,,,2.949
9470.36,Changes?_ZEUS,,,,,0.081
9480.42,Control_ZEUS,,,,3.039
9480.43,Changes?_ZEUS,,,,,0.065
9490.48,Control_ZEUS,,,,2.699
9490.48,Changes?_ZEUS,,,,,0.09
9500.53,Control_ZEUS,,,,3.097
9500.53,Changes?_ZEUS,,,,,0.082
9510.59,Control_ZEUS,,,,2.979
9510.59,Changes?_ZEUS,,,,,0.072
9520.65,Control_ZEUS,,,,2.712
9520.65,Changes?_ZEUS,,,,,0.158
9530.85,Control_ZEUS,,,,3.484
9530.85,Changes?_ZEUS,,,,,0.094
9540.94,Control_ZEUS,,,,2.864
9540.94,Changes?_ZEUS,,,,,0.078
9551.01,Control_ZEUS,,,,2.683
9551.01,Changes?_ZEUS,,,,,0.085
9561.06,Control_ZEUS,,,,3.04
9561.06,Changes?_ZEUS,,,,,0.056
9571.11,Control_ZEUS,,,,2.957
9571.11,Changes?_ZEUS,,,,,0.068
9581.17,Control_ZEUS,,,,2.864
9581.18,Changes?_ZEUS,,,,,0.162
9591.27,Control_ZEUS,,,,3.016
9591.27,Changes?_ZEUS,,,,,0.112
9601.3,Control_ZEUS,,,,2.826
9601.3,Changes?_ZEUS,,,,,0.075
9611.33,Control_ZEUS,,,,2.771
9611.33,Changes?_ZEUS,,,,,0.055
9621.41,Control_ZEUS,,,,2.767
9621.41,Changes?_ZEUS,,,,,0.116
9631.49,Control_ZEUS,,,,2.803
9631.49,Changes?_ZEUS,,,,,0.079
9641.57,Control_ZEUS,,,,2.817
9641.58,Changes?_ZEUS,,,,,0.165
9651.65,Control_ZEUS,,,,2.865
9651.65,Changes?_ZEUS,,,,,0.135
9661.69,Control_ZEUS,,,,2.688
9661.69,Changes?_ZEUS,,,,,0.057
9672.19,Control_ZEUS,,,,3.474
9672.19,Changes?_ZEUS,,,,,0.173
9682.02,Control_ZEUS,,,,2.486
9682.02,Changes?_ZEUS,,,,,0.079
9692.17,Control_ZEUS,,,,3.309
9692.17,Changes?_ZEUS,,,,,0.276
9702.26,Control_ZEUS,,,,2.714
9702.26,Changes?_ZEUS,,,,,0.064
9712.32,Control_ZEUS,,,,2.73
9712.32,Changes?_ZEUS,,,,,0.125
9722.38,Control_ZEUS,,,,2.822
9722.38,Changes?_ZEUS,,,,,0.079
9732.47,Control_ZEUS,,,,2.761
9732.47,Changes?_ZEUS,,,,,0.056
9742.55,Control_ZEUS,,,,2.614
9742.55,Changes?_ZEUS,,,,,0.148
9752.66,Control_ZEUS,,,,3.013
9752.67,Changes?_ZEUS,,,,,0.071
9762.81,Control_ZEUS,,,,2.89
9762.81,Changes?_ZEUS,,,,,0.083
9772.89,Control_ZEUS,,,,2.74
9772.89,Changes?_ZEUS,,,,,0.115
9782.97,Control_ZEUS,,,,2.692
9782.97,Changes?_ZEUS,,,,,0.082
9793.02,Control_ZEUS,,,,2.828
9793.03,Changes?_ZEUS,,,,,0.07
9803.08,Control_ZEUS,,,,2.993
9803.08,Changes?_ZEUS,,,,,0.066
9813.16,Control_ZEUS,,,,2.883
9813.16,Changes?_ZEUS,,,,,0.155
9823.24,Control_ZEUS,,,,3.047
9823.24,Changes?_ZEUS,,,,,0.088
9833.28,Control_ZEUS,,,,2.711
9833.28,Changes?_ZEUS,,,,,0.091
9843.43,Control_ZEUS,,,,3.198
9843.44,Changes?_ZEUS,,,,,0.151
9853.51,Control_ZEUS,,,,2.872
9853.51,Changes?_ZEUS,,,,,0.08
9863.56,Control_ZEUS,,,,2.572
9863.56,Changes?_ZEUS,,,,,0.076
9873.62,Control_ZEUS,,,,2.373
9873.62,Changes?_ZEUS,,,,,0.069
9883.72,Control_ZEUS,,,,3.074
9883.72,Changes?_ZEUS,,,,,0.101
9893.86,Control_ZEUS,,,,2.509
9893.86,Changes?_ZEUS,,,,,0.079
9903.96,Control_ZEUS,,,,3.027
9903.96,Changes?_ZEUS,,,,,0.081
9914.03,Control_ZEUS,,,,2.762
9914.03,Changes?_ZEUS,,,,,0.109
9924.16,Control_ZEUS,,,,2.639
9924.16,Changes?_ZEUS,,,,,0.086
9934.97,Control_ZEUS,,,,4.995
9934.98,Changes?_ZEUS,,,,,0.816
9944.23,Control_ZEUS,,,,2.582
9944.23,Changes?_ZEUS,,,,,0.125
9954.44,Control_ZEUS,,,,2.262
9954.45,Changes?_ZEUS,,,,,0.147
9964.83,Control_ZEUS,,,,2.848
9964.83,Changes?_ZEUS,,,,,0.091
9974.87,Control_ZEUS,,,,2.818
9974.87,Changes?_ZEUS,,,,,0.11
9984.99,Control_ZEUS,,,,3.147
9984.99,Changes?_ZEUS,,,,,0.163
9995.01,Control_ZEUS,,,,2.533
9995.01,Changes?_ZEUS,,,,,0.313
10005,Control_ZEUS,,,,2.318
10005,Changes?_ZEUS,,,,,0.069
10015.1,Control_ZEUS,,,,3.188
10015.1,Changes?_ZEUS,,,,,0.08
10025.2,Control_ZEUS,,,,2.71
10025.2,Changes?_ZEUS,,,,,0.113
10035.2,Control_ZEUS,,,,2.408
10035.2,Changes?_ZEUS,,,,,0.079
10045.2,Control_ZEUS,,,,2.304
10045.2,Changes?_ZEUS,,,,,0.088
10055.2,Control_ZEUS,,,,2.34
10055.2,Changes?_ZEUS,,,,,0.076
10065.5,Control_ZEUS,,,,3.019
10065.5,Changes?_ZEUS,,,,,0.069
10075.5,Control_ZEUS,,,,2.47
10075.5,Changes?_ZEUS,,,,,0.082
10085.6,Control_ZEUS,,,,2.909
10085.6,Changes?_ZEUS,,,,,0.077
10095.6,Control_ZEUS,,,,2.637
10095.6,Changes?_ZEUS,,,,,0.078
10105.9,Control_ZEUS,,,,2.783
10105.9,Changes?_ZEUS,,,,,0.092
10116,Control_ZEUS,,,,2.788
10116,Changes?_ZEUS,,,,,0.084
10125.8,Control_ZEUS,,,,2.502
10125.8,Changes?_ZEUS,,,,,0.061
10135.8,Control_ZEUS,,,,2.405
10135.8,Changes?_ZEUS,,,,,0.117
10146,Control_ZEUS,,,,2.441
10146,Changes?_ZEUS,,,,,0.071
